Measurement,Elapsed_Time,Temperature_C,CPU_Usage_Total_%,CPU0_%,CPU1_%,CPU2_%,CPU3_%,CPU_Freq_MHz,RAM_Used_MB,RAM_Available_MB,Thread_Count
1,00:00:00,62.32,100.0,0.0,0.0,0.0,0.0,1800.0,2493.2,4987.9,806
2,00:00:01,62.81,66.0,74.3,58.9,75.0,57.0,1800.0,2502.9,4975.7,809
3,00:00:02,62.81,42.4,39.4,38.5,56.9,36.2,1800.0,2508.5,4970.6,807
4,00:00:03,63.78,51.9,46.8,42.1,73.0,45.9,1800.0,2509.9,4969.2,807
5,00:00:04,62.32,35.4,42.0,33.9,32.1,32.1,1800.0,2508.7,4972.3,807
6,00:00:05,62.81,34.9,41.5,21.9,33.3,40.7,1800.0,2509.1,4972.3,807
7,00:00:06,62.32,33.0,39.6,32.7,29.9,28.3,1800.0,2490.4,4984.7,786
8,00:00:07,63.3,27.7,23.7,31.6,26.3,30.0,1800.0,2492.3,4987.2,782
9,00:00:08,62.32,26.6,24.5,26.8,30.9,24.0,1800.0,2492.7,4989.1,782
10,00:00:09,61.84,27.6,24.5,33.0,24.8,28.2,1800.0,2492.3,4991.1,782
11,00:00:10,62.32,34.9,36.3,37.9,34.5,32.5,1800.0,2490.8,4986.5,781
12,00:00:11,62.81,67.0,69.7,67.0,65.7,65.4,1800.0,2493.7,4988.6,783
13,00:00:12,61.84,60.0,62.6,60.2,63.7,53.0,1800.0,2503.0,4981.7,784
14,00:00:13,61.84,62.0,65.3,59.4,58.8,63.4,1800.0,2514.9,4966.8,806
15,00:00:14,64.27,92.0,90.8,92.1,94.0,93.1,1800.0,2524.9,4950.9,807
16,00:00:15,63.3,58.2,62.5,58.3,54.8,57.7,1800.0,2513.6,4972.9,808
17,00:00:16,63.3,52.4,56.7,50.5,50.0,51.5,1800.0,2516.9,5005.2,804
18,00:00:17,64.76,93.3,91.3,95.3,92.4,92.3,1800.0,2014.4,5432.0,638
19,00:00:18,64.27,55.0,54.5,51.5,55.0,58.8,1800.0,1765.9,5789.9,555
20,00:00:19,64.27,24.4,20.7,22.9,30.7,20.8,1800.0,1763.8,5799.9,554
21,00:00:20,62.81,28.2,33.7,29.0,25.5,27.0,1800.0,1761.0,5803.1,557
22,00:00:21,63.78,29.1,27.3,29.7,30.7,27.1,1800.0,1760.2,5806.6,553
23,00:00:22,63.78,36.8,34.4,37.0,33.3,43.3,1800.0,1756.7,5810.1,553
24,00:00:23,63.3,47.1,50.0,42.6,47.0,48.5,1800.0,1725.7,5841.1,553
25,00:00:24,62.81,35.2,34.3,37.8,32.3,35.6,1800.0,1714.2,5856.4,553
26,00:00:25,62.32,29.9,29.6,28.9,37.4,24.7,1800.0,1716.6,5856.2,556
27,00:00:27,63.78,28.5,33.0,22.7,31.7,25.5,1800.0,1715.1,5858.7,553
28,00:00:28,61.84,26.3,29.7,24.2,27.7,24.2,1800.0,1718.5,5858.0,553
29,00:00:29,62.32,28.8,32.3,28.0,30.6,24.2,1800.0,1717.9,5858.6,553
30,00:00:30,63.3,29.5,36.6,27.3,30.4,24.2,1800.0,1716.7,5859.8,553
31,00:00:31,61.84,32.3,31.4,31.1,33.3,32.7,1800.0,1717.9,5858.5,556
32,00:00:32,63.3,45.6,48.5,47.7,42.2,45.4,1800.0,1718.1,5858.3,553
33,00:00:33,62.32,53.7,56.5,50.0,54.5,53.3,1800.0,1712.5,5864.0,553
34,00:00:34,63.3,31.4,32.5,26.3,25.2,37.8,1800.0,1712.3,5864.2,550
35,00:00:35,62.32,26.3,27.8,24.0,29.0,26.0,1800.0,1711.9,5864.6,550
36,00:00:36,61.84,25.7,33.3,26.5,19.6,25.0,1800.0,1713.9,5862.6,553
37,00:00:37,61.35,27.2,25.3,25.3,34.3,23.0,1800.0,1713.6,5862.9,550
38,00:00:38,61.84,23.1,25.8,23.5,22.1,19.2,1800.0,1713.1,5863.4,550
39,00:00:39,62.81,27.9,30.0,29.3,34.0,21.6,1800.0,1712.4,5864.1,550
40,00:00:40,61.84,24.7,20.4,21.4,23.7,31.4,1800.0,1713.5,5863.0,550
41,00:00:41,61.84,23.4,30.6,25.3,16.5,21.9,1800.0,1713.5,5863.0,553
42,00:00:42,61.35,28.4,31.3,27.5,29.3,25.0,1800.0,1714.6,5862.5,550
43,00:00:43,61.35,26.9,31.6,22.4,29.0,24.2,1800.0,1714.6,5862.4,550
44,00:00:44,60.86,15.2,16.5,16.8,14.9,12.9,1800.0,1714.5,5862.0,550
45,00:00:45,62.32,39.3,43.3,39.8,39.4,34.7,1800.0,1715.6,5861.0,550
46,00:00:46,61.35,32.4,32.7,39.4,30.2,27.1,1800.0,1718.1,5858.4,553
47,00:00:47,61.84,29.4,25.0,32.4,31.0,28.0,1800.0,1717.1,5859.9,550
48,00:00:48,61.35,22.9,22.9,21.2,23.7,24.0,1800.0,1717.0,5860.1,550
49,00:00:49,61.84,27.5,28.4,27.0,24.2,30.3,1800.0,1716.5,5860.6,550
50,00:00:50,60.86,27.0,31.3,23.5,23.8,28.7,1800.0,1717.0,5860.1,550
51,00:00:51,61.84,46.3,51.6,46.4,41.7,44.4,1800.0,1719.3,5857.1,553
52,00:00:52,62.32,31.8,30.9,33.0,35.0,29.3,1800.0,1718.2,5858.2,550
53,00:00:53,61.84,27.0,28.4,22.4,27.8,28.6,1800.0,1718.2,5858.4,551
54,00:00:54,61.84,29.3,32.0,21.1,30.3,33.3,1800.0,1719.0,5858.0,550
55,00:00:55,60.86,30.3,32.3,29.1,32.0,28.3,1800.0,1722.2,5854.8,550
56,00:00:56,61.35,31.1,33.3,30.8,27.5,33.0,1800.0,1723.0,5854.0,553
57,00:00:57,61.35,31.8,33.0,33.7,29.0,34.3,1800.0,1722.9,5854.2,550
58,00:00:58,62.32,30.0,33.7,30.0,25.0,30.7,1800.0,1723.4,5853.6,550
59,00:00:59,61.84,33.7,40.2,34.3,29.1,29.7,1800.0,1725.5,5851.6,550
60,00:01:00,61.84,41.9,52.3,39.2,40.7,36.8,1800.0,1727.5,5849.6,553
61,00:01:01,61.35,40.7,42.9,34.6,51.0,34.5,1800.0,1727.6,5849.4,550
62,00:01:02,61.84,34.7,40.6,30.6,36.0,29.7,1800.0,1727.5,5849.5,550
63,00:01:03,60.86,26.0,24.2,23.0,28.7,30.2,1800.0,1727.5,5849.5,550
64,00:01:04,61.84,28.9,29.2,29.3,30.7,26.5,1800.0,1728.0,5849.0,550
65,00:01:05,61.84,27.6,25.3,30.9,22.7,29.9,1800.0,1728.4,5848.6,553
66,00:01:06,60.86,26.7,24.7,26.0,31.2,25.5,1800.0,1729.3,5847.7,550
67,00:01:07,60.86,26.6,28.6,25.5,28.0,25.3,1800.0,1729.3,5847.7,550
68,00:01:08,60.37,25.1,26.5,27.0,21.0,24.2,1800.0,1729.0,5848.0,550
69,00:01:10,61.84,30.7,29.9,30.3,40.2,23.2,1800.0,1731.9,5844.2,550
70,00:01:11,60.86,32.9,33.0,32.0,32.3,34.6,1800.0,1733.0,5843.0,552
71,00:01:12,61.84,28.3,30.2,24.2,33.3,24.2,1800.0,1732.3,5843.7,548
72,00:01:13,61.84,27.7,28.1,31.3,26.3,25.3,1800.0,1731.9,5844.1,548
73,00:01:14,60.86,24.6,27.0,24.2,26.0,21.4,1800.0,1731.9,5844.2,548
74,00:01:15,61.84,29.2,32.3,27.0,25.3,31.7,1800.0,1732.6,5843.5,548
75,00:01:16,60.86,26.4,29.5,20.0,28.0,28.7,1800.0,1734.6,5841.4,551
76,00:01:17,61.35,26.1,29.9,31.1,20.0,22.5,1800.0,1735.2,5840.8,548
77,00:01:18,61.84,27.5,30.9,25.3,27.7,27.3,1800.0,1734.4,5841.6,548
78,00:01:19,60.37,28.4,34.0,24.0,32.0,23.2,1800.0,1735.3,5840.5,548
79,00:01:20,60.86,25.2,30.3,20.8,23.7,24.5,1800.0,1734.3,5841.5,548
80,00:01:21,60.86,28.0,31.6,20.6,30.1,31.6,1800.0,1735.8,5840.0,551
81,00:01:22,60.86,27.6,28.0,27.0,27.8,26.8,1800.0,1735.9,5839.9,548
82,00:01:23,62.32,42.7,45.5,42.4,45.1,39.4,1800.0,1737.1,5838.7,548
83,00:01:24,61.84,45.1,48.5,40.6,45.2,44.1,1800.0,1728.8,5846.9,548
84,00:01:25,61.35,26.9,24.7,29.5,27.5,26.3,1800.0,1728.9,5846.8,548
85,00:01:26,61.35,29.0,30.3,34.0,24.2,27.1,1800.0,1729.1,5846.7,551
86,00:01:27,60.86,28.3,26.3,30.4,30.8,24.0,1800.0,1729.0,5846.8,548
87,00:01:28,62.32,32.2,35.2,31.1,35.2,28.4,1800.0,1727.8,5847.9,548
88,00:01:29,60.86,31.3,30.4,32.4,33.0,28.2,1800.0,1727.5,5848.3,548
89,00:01:30,60.86,33.6,38.3,37.3,29.2,28.2,1800.0,1727.3,5848.5,548
90,00:01:31,60.86,32.4,33.9,33.0,35.0,28.2,1800.0,1727.5,5848.3,551
91,00:01:32,61.35,27.3,30.2,24.2,32.7,22.4,1800.0,1723.8,5852.0,548
92,00:01:33,60.37,27.1,28.6,29.6,30.8,20.6,1800.0,1724.7,5851.1,550
93,00:01:34,61.35,24.3,20.9,27.5,24.7,22.1,1800.0,1725.7,5850.1,550
94,00:01:35,60.86,33.8,38.3,34.6,32.0,29.3,1800.0,1729.1,5846.7,553
95,00:01:36,60.86,32.5,30.9,31.0,37.6,30.0,1800.0,1736.6,5839.2,550
96,00:01:37,60.86,30.6,27.6,31.3,24.2,40.0,1800.0,1736.1,5839.6,550
97,00:01:38,60.86,34.0,33.0,42.9,29.0,30.6,1800.0,1735.4,5840.3,550
98,00:01:39,60.37,35.6,36.1,40.4,32.4,34.3,1800.0,1735.5,5840.2,550
99,00:01:40,61.84,30.5,30.2,31.3,33.7,24.5,1800.0,1735.6,5840.2,553
100,00:01:41,60.86,28.2,25.3,25.5,27.0,36.4,1800.0,1738.2,5837.5,550
101,00:01:42,61.84,34.6,40.0,29.3,32.3,37.0,1800.0,1733.0,5842.0,550
102,00:01:43,60.86,27.9,27.1,32.7,27.0,24.2,1800.0,1732.3,5842.5,550
103,00:01:44,60.37,25.3,22.1,26.0,26.0,25.3,1800.0,1733.3,5841.4,550
104,00:01:45,60.86,34.0,39.4,32.0,35.0,31.0,1800.0,1734.1,5841.7,552
105,00:01:46,61.35,26.3,32.0,27.3,25.7,21.8,1800.0,1734.0,5841.8,549
106,00:01:48,60.86,26.0,33.0,22.2,23.7,25.2,1800.0,1734.3,5841.5,549
107,00:01:49,60.37,26.8,27.0,23.2,34.3,22.9,1800.0,1734.3,5841.5,549
108,00:01:50,61.35,26.3,27.8,24.5,25.3,27.0,1800.0,1733.9,5841.9,549
109,00:01:51,60.86,30.9,33.0,25.3,31.4,32.7,1800.0,1734.1,5841.7,551
110,00:01:52,60.86,25.5,26.5,27.5,26.3,22.9,1800.0,1733.7,5842.1,547
111,00:01:53,60.37,23.5,25.0,25.5,21.4,21.4,1800.0,1732.6,5843.1,547
112,00:01:54,60.86,29.6,29.2,26.7,35.0,27.2,1800.0,1732.2,5843.6,547
113,00:01:55,59.89,26.4,27.0,30.1,25.5,22.0,1800.0,1731.7,5844.1,547
114,00:01:56,60.37,26.9,33.0,21.4,29.0,26.0,1800.0,1733.0,5842.8,550
115,00:01:57,60.86,30.2,28.4,30.6,27.5,32.7,1800.0,1732.2,5843.5,547
116,00:01:58,60.37,32.3,32.4,33.9,32.0,31.6,1800.0,1731.9,5843.9,547
117,00:01:59,60.86,32.4,39.5,26.7,34.9,26.5,1800.0,1732.4,5843.4,547
118,00:02:00,60.37,27.1,29.0,24.2,29.4,26.0,1800.0,1733.0,5842.8,547
119,00:02:01,60.37,26.6,25.3,29.0,26.0,25.7,1800.0,1734.6,5841.2,550
120,00:02:02,60.37,23.2,24.2,24.2,19.8,23.5,1800.0,1734.6,5841.1,547
121,00:02:03,61.35,24.2,22.1,28.9,23.7,23.5,1800.0,1734.4,5841.4,547
122,00:02:04,59.89,27.4,28.4,30.3,29.7,21.6,1800.0,1734.2,5841.6,547
123,00:02:05,60.37,25.3,25.3,24.5,22.2,27.7,1800.0,1734.5,5841.3,547
124,00:02:06,60.37,26.7,25.5,27.7,27.6,26.0,1800.0,1735.0,5840.7,550
125,00:02:07,61.35,24.3,28.4,21.2,26.0,23.2,1800.0,1734.2,5841.5,547
126,00:02:08,60.86,24.7,28.0,26.5,23.0,21.2,1800.0,1734.4,5841.4,547
127,00:02:09,59.89,28.1,32.3,28.0,26.3,24.7,1800.0,1735.0,5840.8,547
128,00:02:10,60.37,24.1,27.3,24.2,20.2,24.2,1800.0,1736.3,5837.5,547
129,00:02:11,60.86,29.9,38.5,29.3,24.5,26.8,1800.0,1737.0,5837.0,550
130,00:02:12,60.86,24.7,29.0,27.5,22.7,20.2,1800.0,1737.5,5836.3,547
131,00:02:13,60.86,26.1,27.8,22.0,26.3,28.3,1800.0,1737.1,5836.7,547
132,00:02:14,60.37,29.5,29.0,32.0,25.0,31.1,1800.0,1736.0,5837.8,548
133,00:02:15,60.37,25.6,28.4,27.0,24.2,22.8,1800.0,1736.1,5837.6,548
134,00:02:16,60.37,26.6,35.6,20.8,22.7,27.5,1800.0,1736.7,5837.1,551
135,00:02:17,60.86,25.5,30.0,21.6,26.2,25.5,1800.0,1735.5,5838.2,548
136,00:02:18,60.37,23.7,25.3,23.5,24.5,20.6,1800.0,1736.0,5837.8,548
137,00:02:19,60.37,27.7,28.6,26.0,29.1,26.0,1800.0,1735.7,5838.1,548
138,00:02:20,60.37,31.5,38.6,32.7,29.3,28.0,1800.0,1735.5,5838.3,551
139,00:02:21,60.86,26.8,26.8,28.7,26.3,23.8,1800.0,1736.2,5837.6,548
140,00:02:22,61.35,24.1,23.7,25.2,24.0,22.0,1800.0,1735.6,5838.2,548
141,00:02:23,60.86,27.2,30.0,29.1,26.2,25.0,1800.0,1731.2,5842.6,548
142,00:02:24,60.37,33.5,34.7,32.3,31.7,36.6,1800.0,1733.1,5840.6,548
143,00:02:25,61.35,35.1,32.7,34.3,38.0,33.3,1800.0,1735.2,5838.5,551
144,00:02:26,60.37,32.8,34.5,36.1,28.7,32.0,1800.0,1736.4,5837.4,548
145,00:02:27,60.86,34.0,38.6,26.9,31.5,38.6,1800.0,1739.4,5834.4,548
146,00:02:28,59.89,21.1,21.5,25.5,17.3,19.2,1800.0,1738.9,5834.9,548
147,00:02:29,61.35,22.9,29.9,16.8,25.7,19.8,1800.0,1739.0,5834.8,548
148,00:02:30,60.37,29.6,33.0,24.0,29.2,31.7,1800.0,1741.6,5832.2,551
149,00:02:32,60.37,27.6,30.9,23.2,29.6,26.5,1800.0,1741.7,5832.0,548
150,00:02:33,59.89,25.1,27.3,26.3,25.0,22.2,1800.0,1741.0,5832.8,548
151,00:02:34,61.84,22.6,22.1,22.9,18.4,27.6,1800.0,1741.4,5832.4,548
152,00:02:35,61.35,27.2,29.6,29.4,20.8,29.8,1800.0,1741.5,5832.3,548
153,00:02:36,60.86,26.8,26.8,29.6,23.7,25.3,1800.0,1742.8,5830.9,551
154,00:02:37,60.86,27.3,31.3,28.0,25.0,25.3,1800.0,1743.2,5830.6,548
155,00:02:38,61.35,29.2,27.8,27.7,33.7,27.0,1800.0,1742.6,5831.0,548
156,00:02:39,61.35,25.6,33.3,24.5,21.0,24.2,1800.0,1743.3,5830.4,548
157,00:02:40,61.35,24.0,28.9,24.0,21.4,20.6,1800.0,1744.0,5829.8,548
158,00:02:41,60.86,24.7,27.4,25.3,24.2,24.8,1800.0,1745.0,5828.8,551
159,00:02:42,60.86,27.1,31.6,22.4,28.6,25.3,1800.0,1745.3,5828.4,548
160,00:02:43,60.37,24.5,28.6,22.0,25.7,21.4,1800.0,1745.2,5828.6,548
161,00:02:44,61.84,24.1,32.0,20.2,20.0,24.0,1800.0,1745.7,5828.1,548
162,00:02:45,60.86,26.8,33.0,22.7,25.3,25.7,1800.0,1745.9,5827.9,548
163,00:02:46,60.86,25.8,29.3,22.2,30.3,22.2,1800.0,1749.3,5824.4,551
164,00:02:47,61.35,24.8,26.0,20.6,27.5,24.7,1800.0,1748.1,5825.6,548
165,00:02:48,61.35,27.1,29.9,29.8,18.9,29.3,1800.0,1748.7,5825.1,548
166,00:02:49,60.86,25.1,26.3,25.7,23.0,26.0,1800.0,1748.5,5825.3,548
167,00:02:50,60.86,27.7,34.4,24.7,28.4,23.2,1800.0,1749.6,5824.2,549
168,00:02:51,60.86,30.6,36.3,26.0,33.6,27.2,1800.0,1750.8,5823.0,551
169,00:02:52,60.37,28.6,34.7,28.6,26.7,22.3,1800.0,1750.1,5823.7,548
170,00:02:53,60.86,28.1,29.7,24.5,32.1,26.0,1800.0,1750.2,5823.6,548
171,00:02:54,61.35,30.3,33.3,29.1,30.9,29.8,1800.0,1750.2,5823.5,548
172,00:02:55,59.89,36.4,39.8,38.6,34.0,32.1,1800.0,1750.4,5823.4,548
173,00:02:56,60.37,29.6,30.3,28.6,28.9,31.0,1800.0,1752.5,5821.3,551
174,00:02:57,60.86,24.5,25.0,26.5,26.3,20.2,1800.0,1753.0,5820.8,548
175,00:02:58,60.86,25.5,27.6,21.0,25.8,26.7,1800.0,1752.1,5821.6,548
176,00:02:59,60.37,26.3,31.3,23.0,26.5,23.5,1800.0,1753.4,5820.4,548
177,00:03:00,60.86,29.0,30.5,28.6,30.0,27.1,1200.0,1754.5,5819.3,550
178,00:03:01,61.84,28.8,32.7,25.3,25.0,33.3,1800.0,1756.9,5816.9,551
179,00:03:02,60.86,24.2,26.8,27.3,17.7,23.2,1800.0,1755.6,5818.2,548
180,00:03:03,60.86,23.0,28.9,22.8,21.0,21.9,1800.0,1755.6,5818.2,548
181,00:03:04,60.86,24.6,24.0,27.5,23.0,22.2,1800.0,1755.9,5817.9,548
182,00:03:05,60.86,29.8,28.1,31.7,26.5,33.7,1000.0,1758.0,5815.8,551
183,00:03:06,61.84,28.5,33.0,27.7,26.5,25.7,1800.0,1758.1,5815.7,548
184,00:03:07,61.84,23.5,23.2,23.8,22.6,24.7,1800.0,1757.7,5816.1,547
185,00:03:08,60.86,23.7,25.5,23.0,22.0,24.5,1800.0,1758.2,5815.5,547
186,00:03:09,59.89,27.6,29.2,29.3,26.5,25.5,1800.0,1758.4,5815.4,547
187,00:03:10,60.37,33.0,34.7,33.0,30.3,33.3,1000.0,1766.7,5803.0,550
188,00:03:11,59.89,24.8,24.0,28.6,22.1,24.2,1800.0,1767.6,5802.2,547
189,00:03:12,59.89,25.4,31.6,21.9,21.4,27.5,1800.0,1767.1,5802.7,547
190,00:03:13,59.89,24.5,28.9,24.5,20.4,25.3,1800.0,1766.5,5803.2,547
191,00:03:14,60.37,27.1,26.3,31.0,21.8,27.0,1800.0,1766.4,5803.4,547
192,00:03:16,60.86,28.7,28.3,33.0,27.0,28.3,1100.0,1767.0,5802.8,550
193,00:03:17,60.86,32.8,36.3,27.8,32.0,33.3,1800.0,1764.9,5804.7,547
194,00:03:18,60.86,26.7,29.7,21.8,24.7,30.8,1800.0,1763.6,5806.2,546
195,00:03:19,60.37,24.7,29.7,19.4,25.3,25.0,1800.0,1763.5,5806.3,546
196,00:03:20,61.35,31.9,34.0,35.6,29.4,27.5,1800.0,1763.8,5805.9,546
197,00:03:21,60.86,59.3,58.8,65.0,58.7,56.0,1100.0,1742.6,5827.2,549
198,00:03:22,61.35,31.7,36.8,23.5,30.4,35.4,1800.0,1742.3,5827.4,546
199,00:03:23,61.35,33.2,37.9,26.7,33.9,33.3,1800.0,1741.4,5827.9,546
200,00:03:24,61.35,33.5,48.5,25.0,28.4,26.5,1800.0,1741.0,5828.3,545
201,00:03:25,61.35,26.1,22.3,21.6,28.4,32.3,1800.0,1741.0,5828.3,545
202,00:03:26,60.37,28.2,29.6,25.3,24.2,33.3,1000.0,1743.3,5826.0,548
203,00:03:27,61.35,28.6,36.4,27.7,26.0,23.5,1800.0,1741.8,5827.5,545
204,00:03:28,60.86,23.5,25.8,23.2,23.2,23.2,1800.0,1742.2,5827.0,545
205,00:03:29,60.86,24.3,28.1,22.9,25.3,19.6,1800.0,1742.1,5827.2,545
206,00:03:30,61.35,25.6,26.5,27.0,26.7,21.9,1800.0,1742.6,5826.6,545
207,00:03:31,61.35,28.6,33.0,27.3,28.0,27.0,1100.0,1743.9,5825.4,548
208,00:03:32,60.86,27.5,34.0,26.7,21.4,26.4,1800.0,1743.5,5825.8,545
209,00:03:33,59.89,23.9,29.3,25.0,21.4,21.0,1800.0,1742.5,5826.8,545
210,00:03:34,62.32,24.7,24.2,24.2,26.3,23.2,1800.0,1742.3,5827.0,545
211,00:03:35,61.35,28.5,26.6,25.0,34.3,28.7,1800.0,1741.6,5827.2,545
212,00:03:36,59.89,28.9,27.6,29.0,27.6,29.6,1000.0,1741.8,5827.0,548
213,00:03:37,61.35,27.7,28.9,28.0,27.6,28.2,1800.0,1742.5,5826.8,545
214,00:03:38,60.86,25.0,28.3,23.2,22.2,25.8,1800.0,1742.4,5826.9,545
215,00:03:39,61.84,26.5,27.3,23.5,23.2,31.3,1800.0,1742.5,5826.8,545
216,00:03:40,61.35,24.6,29.6,23.2,17.5,28.4,1800.0,1744.6,5824.7,544
217,00:03:41,61.35,29.4,32.3,28.8,28.4,28.4,1000.0,1745.1,5824.2,547
218,00:03:42,59.89,27.7,26.8,21.4,30.4,31.4,1800.0,1744.7,5824.6,544
219,00:03:43,59.4,24.1,25.3,29.1,16.7,24.5,1800.0,1745.2,5824.1,544
220,00:03:44,60.86,25.7,29.2,29.0,22.0,22.8,1800.0,1745.0,5824.3,544
221,00:03:45,61.84,28.5,31.6,26.0,25.3,31.0,1800.0,1746.5,5822.8,547
222,00:03:46,60.86,27.4,27.6,26.3,27.5,28.0,1800.0,1747.0,5822.3,544
223,00:03:47,60.37,23.9,24.5,23.3,20.2,27.7,1800.0,1746.8,5822.5,544
224,00:03:48,60.86,30.2,36.3,29.1,23.5,32.0,1800.0,1745.8,5823.5,544
225,00:03:49,60.37,30.8,33.3,30.8,31.8,26.4,1800.0,1745.6,5823.7,544
226,00:03:50,59.89,45.8,49.5,39.4,45.1,50.0,1800.0,1751.7,5817.2,552
227,00:03:51,60.86,62.2,84.4,47.5,65.1,52.5,1800.0,1776.0,5793.3,550
228,00:03:52,62.32,57.4,47.5,50.5,88.3,41.4,1800.0,1760.5,5808.8,550
229,00:03:54,60.86,36.6,40.4,32.0,37.6,36.3,1800.0,1767.2,5802.1,547
230,00:03:55,61.84,28.1,32.3,25.8,27.3,25.3,1800.0,1773.0,5796.2,547
231,00:03:56,62.32,34.2,38.1,30.6,32.6,36.4,1800.0,1771.2,5798.1,550
232,00:03:57,61.35,32.5,33.7,34.0,32.3,32.3,1800.0,1769.4,5799.9,547
233,00:03:58,60.37,28.4,35.1,25.3,25.0,25.3,1800.0,1767.1,5802.1,547
234,00:03:59,62.32,32.6,33.7,32.7,30.9,35.0,1800.0,1765.1,5804.2,547
235,00:04:00,62.32,29.9,29.6,29.7,29.0,30.6,1800.0,1764.6,5804.7,547
236,00:04:01,61.35,30.2,34.0,27.6,30.3,31.1,1800.0,1765.2,5804.1,550
237,00:04:02,60.86,30.9,37.1,29.0,27.3,27.1,1800.0,1762.4,5806.9,547
238,00:04:03,60.86,31.0,35.1,28.9,29.0,31.4,1800.0,1761.4,5807.9,547
239,00:04:04,61.35,30.2,32.3,30.4,27.0,30.4,1800.0,1760.9,5808.4,547
240,00:04:05,61.35,31.8,33.0,31.4,31.7,32.0,1800.0,1760.2,5809.1,547
241,00:04:06,60.86,32.9,37.9,35.0,30.6,27.8,1800.0,1761.1,5808.2,550
242,00:04:07,61.84,37.4,39.0,37.6,33.7,39.6,1800.0,1763.4,5805.9,547
243,00:04:08,61.35,29.0,34.4,24.5,27.0,29.3,1800.0,1763.1,5806.2,547
244,00:04:09,61.35,12.3,12.0,19.6,10.1,8.0,1800.0,1763.5,5805.8,548
245,00:04:10,59.89,12.0,10.4,12.0,14.0,9.9,1800.0,1763.1,5806.2,548
246,00:04:11,60.37,13.1,11.5,13.9,18.4,12.0,1800.0,1771.2,5790.1,551
247,00:04:12,59.89,11.8,11.2,15.7,9.2,9.1,900.0,1770.7,5790.7,548
248,00:04:13,60.86,11.9,9.3,14.7,11.8,12.7,1800.0,1769.3,5792.1,548
249,00:04:14,59.89,10.8,9.4,12.0,8.0,13.9,1800.0,1767.8,5793.6,548
250,00:04:15,60.86,10.3,10.4,12.0,5.0,11.9,1800.0,1768.1,5793.3,548
251,00:04:16,59.89,14.0,18.4,18.4,11.0,9.9,1800.0,1767.3,5794.1,551
252,00:04:17,59.4,11.8,16.0,12.0,10.0,8.0,800.0,1763.0,5798.4,548
253,00:04:18,59.4,13.9,16.0,14.6,13.5,12.7,1800.0,1766.1,5795.3,548
254,00:04:19,59.89,22.9,25.2,18.1,18.5,27.8,1800.0,1765.4,5796.0,548
255,00:04:20,59.89,12.2,20.7,11.9,6.1,9.1,1800.0,1766.2,5795.2,548
256,00:04:21,59.89,12.4,13.4,18.4,5.1,11.0,1800.0,1767.3,5794.1,551
257,00:04:22,60.37,9.1,7.3,11.1,9.8,10.1,800.0,1765.6,5795.8,548
258,00:04:23,59.4,9.2,6.1,8.0,6.0,15.8,1800.0,1766.0,5795.4,548
259,00:04:24,58.43,7.6,7.0,8.1,6.1,10.2,1800.0,1764.8,5796.6,548
260,00:04:25,58.91,9.1,12.2,7.1,6.0,10.2,1800.0,1765.7,5795.8,551
261,00:04:26,59.89,9.0,14.1,6.0,8.7,7.9,1800.0,1764.8,5796.6,548
262,00:04:27,59.4,7.0,9.2,8.0,5.9,5.1,700.0,1764.2,5797.2,548
263,00:04:28,58.91,8.7,14.9,5.0,5.8,10.0,1800.0,1764.0,5797.4,548
264,00:04:29,58.91,7.1,6.1,7.1,3.1,10.9,1800.0,1763.4,5798.0,548
265,00:04:30,59.4,34.8,36.7,36.6,32.0,34.3,1800.0,1747.7,5813.7,551
266,00:04:31,59.4,8.5,7.2,7.1,5.9,13.9,1800.0,1746.0,5815.4,548
267,00:04:32,58.91,6.8,7.1,8.1,5.0,6.1,1800.0,1744.6,5816.8,548
268,00:04:33,58.43,16.1,15.3,18.8,8.0,22.9,800.0,1744.9,5816.5,548
269,00:04:34,59.4,11.6,17.2,11.2,9.9,8.1,1800.0,1744.6,5816.9,548
270,00:04:35,58.91,10.2,13.1,9.9,8.9,8.2,1800.0,1746.9,5814.5,551
271,00:04:36,58.91,10.0,8.2,9.8,7.0,15.7,1800.0,1747.1,5814.3,548
272,00:04:37,58.91,9.1,11.3,7.1,5.0,13.7,1800.0,1746.5,5814.9,548
273,00:04:38,59.4,10.3,13.3,10.0,4.0,12.9,1800.0,1744.0,5817.4,548
274,00:04:39,57.94,13.7,14.1,15.2,10.0,16.3,700.0,1746.7,5814.7,546
275,00:04:41,58.43,12.9,14.1,14.6,7.8,14.2,1800.0,1748.1,5813.3,549
276,00:04:42,58.91,12.2,17.0,13.7,9.9,9.0,1800.0,1747.4,5814.0,546
277,00:04:43,58.43,12.2,12.1,14.0,5.1,16.5,1800.0,1745.7,5815.7,546
278,00:04:44,58.43,11.0,14.6,9.0,12.7,8.9,1800.0,1745.8,5815.7,546
279,00:04:45,58.43,8.4,7.1,4.0,15.4,5.9,800.0,1745.7,5815.7,546
280,00:04:46,57.94,17.5,15.0,14.2,23.4,17.1,1800.0,1746.8,5814.6,548
281,00:04:47,58.43,14.9,9.0,17.5,21.4,10.6,1800.0,1747.3,5814.1,545
282,00:04:48,58.43,18.4,30.7,8.8,10.0,20.7,1800.0,1747.1,5814.3,545
283,00:04:49,58.43,5.8,6.1,5.1,6.2,6.0,1800.0,1747.3,5814.1,545
284,00:04:50,58.91,6.1,8.1,3.0,5.1,7.1,1800.0,1747.5,5813.9,545
285,00:04:51,57.45,11.6,11.0,10.8,16.0,10.1,800.0,1748.0,5813.4,548
286,00:04:52,58.91,10.5,14.0,8.0,10.6,8.9,1800.0,1747.0,5814.4,545
287,00:04:53,58.91,7.4,5.1,5.2,10.0,8.9,1800.0,1745.6,5815.8,545
288,00:04:54,58.43,7.5,13.1,5.0,3.1,7.9,1800.0,1745.8,5815.6,545
289,00:04:55,58.91,7.1,8.0,5.1,11.1,4.0,1800.0,1745.0,5816.4,545
290,00:04:56,58.91,9.0,10.2,6.0,13.6,7.9,700.0,1744.8,5816.7,548
291,00:04:57,57.45,9.7,16.8,5.0,7.8,8.9,1800.0,1744.5,5816.9,545
292,00:04:58,57.94,8.0,13.1,7.0,5.1,5.9,1800.0,1744.4,5817.0,545
293,00:04:59,58.91,9.1,16.3,9.1,6.9,6.0,1800.0,1744.9,5816.5,545
294,00:05:00,58.91,35.4,49.0,33.3,34.3,25.8,1800.0,1747.0,5809.6,545
295,00:05:01,60.86,71.8,69.4,73.0,79.0,67.0,1000.0,1751.2,5797.8,548
296,00:05:02,59.4,51.1,57.0,47.5,51.5,47.5,1800.0,1750.5,5798.5,545
297,00:05:03,60.37,29.5,32.3,28.7,27.8,30.0,1800.0,1750.5,5798.8,545
298,00:05:04,59.4,32.4,37.1,28.0,33.7,30.9,1800.0,1744.5,5809.1,545
299,00:05:05,59.89,32.2,29.8,32.0,30.3,35.0,1800.0,1748.8,5804.8,545
300,00:05:06,59.4,35.6,37.5,35.3,33.7,35.9,1100.0,1749.0,5804.8,548
301,00:05:07,59.89,34.3,43.7,30.3,31.3,31.6,1800.0,1750.9,5805.2,544
302,00:05:08,60.37,31.6,35.7,29.3,32.0,28.3,1800.0,1753.4,5806.5,544
303,00:05:09,59.4,32.1,37.8,30.6,29.7,30.0,1800.0,1750.2,5809.7,544
304,00:05:10,59.4,32.3,39.2,32.4,28.6,29.3,1800.0,1751.5,5808.4,544
305,00:05:11,58.91,37.5,39.6,39.4,33.3,37.6,1100.0,1751.7,5808.2,547
306,00:05:12,60.86,35.3,41.1,34.6,31.5,36.1,1800.0,1751.8,5808.1,544
307,00:05:13,60.37,30.0,30.8,27.4,34.0,25.5,1800.0,1749.3,5810.6,544
308,00:05:14,60.37,54.4,56.2,49.5,54.6,58.3,1800.0,1716.4,5843.5,544
309,00:05:15,61.35,39.2,47.6,31.7,40.9,35.2,1800.0,1715.1,5844.8,547
310,00:05:16,60.37,29.5,35.1,34.0,25.3,23.7,1100.0,1713.3,5846.6,545
311,00:05:17,60.37,32.2,38.4,30.4,29.0,29.6,1800.0,1714.0,5845.9,545
312,00:05:18,60.86,30.6,32.6,33.7,27.0,30.0,1800.0,1714.0,5845.9,544
313,00:05:19,59.89,28.0,27.1,29.0,33.0,24.2,1800.0,1714.7,5845.2,544
314,00:05:20,60.37,32.9,35.1,31.0,29.6,36.3,1800.0,1714.7,5845.3,547
315,00:05:21,60.37,31.5,29.0,33.3,29.9,32.3,1000.0,1713.9,5846.1,544
316,00:05:22,60.37,29.5,31.7,24.8,30.7,30.4,1800.0,1662.8,5896.1,540
317,00:05:24,60.86,59.0,75.5,52.5,50.0,57.8,1800.0,1648.5,5910.4,542
318,00:05:25,59.89,21.3,23.7,19.6,21.4,18.8,1800.0,1652.9,5906.0,542
319,00:05:26,60.37,24.2,23.2,21.6,28.7,24.7,1800.0,1654.4,5904.6,547
320,00:05:27,60.86,23.7,25.5,23.2,25.3,21.0,1000.0,1654.5,5904.4,544
321,00:05:28,60.37,22.8,26.5,22.8,25.2,15.3,1800.0,1655.1,5903.8,544
322,00:05:29,60.86,25.9,24.5,25.7,30.0,25.0,1800.0,1656.2,5902.7,544
323,00:05:30,60.86,26.1,25.5,28.7,27.2,23.5,1800.0,1657.6,5901.3,544
324,00:05:31,59.4,23.9,24.5,25.3,22.4,19.8,1800.0,1657.9,5901.0,547
325,00:05:32,60.86,24.9,32.0,27.0,22.0,20.4,900.0,1657.8,5901.1,544
326,00:05:33,60.37,28.7,29.7,29.7,27.9,26.5,1800.0,1656.0,5902.9,544
327,00:05:34,59.89,25.3,23.5,27.2,25.3,26.7,1800.0,1655.7,5903.2,544
328,00:05:35,60.37,22.3,19.4,27.3,21.0,20.8,1800.0,1657.1,5901.8,544
329,00:05:36,60.86,29.5,34.3,29.7,24.2,28.4,1800.0,1659.3,5899.6,547
330,00:05:37,60.86,25.9,31.3,24.5,21.8,27.1,900.0,1659.1,5900.3,545
331,00:05:38,59.4,15.6,17.2,12.7,17.5,15.5,1800.0,1659.4,5899.5,545
332,00:05:39,59.4,7.5,3.2,9.9,4.0,10.9,1800.0,1659.0,5899.9,545
333,00:05:40,59.89,8.7,10.3,8.0,10.6,8.0,1800.0,1663.7,5895.2,545
334,00:05:41,59.4,10.0,10.4,10.1,8.9,8.8,1800.0,1665.0,5894.4,548
335,00:05:42,58.91,8.9,11.1,7.8,12.4,5.9,800.0,1664.8,5894.7,545
336,00:05:43,59.4,10.7,11.0,13.3,9.7,5.9,1800.0,1664.5,5895.0,545
337,00:05:44,59.4,13.6,20.0,16.5,5.9,13.7,1800.0,1664.1,5895.3,545
338,00:05:45,59.4,10.2,17.1,2.0,10.8,9.8,1800.0,1663.5,5896.0,545
339,00:05:46,59.4,9.8,8.2,9.9,8.7,12.0,1800.0,1667.5,5892.2,548
340,00:05:47,58.43,7.5,9.1,6.0,10.1,5.1,1800.0,1666.6,5893.1,545
341,00:05:48,57.94,11.9,16.5,10.0,12.9,9.2,800.0,1665.7,5894.0,545
342,00:05:49,58.91,9.6,13.1,10.9,5.9,7.8,1800.0,1665.6,5894.1,545
343,00:05:50,57.94,7.3,12.0,8.7,6.1,2.0,1800.0,1666.3,5893.5,545
344,00:05:51,57.94,9.6,11.1,9.2,10.0,8.1,1800.0,1666.6,5893.1,548
345,00:05:52,58.91,6.5,6.1,6.0,7.0,7.1,1800.0,1666.1,5893.7,545
346,00:05:53,57.94,7.3,4.1,7.8,10.0,5.1,1800.0,1666.3,5893.5,545
347,00:05:54,58.91,8.8,10.2,9.0,7.1,9.8,1800.0,1666.3,5893.5,545
348,00:05:55,57.45,7.8,5.1,9.9,7.0,10.0,1800.0,1667.0,5892.8,546
349,00:05:56,57.94,8.5,10.2,6.1,7.0,10.8,1800.0,1667.4,5892.4,548
350,00:05:57,58.91,7.5,8.2,6.0,9.8,5.1,1800.0,1667.2,5892.5,546
351,00:05:58,58.43,7.2,7.1,6.9,4.0,10.8,1800.0,1667.5,5892.2,546
352,00:05:59,56.97,11.1,17.3,5.1,6.0,17.0,700.0,1667.3,5892.4,546
353,00:06:00,59.4,9.6,10.2,11.7,7.9,8.7,1800.0,1669.8,5890.0,549
354,00:06:01,58.43,7.5,4.1,10.0,7.8,8.0,1800.0,1667.7,5892.0,546
355,00:06:02,56.97,6.0,6.1,4.0,6.0,8.0,1800.0,1667.2,5892.5,546
356,00:06:03,56.48,6.5,8.1,3.0,5.1,8.9,1800.0,1666.2,5893.6,546
357,00:06:04,57.94,6.3,8.1,3.0,6.0,9.9,700.0,1665.7,5894.1,546
358,00:06:05,57.45,13.6,13.1,10.7,11.9,19.4,1800.0,1666.9,5892.9,549
359,00:06:06,57.94,8.2,5.1,10.8,5.0,9.9,1800.0,1666.5,5893.3,546
360,00:06:07,57.94,5.9,5.2,3.0,5.9,8.7,1800.0,1666.3,5893.4,545
361,00:06:08,57.45,4.5,4.1,2.0,6.9,5.0,1800.0,1666.5,5893.3,545
362,00:06:09,57.45,5.5,4.1,4.1,5.1,7.9,1800.0,1666.5,5893.3,545
363,00:06:10,58.91,7.7,4.1,10.9,7.9,8.6,700.0,1667.7,5892.1,548
364,00:06:11,57.45,11.7,11.0,8.7,10.8,15.9,700.0,1670.2,5889.6,545
365,00:06:13,57.45,9.5,10.0,11.5,11.4,5.8,700.0,1669.2,5890.6,545
366,00:06:14,56.48,16.3,15.6,16.2,16.8,15.9,600.0,1669.1,5890.7,545
367,00:06:15,56.97,13.1,22.0,7.6,11.4,8.9,800.0,1668.5,5891.2,545
368,00:06:16,56.48,12.0,12.9,12.7,11.9,10.9,700.0,1668.2,5891.6,548
369,00:06:17,56.97,7.9,5.9,10.7,7.0,7.8,1800.0,1666.5,5893.3,545
370,00:06:18,56.48,6.3,4.1,6.9,9.2,5.0,1800.0,1666.0,5893.7,545
371,00:06:19,56.48,7.7,6.1,6.9,12.6,5.9,1800.0,1666.1,5893.7,545
372,00:06:20,57.45,26.0,23.7,32.7,24.5,22.0,1800.0,1667.0,5892.7,545
373,00:06:21,58.43,28.1,27.4,33.0,27.0,27.0,800.0,1667.9,5891.9,548
374,00:06:22,57.94,29.0,27.8,29.4,31.7,25.5,1800.0,1667.6,5892.2,545
375,00:06:23,59.4,23.7,26.8,24.8,24.8,19.4,1800.0,1667.9,5891.8,545
376,00:06:24,57.45,24.6,22.4,22.4,25.8,26.7,1800.0,1667.5,5892.2,545
377,00:06:25,58.91,63.8,67.6,62.4,64.7,61.6,1800.0,1657.9,5901.9,545
378,00:06:26,58.43,12.2,12.1,11.9,15.7,8.2,1000.0,1659.7,5900.1,548
379,00:06:27,58.43,11.6,21.0,10.9,7.8,6.0,800.0,1660.4,5899.4,545
380,00:06:28,56.97,10.8,9.1,10.7,8.0,13.6,700.0,1661.1,5898.7,545
381,00:06:29,57.45,6.6,6.0,6.7,7.9,8.7,1800.0,1661.1,5898.7,545
382,00:06:30,57.45,6.5,5.2,5.1,6.1,9.8,1800.0,1661.5,5898.2,545
383,00:06:31,57.94,43.3,43.2,36.4,42.7,51.0,1800.0,1663.0,5895.4,548
384,00:06:32,58.91,61.6,72.2,51.0,70.3,51.5,1800.0,1666.3,5891.5,545
385,00:06:33,59.4,26.9,26.3,28.3,27.0,27.7,1000.0,1666.4,5891.2,545
386,00:06:34,59.4,32.6,30.3,34.6,36.6,27.0,1800.0,1667.0,5891.1,545
387,00:06:35,58.43,24.6,23.4,24.2,27.5,26.2,1800.0,1667.0,5891.5,546
388,00:06:36,59.4,29.2,27.4,30.6,27.0,31.6,1800.0,1670.3,5888.4,549
389,00:06:37,58.91,25.5,26.0,24.7,26.5,24.2,1800.0,1668.7,5890.2,546
390,00:06:38,59.89,26.8,25.5,26.2,27.2,27.7,1000.0,1669.4,5889.5,546
391,00:06:39,58.43,25.9,27.7,27.5,26.5,21.0,1800.0,1668.9,5890.1,546
392,00:06:40,58.91,25.5,29.0,25.0,26.5,23.2,1800.0,1670.8,5888.2,549
393,00:06:41,58.43,27.5,29.3,22.2,29.3,27.7,1800.0,1671.0,5888.2,546
394,00:06:42,59.4,26.2,26.7,22.0,27.5,29.1,1800.0,1670.9,5888.3,546
395,00:06:43,58.91,29.1,28.7,30.2,31.2,26.9,900.0,1670.9,5888.2,546
396,00:06:44,59.4,30.4,32.4,30.3,29.8,28.6,1800.0,1671.0,5888.2,546
397,00:06:45,59.89,33.6,38.6,33.0,35.5,26.0,1800.0,1672.0,5887.2,549
398,00:06:46,59.4,25.6,28.0,23.7,26.7,22.8,1800.0,1672.2,5887.0,546
399,00:06:47,59.4,22.9,29.9,23.2,20.4,19.4,1800.0,1672.4,5886.8,546
400,00:06:48,58.91,23.7,28.1,24.5,19.6,23.8,1000.0,1673.3,5885.9,546
401,00:06:49,58.43,22.5,17.3,27.2,23.5,19.8,1800.0,1666.6,5892.6,543
402,00:06:50,59.4,38.0,36.3,34.3,51.5,29.7,1800.0,1661.5,5897.7,542
403,00:06:52,59.4,25.2,24.8,24.0,26.2,26.7,1800.0,1672.2,5887.0,544
404,00:06:53,58.91,21.5,19.4,18.8,24.3,23.2,1800.0,1671.9,5887.2,544
405,00:06:54,59.4,21.6,19.6,19.0,24.5,23.0,900.0,1671.6,5887.5,544
406,00:06:55,58.91,21.9,25.3,15.0,24.3,22.5,1800.0,1672.6,5886.6,544
407,00:06:56,58.91,26.6,29.3,28.0,22.0,26.5,1800.0,1674.1,5885.1,547
408,00:06:57,59.89,23.5,28.6,20.4,24.2,21.2,1800.0,1674.5,5884.7,544
409,00:06:58,58.91,20.9,23.7,18.2,19.6,20.6,1800.0,1675.0,5884.1,545
410,00:06:59,58.91,23.6,22.6,28.4,22.0,21.4,900.0,1675.1,5884.1,545
411,00:07:00,58.91,22.6,25.3,27.0,21.6,19.6,1800.0,1675.7,5883.5,545
412,00:07:01,58.43,22.5,25.5,22.9,21.0,20.2,1800.0,1677.6,5881.6,548
413,00:07:02,58.43,22.3,26.7,18.4,26.5,18.2,1800.0,1676.9,5882.2,546
414,00:07:03,59.4,24.7,22.1,22.5,31.4,22.0,1800.0,1676.0,5883.2,546
415,00:07:04,59.4,25.0,27.4,20.0,25.5,27.7,900.0,1675.6,5883.6,546
416,00:07:05,58.43,23.4,25.3,21.2,24.5,22.2,1800.0,1676.8,5882.9,546
417,00:07:06,58.43,25.4,28.9,23.5,22.8,27.3,1800.0,1677.5,5882.2,549
418,00:07:07,59.4,25.7,26.0,27.0,24.5,24.0,1800.0,1678.3,5881.4,546
419,00:07:08,60.86,30.5,32.6,29.7,29.6,28.6,1800.0,1677.9,5881.2,546
420,00:07:09,59.89,27.0,29.2,25.5,30.4,25.5,1100.0,1678.5,5880.7,546
421,00:07:10,59.4,26.9,21.9,30.8,27.5,25.7,1800.0,1679.5,5880.0,546
422,00:07:11,59.89,26.3,21.4,30.4,25.7,28.0,1800.0,1682.1,5877.5,549
423,00:07:12,59.89,23.6,23.7,25.5,23.5,21.1,1800.0,1681.2,5878.5,546
424,00:07:13,59.89,26.3,22.9,24.8,26.0,29.5,1800.0,1681.4,5878.3,546
425,00:07:14,59.4,30.0,34.5,30.2,29.0,28.4,900.0,1682.2,5877.5,546
426,00:07:15,60.37,31.9,41.8,31.7,24.5,27.3,1800.0,1682.7,5876.9,546
427,00:07:16,60.37,29.5,32.7,26.9,30.4,27.0,1800.0,1685.3,5874.4,549
428,00:07:17,59.89,25.4,28.9,29.0,19.0,28.3,1800.0,1685.1,5874.7,546
429,00:07:18,59.4,23.6,23.7,22.4,24.2,21.6,1800.0,1684.1,5875.6,546
430,00:07:19,59.89,21.8,29.0,18.4,24.0,16.5,1000.0,1684.6,5875.1,546
431,00:07:20,59.4,41.1,41.1,40.8,38.6,42.9,1800.0,1688.2,5870.8,548
432,00:07:21,59.4,25.3,27.3,24.8,22.8,26.3,1800.0,1688.7,5870.3,548
433,00:07:22,59.4,24.1,23.5,25.5,21.4,27.5,1800.0,1683.2,5876.3,546
434,00:07:23,59.4,26.3,30.7,22.8,25.3,25.0,1800.0,1683.6,5875.9,546
435,00:07:24,59.89,26.1,27.6,25.7,26.9,25.0,1000.0,1683.5,5876.0,546
436,00:07:25,60.37,37.2,41.0,33.3,31.3,42.3,1800.0,1684.9,5873.5,549
437,00:07:26,60.86,35.3,34.4,36.8,35.6,33.3,1800.0,1689.0,5867.4,545
438,00:07:27,59.89,35.5,37.9,35.4,32.0,38.2,1800.0,1689.2,5867.8,545
439,00:07:28,60.37,23.3,19.8,22.0,27.5,22.8,1800.0,1688.8,5868.2,545
440,00:07:29,60.37,22.1,25.5,22.0,18.0,23.8,1100.0,1689.9,5867.7,545
441,00:07:30,59.89,30.9,35.1,32.4,28.4,27.6,1800.0,1691.5,5866.2,548
442,00:07:31,59.4,24.6,29.6,27.7,20.2,20.8,1800.0,1692.1,5865.6,545
443,00:07:32,59.89,24.1,25.3,24.0,23.2,24.0,1800.0,1691.0,5866.6,545
444,00:07:34,58.91,23.9,27.3,23.5,24.8,20.4,1800.0,1691.2,5866.4,545
445,00:07:35,60.37,21.5,22.4,20.0,23.2,20.0,1000.0,1690.0,5867.6,545
446,00:07:36,60.86,29.4,27.6,28.2,33.0,28.4,1800.0,1692.9,5864.7,548
447,00:07:37,60.37,23.9,28.7,22.5,22.7,23.2,1800.0,1692.1,5865.6,545
448,00:07:38,58.91,25.7,28.9,25.5,21.2,25.7,1800.0,1691.9,5865.8,545
449,00:07:39,59.4,25.4,26.5,23.8,27.3,24.0,1800.0,1691.4,5866.3,545
450,00:07:40,59.89,22.5,23.5,27.9,17.0,24.0,900.0,1691.1,5866.6,545
451,00:07:41,59.89,27.0,30.3,23.5,27.6,23.3,1800.0,1693.9,5863.7,548
452,00:07:42,60.37,27.9,30.0,26.5,29.4,26.5,1800.0,1693.0,5864.6,545
453,00:07:43,58.91,24.4,28.0,21.8,21.8,27.0,1800.0,1692.2,5865.4,545
454,00:07:44,60.37,28.8,33.0,24.5,29.2,29.0,1800.0,1692.4,5865.2,545
455,00:07:45,59.4,30.3,38.5,26.7,28.6,27.2,1000.0,1693.3,5864.3,545
456,00:07:46,59.4,33.1,40.3,34.3,28.7,27.1,1800.0,1695.7,5861.9,548
457,00:07:47,59.4,23.5,26.5,27.5,18.2,23.7,1800.0,1695.1,5862.5,545
458,00:07:48,59.4,24.4,23.4,21.1,23.2,29.0,1800.0,1695.0,5862.7,545
459,00:07:49,59.4,23.7,24.2,26.0,24.2,19.8,1800.0,1695.2,5862.5,545
460,00:07:50,59.89,24.2,24.7,17.5,25.7,27.0,900.0,1695.5,5862.1,545
461,00:07:51,59.4,26.8,31.0,25.0,23.5,27.7,1800.0,1696.8,5860.8,548
462,00:07:52,59.4,25.8,26.5,28.7,24.5,25.3,1800.0,1697.4,5860.2,545
463,00:07:53,59.89,23.9,26.5,20.0,22.8,26.7,1800.0,1692.7,5865.0,542
464,00:07:54,60.37,21.0,18.8,21.4,21.8,20.4,1800.0,1688.5,5869.1,541
465,00:07:55,60.37,33.3,31.7,44.1,29.7,27.0,1800.0,1680.8,5876.8,538
466,00:07:56,60.37,36.8,45.8,42.7,27.0,29.8,1800.0,1696.7,5861.0,547
467,00:07:57,59.4,22.9,21.1,20.0,24.0,27.0,1800.0,1696.1,5861.5,546
468,00:07:58,59.89,24.4,28.3,21.8,24.0,24.8,1800.0,1697.1,5860.5,546
469,00:07:59,59.4,23.9,27.0,22.9,23.0,23.8,1800.0,1697.3,5860.3,546
470,00:08:00,59.4,28.6,27.8,28.2,28.7,27.6,1800.0,1697.2,5860.4,546
471,00:08:01,60.86,26.0,27.8,31.0,25.5,21.2,1800.0,1699.2,5858.4,549
472,00:08:02,59.89,66.8,65.3,64.0,73.2,65.0,1800.0,1682.0,5875.1,546
473,00:08:03,60.86,26.4,22.7,23.5,30.4,28.7,1800.0,1680.8,5876.3,546
474,00:08:04,60.37,21.5,22.7,20.4,23.2,19.0,1800.0,1681.3,5876.3,546
475,00:08:05,59.89,30.8,33.3,29.0,28.4,33.3,1800.0,1682.6,5875.1,549
476,00:08:06,59.89,26.5,26.3,27.0,26.0,26.0,1800.0,1683.3,5874.4,546
477,00:08:07,60.86,22.1,20.4,22.8,23.2,23.3,1800.0,1682.1,5875.6,546
478,00:08:08,58.91,25.7,23.4,23.5,24.5,29.8,1800.0,1682.0,5875.6,546
479,00:08:09,60.37,25.8,28.6,27.3,25.7,22.8,1800.0,1682.2,5875.5,546
480,00:08:10,59.89,29.2,30.6,27.7,28.0,29.9,1800.0,1684.7,5872.9,549
481,00:08:11,60.37,24.8,26.8,25.0,20.2,27.3,1800.0,1685.2,5872.4,546
482,00:08:12,60.86,24.8,30.9,26.2,23.2,19.4,1800.0,1685.2,5872.4,545
483,00:08:13,60.37,24.6,28.6,18.2,28.2,23.8,1800.0,1683.8,5873.9,545
484,00:08:14,59.89,24.2,27.4,22.0,24.0,22.2,1800.0,1683.6,5874.0,545
485,00:08:15,58.91,31.7,31.6,31.7,33.0,30.0,1100.0,1684.8,5872.8,548
486,00:08:17,60.37,26.7,29.9,25.0,29.4,24.0,1800.0,1685.0,5872.6,545
487,00:08:18,60.37,26.7,30.3,27.7,24.8,23.0,1800.0,1684.1,5873.5,545
488,00:08:19,60.37,24.3,27.6,25.0,25.5,20.8,1800.0,1685.0,5872.7,545
489,00:08:20,59.4,25.4,28.3,20.4,23.2,28.0,1800.0,1684.0,5873.7,545
490,00:08:21,59.89,29.9,34.0,29.3,27.5,29.0,1800.0,1686.1,5871.5,548
491,00:08:22,59.89,24.1,24.2,27.7,25.5,20.8,1800.0,1686.7,5871.0,545
492,00:08:23,59.4,21.3,17.3,17.3,21.8,27.7,1800.0,1686.0,5871.7,545
493,00:08:24,60.37,22.1,18.2,24.0,22.5,24.0,1800.0,1686.1,5871.5,545
494,00:08:25,59.89,23.9,17.8,25.0,24.1,28.6,1800.0,1685.0,5872.6,545
495,00:08:26,60.37,28.3,38.1,24.8,21.0,27.9,1800.0,1686.1,5871.6,548
496,00:08:27,59.89,28.8,32.7,27.5,27.0,26.7,1800.0,1685.0,5871.7,545
497,00:08:28,60.37,23.3,21.6,21.2,25.7,24.5,1800.0,1685.5,5871.1,546
498,00:08:29,59.89,22.1,24.2,23.3,20.6,22.2,1800.0,1685.5,5871.1,546
499,00:08:30,59.89,24.0,26.8,21.8,24.0,21.0,1800.0,1685.2,5872.5,546
500,00:08:31,59.4,26.8,27.3,24.5,28.3,28.7,900.0,1686.6,5871.0,549
501,00:08:32,61.35,27.9,29.9,28.8,23.8,29.8,1800.0,1686.5,5871.1,546
502,00:08:33,59.89,19.6,17.5,17.2,23.8,18.8,1800.0,1686.1,5871.6,546
503,00:08:34,59.89,7.7,5.2,7.9,7.9,7.9,1800.0,1686.4,5871.3,546
504,00:08:35,59.4,6.8,6.2,8.0,6.0,6.0,1800.0,1686.3,5871.3,546
505,00:08:36,58.91,9.0,12.1,10.8,8.8,7.1,800.0,1688.4,5869.2,549
506,00:08:37,58.91,13.8,16.2,11.5,18.0,9.8,700.0,1690.1,5867.5,546
507,00:08:38,59.4,8.8,7.1,4.9,9.8,11.4,1800.0,1689.8,5867.8,546
508,00:08:39,58.43,6.8,6.1,10.8,7.9,3.0,1800.0,1690.0,5867.6,546
509,00:08:40,58.91,6.5,7.1,4.0,5.1,10.9,1800.0,1690.4,5867.2,546
510,00:08:41,58.43,8.6,9.4,7.1,8.0,9.8,1800.0,1690.7,5867.0,549
511,00:08:42,58.43,8.2,11.2,5.0,7.9,9.7,1800.0,1689.5,5868.1,546
512,00:08:43,58.43,9.0,11.1,9.1,9.0,3.1,1800.0,1689.5,5868.1,546
513,00:08:44,58.91,7.0,11.3,6.8,5.9,6.0,1800.0,1689.5,5868.1,546
514,00:08:45,57.45,6.8,6.1,8.8,6.0,7.1,1800.0,1689.9,5867.7,547
515,00:08:46,58.91,10.6,12.1,9.9,8.9,9.8,1800.0,1690.3,5867.4,550
516,00:08:47,59.4,9.3,15.2,7.9,7.8,7.0,1800.0,1690.4,5867.2,547
517,00:08:48,57.94,11.1,14.7,8.9,6.9,14.0,800.0,1689.6,5868.1,547
518,00:08:49,58.91,10.5,11.0,13.3,6.9,8.8,1800.0,1689.7,5867.9,547
519,00:08:50,58.43,9.2,9.0,11.0,9.0,8.9,1800.0,1692.4,5865.2,550
520,00:08:51,57.94,7.5,6.2,9.9,6.9,8.9,1800.0,1693.5,5864.1,546
521,00:08:52,58.43,7.7,10.2,6.0,5.1,8.8,1800.0,1692.6,5865.0,546
522,00:08:53,57.94,7.7,9.0,9.0,5.9,6.0,700.0,1692.3,5865.3,546
523,00:08:54,56.97,12.6,10.2,16.2,10.9,14.7,1000.0,1692.9,5864.8,546
524,00:08:55,57.45,21.4,28.6,18.4,18.3,19.0,1100.0,1694.6,5863.1,549
525,00:08:56,57.94,20.2,29.8,18.0,11.7,18.4,800.0,1693.8,5863.9,546
526,00:08:57,57.94,9.4,10.0,6.9,4.0,14.7,1800.0,1693.2,5864.4,547
527,00:08:58,57.94,7.7,9.9,5.0,7.9,10.7,1800.0,1692.7,5864.9,547
528,00:08:59,57.45,6.5,4.1,5.8,7.0,8.2,1800.0,1692.9,5864.7,547
529,00:09:00,56.97,10.9,8.2,12.9,9.9,12.7,1800.0,1695.2,5862.5,550
530,00:09:01,57.94,8.4,8.2,6.9,7.8,9.8,1800.0,1694.8,5862.9,547
531,00:09:02,57.45,10.9,7.2,11.9,11.0,14.1,900.0,1694.8,5862.8,547
532,00:09:03,57.94,13.3,9.4,17.5,14.7,11.8,800.0,1694.7,5862.9,547
533,00:09:05,57.94,8.6,7.8,10.8,8.9,4.9,1800.0,1694.3,5863.3,547
534,00:09:06,57.45,8.0,10.0,10.9,5.1,7.8,1800.0,1696.5,5861.1,550
535,00:09:07,57.45,5.8,7.1,8.1,3.9,4.0,1800.0,1695.9,5861.7,547
536,00:09:08,56.97,5.5,7.1,5.0,5.0,5.0,1800.0,1696.3,5861.4,547
537,00:09:09,57.45,6.7,7.1,7.8,5.9,5.9,1800.0,1696.0,5861.7,547
538,00:09:10,57.94,8.0,10.2,8.0,7.1,6.8,1800.0,1695.9,5861.7,547
539,00:09:11,56.97,8.0,8.1,9.2,8.8,6.9,1800.0,1695.8,5861.8,550
540,00:09:12,57.45,7.7,7.1,8.9,6.0,7.9,1800.0,1696.7,5860.9,547
541,00:09:13,56.48,5.3,5.1,6.1,3.0,6.9,1800.0,1696.7,5860.9,547
542,00:09:14,57.45,5.8,4.2,6.0,4.0,8.8,1800.0,1697.0,5860.6,547
543,00:09:15,57.45,46.9,50.0,55.6,42.4,39.4,1800.0,1694.9,5856.6,547
544,00:09:16,58.43,30.7,32.7,26.7,34.0,29.1,1800.0,1697.9,5853.3,550
545,00:09:17,58.91,24.3,26.0,27.5,25.3,19.6,1800.0,1697.8,5853.3,547
546,00:09:18,58.43,24.7,26.3,23.2,26.3,22.7,1800.0,1698.2,5853.5,547
547,00:09:19,57.45,24.4,29.0,18.4,21.8,27.7,1800.0,1699.5,5853.2,547
548,00:09:20,58.43,24.0,20.8,22.8,27.3,26.7,1800.0,1699.6,5853.1,547
549,00:09:21,58.91,26.8,28.1,27.7,26.7,25.0,1800.0,1700.9,5852.4,550
550,00:09:22,58.43,27.7,24.5,29.4,28.2,27.3,1800.0,1701.9,5851.5,547
551,00:09:23,58.91,26.9,26.7,26.3,30.0,25.0,1800.0,1701.2,5852.5,547
552,00:09:24,58.43,27.0,27.3,26.7,24.5,28.8,1800.0,1700.8,5852.9,547
553,00:09:25,59.4,56.5,62.8,58.0,51.5,53.3,1800.0,1685.8,5867.9,547
554,00:09:26,58.91,31.3,41.3,27.5,28.0,26.0,1800.0,1690.1,5859.6,550
555,00:09:27,58.91,23.8,25.0,25.0,19.6,25.0,1800.0,1690.1,5863.3,547
556,00:09:28,59.4,24.6,30.9,23.5,19.8,25.5,1800.0,1691.2,5862.4,547
557,00:09:29,58.43,23.5,19.8,22.4,26.5,24.5,1800.0,1691.6,5862.1,547
558,00:09:30,58.43,25.6,28.6,27.2,23.2,25.0,1800.0,1690.6,5863.0,547
559,00:09:31,59.4,29.9,29.2,30.6,27.3,31.0,1800.0,1692.1,5861.6,550
560,00:09:32,58.91,26.6,27.8,26.7,25.7,26.0,1800.0,1689.7,5864.0,547
561,00:09:33,59.89,24.5,25.0,21.2,26.0,27.3,1800.0,1688.7,5864.9,547
562,00:09:34,58.91,24.8,25.8,24.2,25.3,24.0,1800.0,1687.6,5866.0,547
563,00:09:35,58.91,28.5,22.6,27.3,36.0,26.5,1800.0,1687.3,5866.3,547
564,00:09:36,58.91,25.1,26.0,26.3,23.8,24.2,1800.0,1688.3,5865.3,550
565,00:09:37,58.91,22.8,32.7,22.8,20.0,15.6,1800.0,1687.4,5866.3,547
566,00:09:38,58.43,23.9,25.8,23.5,19.0,27.7,1800.0,1687.8,5865.8,547
567,00:09:39,59.89,24.4,25.8,22.2,27.2,21.2,1800.0,1688.4,5865.3,547
568,00:09:40,60.37,26.6,33.0,24.0,28.3,24.0,1800.0,1688.7,5864.9,550
569,00:09:41,59.4,26.6,26.5,26.3,20.8,31.3,1800.0,1688.6,5865.0,547
570,00:09:42,59.89,22.6,20.8,25.0,23.0,22.1,1800.0,1688.6,5865.0,547
571,00:09:43,59.89,20.5,13.7,21.8,24.8,22.2,1800.0,1688.3,5865.3,547
572,00:09:44,59.89,22.5,24.0,26.7,19.6,18.0,1800.0,1687.8,5865.8,547
573,00:09:45,59.89,32.6,34.4,31.7,30.2,35.6,1800.0,1687.3,5866.3,550
574,00:09:46,60.37,25.0,25.3,22.7,23.0,28.4,1800.0,1687.8,5865.8,547
575,00:09:47,59.89,24.3,24.2,24.3,23.5,24.0,1800.0,1686.4,5867.2,547
576,00:09:48,58.91,24.6,25.3,24.0,26.7,23.8,1800.0,1686.3,5867.4,547
577,00:09:49,59.89,25.5,25.5,26.3,25.5,23.8,1800.0,1685.2,5868.4,547
578,00:09:50,59.89,35.5,37.4,34.7,36.2,34.3,1800.0,1687.5,5865.6,550
579,00:09:52,59.4,27.9,28.2,27.0,27.0,28.7,1800.0,1687.9,5865.2,547
580,00:09:53,59.4,23.5,23.8,22.2,26.3,21.2,1800.0,1686.7,5866.4,546
581,00:09:54,59.89,26.1,29.6,25.7,27.3,22.0,1800.0,1687.8,5865.8,546
582,00:09:55,59.89,27.0,34.4,26.9,22.2,23.5,900.0,1687.4,5866.3,546
583,00:09:56,59.4,39.0,47.9,41.7,31.7,32.0,1800.0,1690.9,5862.2,549
584,00:09:57,58.91,43.2,42.9,43.8,44.1,42.7,1800.0,1691.9,5861.2,546
585,00:09:58,59.4,23.5,26.3,24.0,22.4,20.0,1800.0,1691.9,5861.2,546
586,00:09:59,59.89,24.6,24.7,25.3,23.2,26.7,1800.0,1690.3,5862.6,546
587,00:10:00,59.4,24.7,20.4,25.2,29.7,23.8,1000.0,1690.4,5863.1,546
588,00:10:01,59.4,26.7,32.0,21.8,24.8,28.2,1800.0,1691.6,5861.8,549
589,00:10:02,59.89,22.4,20.0,23.8,22.8,21.0,1800.0,1691.2,5862.3,546
590,00:10:03,59.89,26.2,30.7,22.4,26.5,25.3,1800.0,1690.7,5862.8,546
591,00:10:04,58.91,23.0,25.5,22.2,19.8,25.2,1800.0,1691.4,5862.1,546
592,00:10:05,58.91,22.9,25.0,20.2,21.8,23.5,900.0,1691.1,5862.4,546
593,00:10:06,61.35,27.9,27.8,26.7,28.7,28.2,1800.0,1693.9,5859.7,549
594,00:10:07,59.4,24.6,24.0,22.4,24.5,27.5,1800.0,1692.3,5861.3,546
595,00:10:08,59.4,23.4,18.9,26.2,26.5,21.2,1800.0,1691.6,5862.0,546
596,00:10:09,59.4,25.8,24.0,29.7,25.5,24.2,1800.0,1691.2,5862.3,546
597,00:10:10,59.89,29.1,34.0,30.4,23.2,30.1,900.0,1691.8,5861.7,546
598,00:10:11,60.37,28.2,28.6,23.7,28.8,31.1,1800.0,1693.3,5860.2,549
599,00:10:12,59.89,22.4,24.5,24.0,20.2,19.4,1800.0,1695.3,5858.2,546
600,00:10:13,59.89,22.0,24.5,21.6,19.2,23.7,1800.0,1694.8,5858.8,546
601,00:10:14,59.89,23.9,27.3,19.4,25.0,22.2,1800.0,1694.6,5859.0,546
602,00:10:15,59.89,23.8,24.5,22.0,29.8,19.6,900.0,1693.4,5860.1,546
603,00:10:16,59.89,30.0,34.0,32.1,26.9,27.7,1800.0,1694.8,5858.8,549
604,00:10:17,60.37,26.2,30.0,23.5,26.3,25.3,1800.0,1695.8,5857.8,545
605,00:10:18,59.89,51.4,57.7,48.5,47.1,52.0,1800.0,1687.2,5866.3,545
606,00:10:19,60.86,23.5,30.9,24.8,16.0,21.8,1800.0,1685.1,5868.4,545
607,00:10:20,60.37,19.1,24.2,15.0,22.3,14.9,1000.0,1685.9,5867.6,545
608,00:10:21,60.86,22.3,21.8,23.8,24.3,20.0,1800.0,1685.0,5868.5,548
609,00:10:22,59.4,18.2,21.8,22.0,15.5,13.9,1800.0,1684.1,5877.2,545
610,00:10:23,59.4,18.1,21.8,19.2,15.3,16.2,1800.0,1684.4,5877.1,545
611,00:10:24,59.4,22.1,29.2,14.0,19.0,23.9,1800.0,1685.7,5875.8,545
612,00:10:25,59.89,22.8,35.1,14.9,19.8,19.8,900.0,1687.0,5874.4,548
613,00:10:26,58.43,15.0,19.8,9.1,17.1,15.8,1800.0,1686.2,5875.3,545
614,00:10:27,59.4,17.4,21.2,11.1,18.3,16.8,1800.0,1684.9,5876.5,545
615,00:10:28,59.4,14.8,18.4,15.2,17.0,9.1,1800.0,1684.5,5876.9,545
616,00:10:29,58.91,17.3,19.8,21.4,13.4,14.9,1800.0,1684.4,5877.1,545
617,00:10:30,60.37,19.1,20.6,17.7,26.2,14.1,900.0,1685.1,5876.4,548
618,00:10:31,57.94,21.9,27.2,16.7,18.0,23.1,1800.0,1685.2,5876.3,545
619,00:10:32,58.43,19.1,16.0,23.5,16.2,22.3,1800.0,1684.2,5877.3,545
620,00:10:34,59.4,16.4,12.6,14.0,18.2,19.0,1800.0,1683.5,5877.9,545
621,00:10:35,58.91,17.7,17.3,19.0,16.2,17.5,1800.0,1683.7,5877.7,545
622,00:10:36,59.4,21.5,20.6,18.6,26.7,20.0,1800.0,1684.2,5877.3,548
623,00:10:37,59.89,21.0,22.2,20.8,20.4,22.3,1800.0,1683.9,5877.6,545
624,00:10:38,58.43,15.9,19.2,12.0,15.0,18.0,1800.0,1684.0,5877.5,545
625,00:10:39,59.4,17.8,16.7,18.2,16.8,16.2,1800.0,1683.0,5878.4,545
626,00:10:40,59.4,18.1,23.7,13.4,20.8,15.3,1800.0,1686.1,5875.3,545
627,00:10:41,58.91,19.7,20.8,20.2,19.8,17.8,1800.0,1687.7,5873.8,548
628,00:10:42,58.43,19.6,24.8,16.7,17.0,21.0,1800.0,1687.3,5874.1,545
629,00:10:43,58.43,17.7,18.4,16.2,16.2,19.8,1800.0,1687.0,5874.5,545
630,00:10:44,58.43,17.0,14.4,12.2,16.0,23.5,1800.0,1686.9,5874.5,545
631,00:10:45,58.91,17.9,21.6,13.0,21.8,16.0,1800.0,1686.6,5874.8,545
632,00:10:46,58.43,18.6,22.4,19.0,16.5,16.7,900.0,1686.5,5875.0,548
633,00:10:47,59.89,20.0,20.6,21.6,18.8,20.0,1800.0,1686.2,5875.2,545
634,00:10:48,58.43,17.0,14.4,16.8,18.8,16.2,1800.0,1686.2,5875.2,545
635,00:10:49,58.43,15.8,17.0,14.1,19.2,14.9,1800.0,1686.6,5874.8,545
636,00:10:50,59.4,15.1,17.3,19.4,14.4,10.1,1800.0,1686.6,5874.9,545
637,00:10:51,58.43,18.6,19.4,16.3,21.4,15.6,800.0,1688.2,5873.3,548
638,00:10:52,58.91,20.2,26.2,19.4,18.6,17.5,1800.0,1688.7,5872.8,545
639,00:10:53,58.91,20.3,23.6,24.5,15.7,17.0,1800.0,1689.3,5872.2,545
640,00:10:54,58.91,24.8,39.4,16.3,19.6,19.0,1800.0,1689.6,5871.9,545
641,00:10:55,58.91,19.2,19.6,19.6,21.4,17.2,1800.0,1689.6,5871.9,545
642,00:10:56,59.89,21.9,24.7,19.2,22.2,19.6,900.0,1691.6,5869.9,548
643,00:10:57,59.4,18.7,25.2,15.2,18.1,16.2,1800.0,1690.9,5870.5,545
644,00:10:58,59.4,17.3,20.6,17.5,19.8,13.1,1800.0,1690.7,5870.7,545
645,00:10:59,58.43,18.7,22.0,18.0,18.0,16.7,1800.0,1691.9,5869.5,545
646,00:11:00,58.43,16.4,17.9,18.0,16.0,12.2,1800.0,1691.9,5869.6,545
647,00:11:01,58.43,20.0,17.5,21.4,24.8,16.0,900.0,1692.3,5869.2,548
648,00:11:02,59.4,18.3,17.2,17.8,19.4,20.6,1800.0,1691.8,5869.6,544
649,00:11:03,59.89,16.8,14.4,16.2,21.0,14.1,1800.0,1691.4,5870.1,544
650,00:11:04,58.43,17.3,18.9,23.5,15.7,11.0,1800.0,1690.9,5870.6,544
651,00:11:05,58.91,18.1,20.8,20.2,15.8,15.8,1800.0,1692.9,5868.6,544
652,00:11:06,58.91,20.4,18.7,20.4,18.3,24.8,900.0,1693.2,5868.2,546
653,00:11:07,58.91,18.4,17.2,22.8,15.7,19.4,1800.0,1691.8,5869.7,544
654,00:11:08,58.43,18.4,20.4,17.2,12.1,20.8,1800.0,1691.9,5869.6,544
655,00:11:09,58.91,18.8,17.3,20.0,18.0,21.4,1800.0,1691.8,5869.7,544
656,00:11:10,58.91,19.9,17.9,20.8,21.0,20.0,1800.0,1692.5,5869.0,547
657,00:11:11,58.43,17.8,18.4,19.0,17.0,17.0,900.0,1691.8,5869.7,544
658,00:11:12,58.91,19.3,18.2,16.8,18.0,22.3,1800.0,1691.9,5869.6,544
659,00:11:13,58.91,18.4,16.3,24.5,16.7,16.8,1800.0,1691.7,5869.8,544
660,00:11:14,59.4,18.2,23.2,20.8,13.9,15.7,1800.0,1692.5,5869.0,544
661,00:11:15,59.89,19.0,18.2,24.5,16.7,16.5,1800.0,1695.1,5866.4,547
662,00:11:16,59.4,18.3,18.8,15.3,22.8,15.8,1800.0,1694.7,5866.8,544
663,00:11:17,59.4,19.1,17.3,20.4,17.0,22.3,1800.0,1693.9,5867.6,544
664,00:11:19,58.43,17.0,18.2,14.0,17.2,17.5,1800.0,1694.2,5867.2,544
665,00:11:20,59.4,18.8,21.0,21.4,13.0,19.8,1800.0,1694.2,5867.2,544
666,00:11:21,58.43,20.0,21.4,17.3,18.6,22.5,1800.0,1696.2,5865.3,547
667,00:11:22,59.4,21.1,27.8,22.5,16.2,16.3,900.0,1695.2,5866.3,544
668,00:11:23,58.91,24.0,34.5,22.6,20.0,16.5,1800.0,1694.1,5867.3,544
669,00:11:24,58.43,22.1,31.1,20.8,20.4,14.3,1800.0,1693.9,5867.6,544
670,00:11:25,58.91,18.0,16.5,26.3,16.0,13.7,1800.0,1694.1,5867.3,544
671,00:11:26,59.4,20.6,20.8,20.8,22.3,18.8,1800.0,1695.2,5866.3,547
672,00:11:27,58.91,20.1,20.4,19.0,17.3,23.5,900.0,1695.6,5865.9,544
673,00:11:28,58.43,20.3,19.0,19.6,20.2,22.0,1800.0,1695.9,5865.6,544
674,00:11:29,58.91,16.5,20.2,13.1,14.3,20.2,1800.0,1695.3,5866.2,544
675,00:11:30,58.43,17.4,19.4,17.8,16.0,14.1,1800.0,1699.8,5853.7,544
676,00:11:31,58.91,23.5,19.8,25.0,24.8,25.5,1800.0,1695.3,5858.1,547
677,00:11:32,58.91,19.5,23.2,22.0,17.6,16.3,900.0,1695.1,5858.4,544
678,00:11:33,59.4,20.2,18.0,19.6,20.0,22.6,1800.0,1695.4,5858.0,544
679,00:11:34,58.43,18.0,15.6,22.5,14.3,18.6,1800.0,1695.3,5858.1,544
680,00:11:35,57.94,16.2,20.2,20.2,14.0,12.2,1800.0,1694.8,5858.6,544
681,00:11:36,58.91,20.1,18.7,15.3,20.0,22.5,1800.0,1696.5,5857.0,547
682,00:11:37,58.43,17.7,17.3,16.3,18.8,19.8,900.0,1694.4,5859.0,543
683,00:11:38,59.4,20.0,26.5,13.9,21.0,17.8,1800.0,1694.6,5858.8,543
684,00:11:39,59.4,17.3,19.2,17.0,15.5,17.2,1800.0,1694.1,5859.4,543
685,00:11:40,58.91,16.2,18.7,17.8,18.0,11.9,1800.0,1693.7,5859.7,543
686,00:11:41,58.91,19.2,21.1,16.2,16.2,22.2,1800.0,1696.3,5857.1,546
687,00:11:42,59.4,48.6,50.5,45.9,47.1,50.5,1800.0,1680.5,5872.9,543
688,00:11:43,58.43,20.3,18.9,23.5,16.3,21.8,1800.0,1680.5,5872.9,543
689,00:11:44,58.43,16.9,18.2,11.3,21.8,15.7,1800.0,1680.1,5873.4,543
690,00:11:45,58.91,17.4,15.5,16.5,14.9,23.5,1800.0,1678.8,5874.6,543
691,00:11:46,58.91,19.1,22.4,17.8,16.3,21.6,1800.0,1681.4,5872.0,546
692,00:11:47,58.91,18.5,22.0,13.1,20.4,15.3,1800.0,1679.6,5873.9,543
693,00:11:48,59.4,20.0,21.6,20.6,22.8,15.2,1800.0,1679.0,5874.4,543
694,00:11:49,58.91,14.3,17.0,10.3,15.8,14.9,1800.0,1679.5,5874.0,543
695,00:11:50,59.4,19.4,23.3,16.7,23.0,15.3,1800.0,1680.9,5872.5,544
696,00:11:51,57.94,23.6,32.7,20.8,21.0,19.4,1800.0,1681.1,5872.4,546
697,00:11:52,58.91,24.9,36.4,32.7,13.0,13.3,1800.0,1680.4,5873.1,543
698,00:11:53,58.91,19.3,19.2,17.8,21.0,18.6,1800.0,1680.3,5873.1,543
699,00:11:54,58.43,19.4,16.7,25.5,13.3,21.0,1800.0,1680.5,5872.9,543
700,00:11:55,58.91,20.7,12.6,24.5,27.5,17.3,1800.0,1681.8,5871.6,546
701,00:11:56,58.43,19.8,19.2,19.6,20.4,21.4,1800.0,1682.4,5871.1,543
702,00:11:57,58.91,16.5,14.4,18.8,16.0,15.5,1800.0,1681.6,5871.9,543
703,00:11:58,58.43,19.4,19.4,23.1,20.2,15.0,1800.0,1681.4,5872.1,543
704,00:11:59,58.91,15.5,14.3,16.2,11.0,20.2,1800.0,1681.7,5871.8,543
705,00:12:00,58.43,21.0,23.2,22.3,15.3,23.3,1800.0,1683.4,5870.0,546
706,00:12:01,58.91,18.2,20.8,20.0,15.7,15.8,1800.0,1682.3,5871.1,543
707,00:12:02,58.43,17.9,17.7,13.3,17.8,22.5,1800.0,1681.9,5871.6,543
708,00:12:03,58.43,20.4,24.2,15.8,22.2,19.2,1800.0,1681.6,5871.9,544
709,00:12:04,57.94,18.1,18.4,18.0,14.3,21.4,1800.0,1682.1,5871.4,544
710,00:12:05,58.91,21.2,21.9,20.2,17.3,25.0,1800.0,1683.5,5870.0,547
711,00:12:07,58.43,20.2,17.3,21.9,23.3,17.8,1800.0,1683.4,5870.0,544
712,00:12:08,58.43,18.6,20.4,19.8,20.2,17.5,1800.0,1682.1,5871.4,544
713,00:12:09,58.91,20.4,17.9,19.8,18.6,23.5,1800.0,1682.2,5871.3,544
714,00:12:10,58.91,16.7,17.9,17.8,13.1,15.7,1800.0,1682.0,5871.5,544
715,00:12:11,57.94,19.6,19.8,17.0,18.2,24.2,1800.0,1682.5,5871.0,547
716,00:12:12,58.43,19.5,24.5,16.3,17.0,20.8,1800.0,1682.8,5870.7,544
717,00:12:13,58.91,17.4,19.8,17.2,14.7,17.6,1800.0,1682.8,5870.7,544
718,00:12:14,58.91,19.2,19.8,22.0,18.0,19.2,1800.0,1681.9,5871.6,544
719,00:12:15,58.91,18.9,16.0,16.5,20.4,22.5,1800.0,1681.5,5872.0,544
720,00:12:16,57.94,20.7,20.2,18.4,19.2,24.2,1800.0,1682.7,5870.8,547
721,00:12:17,58.43,18.6,19.0,16.3,18.2,22.3,1800.0,1682.6,5870.9,544
722,00:12:18,58.43,16.6,10.5,20.6,16.5,15.0,1800.0,1681.9,5871.6,543
723,00:12:19,58.91,22.1,26.0,19.6,25.2,20.8,1800.0,1682.4,5871.0,543
724,00:12:20,57.45,21.3,28.4,15.5,20.2,19.6,1800.0,1682.3,5871.2,543
725,00:12:21,58.91,26.0,32.8,21.0,25.2,22.5,1800.0,1682.9,5870.6,546
726,00:12:22,57.94,18.1,20.4,15.2,19.6,18.4,1800.0,1682.9,5870.5,543
727,00:12:23,58.91,18.5,17.5,25.2,13.0,19.8,1800.0,1683.1,5870.4,544
728,00:12:24,59.4,21.6,18.9,27.7,19.8,18.4,1100.0,1682.5,5871.0,544
729,00:12:25,58.43,18.6,16.5,18.4,21.0,18.8,1800.0,1682.9,5870.5,544
730,00:12:26,58.91,21.7,23.0,20.6,20.8,22.0,1800.0,1686.1,5867.4,547
731,00:12:27,58.43,18.8,17.5,17.8,20.2,20.4,1800.0,1684.9,5868.6,544
732,00:12:28,58.91,18.6,15.5,13.5,22.8,20.4,1800.0,1684.9,5868.6,544
733,00:12:29,58.91,18.4,24.0,13.3,16.3,20.8,1800.0,1685.0,5868.5,544
734,00:12:30,58.91,21.6,20.8,22.8,19.8,23.0,1800.0,1684.8,5868.6,544
735,00:12:31,58.91,21.9,26.3,18.8,17.6,26.0,1800.0,1688.3,5865.1,547
736,00:12:32,58.91,18.9,17.5,14.3,22.0,20.2,1800.0,1686.6,5866.9,544
737,00:12:33,58.91,17.7,18.6,19.2,11.2,20.8,1800.0,1686.3,5867.2,544
738,00:12:34,58.91,16.5,16.5,15.0,17.0,19.0,1800.0,1686.6,5866.8,544
739,00:12:35,58.91,20.2,23.2,20.4,20.2,15.3,1800.0,1686.6,5866.9,544
740,00:12:36,58.43,21.6,17.9,22.5,27.0,19.0,1800.0,1687.5,5866.0,547
741,00:12:37,58.43,18.4,13.7,21.0,15.2,24.0,1800.0,1686.4,5867.1,544
742,00:12:38,58.43,15.9,19.0,14.0,14.3,16.3,1800.0,1686.4,5867.1,544
743,00:12:39,59.4,17.8,20.4,21.2,14.1,15.5,1800.0,1686.9,5866.6,544
744,00:12:40,58.91,21.1,14.9,23.8,27.0,17.8,1800.0,1686.6,5866.9,543
745,00:12:41,58.43,22.0,21.2,25.0,22.1,22.3,1800.0,1687.8,5865.6,546
746,00:12:42,59.4,18.9,16.7,20.6,16.3,18.6,1800.0,1687.7,5865.7,543
747,00:12:43,58.91,16.9,18.2,16.2,20.0,13.9,1800.0,1687.8,5865.7,543
748,00:12:44,58.43,19.0,19.6,21.9,18.0,17.6,1800.0,1687.6,5865.9,543
749,00:12:45,59.4,22.6,25.8,23.1,18.6,21.2,1800.0,1690.0,5863.4,545
750,00:12:46,58.43,17.0,16.8,16.5,21.4,14.0,1800.0,1690.2,5863.3,543
751,00:12:47,58.91,17.3,22.8,14.4,18.8,14.1,1800.0,1690.1,5863.4,543
752,00:12:48,57.94,21.6,26.0,21.6,19.8,19.4,1800.0,1690.0,5863.5,543
753,00:12:49,58.91,23.4,33.6,20.4,18.6,17.8,1800.0,1690.7,5862.8,543
754,00:12:50,58.91,24.7,30.8,23.5,25.0,21.8,1800.0,1692.3,5861.2,546
755,00:12:51,58.91,14.7,11.6,14.3,17.2,13.1,1800.0,1691.1,5862.3,543
756,00:12:52,57.94,17.2,19.2,18.4,12.7,18.4,1800.0,1691.4,5862.1,543
757,00:12:53,57.45,16.2,15.8,16.0,16.3,17.0,1800.0,1691.6,5861.8,543
758,00:12:54,58.43,17.8,19.2,15.3,15.8,21.0,1800.0,1692.0,5861.5,543
759,00:12:55,59.4,23.0,22.9,26.5,19.4,23.2,1800.0,1692.4,5861.0,546
760,00:12:56,59.89,18.7,18.6,18.4,17.8,18.2,1800.0,1692.9,5860.5,543
761,00:12:57,58.91,18.0,16.0,16.7,19.0,21.6,1800.0,1692.5,5861.0,543
762,00:12:58,58.43,17.5,21.2,13.4,19.2,17.2,1800.0,1693.0,5860.4,543
763,00:13:00,58.43,18.5,18.4,19.4,21.8,14.9,1800.0,1693.2,5860.2,543
764,00:13:01,59.89,21.9,17.0,19.6,26.5,22.0,1800.0,1694.5,5859.0,546
765,00:13:02,58.91,18.2,21.0,18.0,20.8,13.4,1800.0,1694.9,5858.6,543
766,00:13:03,58.43,17.2,21.4,19.6,11.3,17.2,1800.0,1694.1,5859.3,543
767,00:13:04,58.43,17.5,14.3,18.0,14.0,24.8,1800.0,1693.8,5859.7,543
768,00:13:05,58.43,17.3,12.6,16.0,24.3,14.0,1800.0,1693.8,5859.6,543
769,00:13:06,58.91,23.9,25.5,22.3,25.5,22.8,1800.0,1696.3,5857.2,546
770,00:13:07,59.4,19.4,19.6,21.9,19.6,15.3,1800.0,1696.4,5857.0,543
771,00:13:08,58.91,18.0,19.4,18.2,20.8,15.7,1800.0,1695.8,5857.6,543
772,00:13:09,58.43,19.2,18.4,13.4,17.6,25.5,1800.0,1695.5,5858.0,543
773,00:13:10,58.91,18.0,25.7,15.5,13.4,19.0,1800.0,1695.9,5857.6,543
774,00:13:11,59.4,24.2,23.4,26.7,24.5,22.3,1800.0,1697.5,5856.0,546
775,00:13:12,58.91,16.1,20.8,14.1,15.3,14.1,1800.0,1697.5,5855.9,543
776,00:13:13,58.43,19.0,25.7,13.7,19.2,16.2,1800.0,1698.4,5855.1,543
777,00:13:14,58.91,18.2,25.7,15.2,17.3,15.2,1800.0,1698.8,5854.6,543
778,00:13:15,58.91,17.0,21.4,19.6,16.2,10.1,1800.0,1698.8,5854.6,543
779,00:13:16,58.43,21.9,22.9,17.3,27.9,19.6,1800.0,1699.3,5854.2,546
780,00:13:17,59.4,22.6,26.9,24.8,22.5,16.2,1800.0,1697.3,5856.2,543
781,00:13:18,57.94,23.7,31.0,21.0,20.6,22.3,1800.0,1697.0,5856.5,543
782,00:13:19,58.91,22.9,35.8,16.7,23.0,13.1,1800.0,1696.5,5856.9,543
783,00:13:20,58.91,18.0,19.8,19.8,14.0,17.0,1800.0,1697.1,5856.3,543
784,00:13:21,58.91,21.4,19.6,26.0,13.3,27.2,1800.0,1700.3,5853.1,546
785,00:13:22,58.91,18.6,19.8,16.2,18.8,19.0,1800.0,1699.5,5854.0,543
786,00:13:23,58.43,19.3,20.2,19.2,18.6,18.8,1800.0,1699.0,5854.4,543
787,00:13:24,59.4,17.3,17.7,13.1,20.2,19.8,1800.0,1698.7,5854.7,543
788,00:13:25,59.4,17.4,14.7,17.6,18.0,19.2,1800.0,1698.8,5854.7,543
789,00:13:26,58.91,23.2,20.4,23.0,28.0,21.0,1800.0,1700.3,5853.1,546
790,00:13:27,58.43,19.8,13.5,22.2,26.2,17.5,1800.0,1699.9,5853.6,543
791,00:13:28,58.91,19.2,18.7,19.6,18.8,17.2,1800.0,1699.6,5853.8,543
792,00:13:29,58.91,18.1,20.4,18.0,16.8,18.8,1800.0,1699.8,5853.7,542
793,00:13:30,58.43,17.1,26.0,12.1,12.2,17.8,1800.0,1700.2,5853.3,542
794,00:13:31,57.94,23.9,23.2,22.8,23.8,25.3,1800.0,1702.5,5851.0,545
795,00:13:32,57.45,17.7,15.6,22.8,17.0,16.3,1800.0,1700.0,5853.4,542
796,00:13:33,58.43,18.7,15.6,24.0,14.3,19.0,1800.0,1699.6,5853.9,542
797,00:13:34,59.4,15.5,15.3,18.0,14.9,15.8,1800.0,1699.5,5854.0,542
798,00:13:35,58.43,17.4,17.5,17.2,19.8,13.1,1800.0,1701.2,5852.2,542
799,00:13:36,58.91,20.7,20.2,23.1,17.2,23.8,1800.0,1702.5,5851.0,545
800,00:13:37,58.91,18.3,22.7,15.7,21.8,13.3,1800.0,1702.4,5851.1,542
801,00:13:38,58.43,15.0,19.8,8.0,13.9,16.5,1800.0,1702.3,5851.2,542
802,00:13:39,58.91,17.9,21.0,16.3,20.6,14.3,1800.0,1702.1,5851.4,542
803,00:13:40,58.91,21.7,28.6,17.2,17.0,25.2,1800.0,1702.2,5851.3,545
804,00:13:41,59.89,51.5,55.0,48.5,54.0,48.0,1800.0,1687.3,5866.5,542
805,00:13:42,58.43,17.5,20.0,19.4,16.2,14.1,1800.0,1680.3,5873.1,542
806,00:13:43,59.89,17.3,15.3,21.4,16.0,16.0,1800.0,1679.8,5873.7,542
807,00:13:44,59.4,18.1,14.1,16.8,20.2,20.2,1800.0,1678.9,5874.6,542
808,00:13:45,58.91,21.5,23.5,20.2,17.5,26.5,1800.0,1678.9,5874.5,545
809,00:13:46,58.91,24.6,33.0,17.8,26.7,18.8,1800.0,1679.5,5874.0,541
810,00:13:47,58.43,26.3,37.2,23.1,19.4,21.7,1800.0,1678.7,5874.7,541
811,00:13:48,59.89,19.8,20.0,15.2,23.3,21.4,1800.0,1679.1,5874.4,541
812,00:13:50,58.91,18.2,20.8,16.5,17.0,19.6,1800.0,1679.0,5874.4,541
813,00:13:51,58.43,20.8,21.1,20.0,21.0,20.2,1800.0,1679.9,5873.6,544
814,00:13:52,58.91,20.6,17.5,22.8,14.1,27.7,1800.0,1679.0,5874.4,541
815,00:13:53,58.43,16.7,17.5,17.2,12.0,20.2,1800.0,1678.5,5875.0,541
816,00:13:54,58.91,17.5,15.6,14.3,16.3,22.0,1800.0,1678.9,5874.5,541
817,00:13:55,58.91,17.0,12.2,18.6,12.9,25.0,1800.0,1679.2,5874.2,541
818,00:13:56,58.91,20.6,17.2,25.7,24.2,15.8,1800.0,1679.2,5874.3,544
819,00:13:57,58.43,19.9,27.8,18.8,16.2,16.7,1800.0,1679.7,5873.8,541
820,00:13:58,58.43,16.8,14.3,14.9,22.2,17.2,1800.0,1679.5,5874.0,541
821,00:13:59,59.4,17.8,11.5,18.0,19.8,20.4,1800.0,1679.5,5873.9,541
822,00:14:00,59.4,17.6,17.5,17.6,26.0,11.0,1800.0,1680.2,5873.3,541
823,00:14:01,58.43,16.3,15.3,12.1,22.8,16.7,1800.0,1679.7,5873.7,544
824,00:14:02,58.91,21.2,21.1,22.8,17.0,22.7,1100.0,1679.7,5873.8,541
825,00:14:03,59.4,21.8,24.2,21.6,22.0,19.0,1100.0,1679.2,5874.3,541
826,00:14:04,58.43,19.7,23.5,15.2,22.8,16.8,1800.0,1679.5,5874.0,541
827,00:14:05,58.91,15.1,17.2,13.1,14.9,15.2,1800.0,1680.2,5873.3,541
828,00:14:06,59.4,21.4,25.8,18.2,19.2,22.1,1800.0,1681.5,5872.0,544
829,00:14:07,59.4,19.1,21.2,18.0,20.4,17.5,1800.0,1681.9,5871.5,541
830,00:14:08,58.43,18.4,18.6,19.0,18.2,17.8,1800.0,1681.2,5872.2,541
831,00:14:09,58.91,20.2,17.2,22.0,17.3,22.7,1800.0,1682.1,5871.4,541
832,00:14:10,58.91,18.6,22.2,17.0,16.8,19.2,1800.0,1682.5,5870.9,541
833,00:14:11,58.91,21.2,23.2,22.0,19.2,21.0,1800.0,1686.3,5867.4,544
834,00:14:12,58.43,15.9,18.2,12.5,15.0,18.2,1800.0,1684.9,5868.6,541
835,00:14:13,58.91,18.5,22.0,16.0,19.4,17.3,1800.0,1684.1,5869.3,541
836,00:14:14,58.91,24.4,22.9,24.8,27.6,20.6,1800.0,1683.6,5869.9,541
837,00:14:15,57.94,22.9,30.4,16.7,20.4,23.1,1800.0,1683.1,5870.3,541
838,00:14:16,58.91,27.9,43.1,25.7,17.0,20.6,1800.0,1683.6,5869.8,544
839,00:14:17,58.91,19.6,16.7,23.3,20.6,16.5,1800.0,1683.7,5869.8,541
840,00:14:18,58.43,19.3,14.6,19.4,22.1,22.5,1800.0,1683.8,5869.7,541
841,00:14:19,58.43,20.9,23.5,18.8,23.8,17.3,1800.0,1684.2,5869.2,541
842,00:14:20,57.94,17.9,18.6,20.2,16.2,18.0,1800.0,1684.3,5869.2,541
843,00:14:21,57.94,21.1,14.9,19.8,22.1,25.7,1800.0,1684.7,5868.7,545
844,00:14:22,59.4,17.8,28.0,11.0,18.8,13.0,1800.0,1685.1,5868.4,542
845,00:14:23,59.4,16.2,13.5,22.0,20.2,9.2,1800.0,1685.9,5867.6,542
846,00:14:24,59.4,19.8,20.2,19.6,18.4,20.8,1800.0,1686.5,5867.0,542
847,00:14:25,58.43,17.8,11.5,22.8,18.4,19.0,1800.0,1685.7,5867.7,543
848,00:14:26,58.43,21.5,20.8,24.8,20.4,19.4,1800.0,1687.7,5865.7,545
849,00:14:27,60.37,19.0,22.2,19.8,17.0,17.8,1800.0,1687.7,5865.8,542
850,00:14:28,59.4,17.8,21.4,17.6,17.3,15.2,1800.0,1688.3,5865.2,542
851,00:14:29,58.91,21.8,20.6,18.6,25.0,23.8,1200.0,1687.6,5865.8,542
852,00:14:30,59.4,23.0,28.0,20.0,23.0,21.0,1800.0,1689.7,5863.8,545
853,00:14:31,58.91,20.5,16.8,24.0,21.8,20.0,1800.0,1690.2,5863.3,542
854,00:14:32,58.43,19.1,24.2,13.3,21.8,15.3,1800.0,1689.3,5864.1,542
855,00:14:33,58.43,19.3,18.4,23.3,18.0,17.3,1800.0,1689.4,5864.1,542
856,00:14:34,57.94,15.6,14.4,13.0,19.8,14.7,1800.0,1689.5,5863.9,542
857,00:14:35,57.45,23.0,30.0,20.2,24.0,19.2,1800.0,1691.6,5861.9,545
858,00:14:36,58.91,16.5,18.2,12.0,16.0,20.0,1800.0,1691.2,5862.2,542
859,00:14:37,57.94,18.0,14.4,15.7,22.8,18.0,1800.0,1690.2,5863.3,542
860,00:14:38,58.43,19.0,18.8,14.1,20.0,22.8,1800.0,1690.1,5863.3,542
861,00:14:39,58.43,18.9,21.6,17.8,15.2,21.0,1800.0,1690.0,5863.4,542
862,00:14:40,58.43,22.8,28.0,19.2,28.0,16.8,1800.0,1690.8,5862.7,545
863,00:14:42,58.91,19.4,18.2,19.8,18.7,19.4,1800.0,1690.5,5863.0,542
864,00:14:43,58.91,18.7,22.5,15.2,18.8,20.2,1800.0,1690.4,5863.0,542
865,00:14:44,57.94,22.3,30.1,23.5,13.9,19.6,1800.0,1689.3,5864.1,542
866,00:14:45,59.4,22.9,33.9,25.7,15.2,14.1,1800.0,1689.1,5864.4,542
867,00:14:46,57.94,21.9,15.8,24.0,23.8,24.5,1800.0,1692.0,5861.4,545
868,00:14:47,58.43,18.0,15.5,14.1,17.0,24.5,1800.0,1692.2,5861.3,542
869,00:14:48,58.43,18.6,22.4,15.7,21.6,13.7,1800.0,1691.9,5861.6,542
870,00:14:49,57.94,19.2,15.6,19.6,24.5,17.6,1800.0,1692.1,5861.3,542
871,00:14:50,59.4,16.8,16.2,16.2,15.6,19.6,1800.0,1692.3,5861.1,542
872,00:14:51,59.4,23.2,22.7,18.2,24.8,27.5,1800.0,1694.0,5859.5,545
873,00:14:52,58.91,18.9,16.5,23.8,20.4,14.9,1800.0,1693.8,5859.6,542
874,00:14:53,58.91,18.6,22.0,17.2,16.8,17.6,1800.0,1694.3,5859.2,542
875,00:14:54,58.91,18.0,14.4,21.4,25.2,12.0,1800.0,1694.2,5859.3,542
876,00:14:55,59.4,18.5,21.6,17.5,15.8,18.2,1800.0,1694.8,5858.7,542
877,00:14:56,57.94,23.9,21.6,27.0,22.8,25.0,1800.0,1698.2,5855.2,545
878,00:14:57,58.43,14.8,9.3,18.6,15.3,14.0,1800.0,1697.3,5856.1,542
879,00:14:58,58.43,18.0,19.6,17.6,20.0,15.8,1800.0,1698.0,5855.4,542
880,00:14:59,59.89,26.3,28.0,30.1,21.2,27.2,1800.0,1698.5,5855.0,542
881,00:15:00,58.43,39.5,38.4,46.1,37.0,34.3,1800.0,1684.2,5869.3,542
882,00:15:01,57.94,24.6,26.3,28.2,23.0,21.6,1000.0,1684.5,5868.9,546
883,00:15:02,58.43,18.4,13.7,14.0,22.5,22.2,1800.0,1684.0,5869.5,543
884,00:15:03,58.43,16.8,17.3,18.3,14.1,18.4,1800.0,1684.9,5868.5,543
885,00:15:04,57.94,17.3,15.8,18.2,19.0,15.2,1800.0,1683.3,5870.2,543
886,00:15:05,58.43,19.2,16.2,21.8,22.5,16.3,1800.0,1681.6,5871.9,543
887,00:15:06,59.4,21.3,22.4,27.2,17.3,19.6,900.0,1682.4,5871.0,546
888,00:15:07,59.4,19.1,22.2,14.3,24.3,13.7,1800.0,1682.2,5871.2,543
889,00:15:08,58.43,18.8,26.0,19.8,14.0,15.7,1800.0,1682.8,5870.7,543
890,00:15:09,58.91,20.1,19.2,19.8,19.2,22.5,1800.0,1683.4,5870.0,543
891,00:15:10,58.91,18.7,20.0,14.0,18.2,21.6,1800.0,1683.4,5870.0,543
892,00:15:11,58.91,23.0,25.0,24.5,21.6,22.0,900.0,1685.6,5867.9,546
893,00:15:12,58.91,22.3,31.9,21.9,20.4,14.7,1800.0,1685.7,5867.7,543
894,00:15:13,58.91,24.2,36.1,16.5,26.0,13.9,1800.0,1685.8,5867.7,543
895,00:15:14,58.43,17.4,16.5,17.6,20.8,15.3,1800.0,1686.0,5867.5,543
896,00:15:15,60.37,19.7,21.1,18.6,18.0,19.6,1800.0,1686.1,5867.3,543
897,00:15:16,58.91,17.7,14.3,19.8,20.6,16.8,900.0,1687.3,5866.2,545
898,00:15:17,59.89,19.4,15.5,21.0,19.2,21.6,1800.0,1685.0,5868.4,543
899,00:15:18,58.43,18.5,14.0,16.3,19.0,25.0,1800.0,1685.1,5868.4,543
900,00:15:19,57.94,18.6,13.7,17.8,23.8,19.2,1800.0,1685.6,5867.9,543
901,00:15:20,57.94,17.3,24.0,17.0,11.5,16.5,1800.0,1689.8,5863.6,546
902,00:15:21,59.4,14.9,16.0,16.7,13.1,13.0,1800.0,1690.4,5863.1,543
903,00:15:22,58.91,19.8,21.0,16.8,26.2,14.9,1800.0,1689.7,5863.8,543
904,00:15:23,57.94,17.8,15.5,17.8,16.2,22.8,1800.0,1688.3,5865.2,543
905,00:15:24,58.91,14.4,16.3,13.0,15.0,13.0,1800.0,1687.9,5865.6,543
906,00:15:25,58.91,20.2,22.4,19.6,19.2,19.0,1800.0,1688.9,5864.6,546
907,00:15:26,59.4,19.0,23.5,15.8,20.6,17.3,900.0,1689.3,5864.2,543
908,00:15:27,58.43,21.2,21.4,22.0,17.8,22.6,1800.0,1688.8,5864.6,543
909,00:15:29,58.43,18.8,18.8,20.8,17.6,18.0,1800.0,1688.9,5864.6,543
910,00:15:30,58.91,19.3,24.2,15.3,17.0,22.5,1800.0,1692.3,5861.1,543
911,00:15:31,58.91,21.3,22.4,15.3,20.8,24.0,1800.0,1692.3,5861.2,546
912,00:15:32,58.91,21.5,24.0,19.2,22.5,21.2,900.0,1691.6,5861.9,543
913,00:15:33,58.91,21.6,20.2,23.0,21.2,23.5,1800.0,1690.7,5862.8,543
914,00:15:34,58.91,15.6,13.1,15.4,14.1,17.0,1800.0,1689.9,5863.6,543
915,00:15:35,58.43,17.0,14.3,24.8,15.8,14.0,1800.0,1689.6,5863.9,543
916,00:15:36,57.94,21.1,21.2,19.8,23.5,21.0,1800.0,1691.8,5861.7,546
917,00:15:37,57.94,15.5,19.4,10.1,15.3,16.7,800.0,1691.4,5862.1,543
918,00:15:38,58.91,22.1,23.5,16.5,26.7,20.4,1800.0,1690.9,5862.6,543
919,00:15:39,59.4,17.5,22.2,22.8,13.1,12.6,1800.0,1690.6,5862.8,543
920,00:15:40,57.94,22.9,26.4,26.7,20.8,17.6,1800.0,1691.6,5861.6,543
921,00:15:41,58.91,27.7,36.2,23.3,23.8,26.0,1800.0,1692.8,5860.7,546
922,00:15:42,57.94,21.1,30.1,17.6,16.8,18.8,900.0,1691.3,5862.1,543
923,00:15:43,57.94,19.6,17.9,17.8,19.8,21.2,1800.0,1692.0,5861.4,543
924,00:15:44,58.43,19.2,19.6,17.8,18.8,22.0,1800.0,1691.4,5862.1,543
925,00:15:45,58.43,18.7,17.7,16.3,22.5,16.3,1800.0,1691.6,5861.9,543
926,00:15:46,59.4,20.8,26.0,21.8,15.0,18.8,1800.0,1692.6,5860.8,546
927,00:15:47,58.43,19.6,19.6,16.3,26.2,17.8,900.0,1693.2,5860.2,543
928,00:15:48,59.89,19.2,20.8,19.4,22.8,14.9,1800.0,1692.7,5860.7,543
929,00:15:49,60.37,18.0,20.2,13.9,17.8,20.2,1800.0,1692.7,5860.8,543
930,00:15:50,58.91,19.7,19.6,22.8,20.0,15.5,1800.0,1692.6,5860.8,543
931,00:15:51,57.94,17.7,20.0,18.0,15.0,18.6,1800.0,1694.4,5859.1,546
932,00:15:52,58.91,19.1,18.7,17.6,20.2,19.2,900.0,1693.3,5860.1,543
933,00:15:53,58.91,21.1,18.2,25.2,24.0,17.5,1800.0,1693.6,5859.9,543
934,00:15:54,58.43,17.3,17.3,19.2,12.1,19.8,1800.0,1693.0,5860.4,543
935,00:15:55,58.91,17.5,17.2,22.0,12.7,19.0,1800.0,1692.9,5860.5,543
936,00:15:56,59.4,22.4,24.2,19.0,24.0,21.2,1800.0,1694.0,5859.4,546
937,00:15:57,58.43,18.9,17.9,21.2,16.0,19.8,1800.0,1694.2,5859.3,543
938,00:15:58,58.43,20.8,25.3,20.4,23.5,15.7,1800.0,1693.1,5860.4,543
939,00:15:59,59.4,17.0,17.0,20.8,17.0,12.1,1800.0,1694.2,5859.3,543
940,00:16:00,59.4,18.7,15.3,25.8,18.0,18.6,1800.0,1694.2,5859.2,545
941,00:16:01,58.91,19.7,14.4,16.0,20.2,26.5,1800.0,1696.0,5857.5,546
942,00:16:02,58.43,17.8,15.6,22.0,16.3,16.3,1800.0,1696.4,5857.1,543
943,00:16:03,58.43,22.6,28.4,23.5,23.8,16.2,1800.0,1697.3,5856.2,543
944,00:16:04,58.91,18.9,18.6,16.0,19.4,20.6,1800.0,1697.1,5856.4,543
945,00:16:05,60.37,51.9,51.5,51.0,52.9,52.0,1800.0,1692.2,5861.2,546
946,00:16:06,59.89,17.7,15.5,20.4,16.7,20.0,1800.0,1684.9,5868.5,543
947,00:16:07,58.91,19.0,22.2,15.7,18.2,18.6,900.0,1683.8,5869.6,543
948,00:16:08,59.89,22.9,26.6,19.4,23.1,21.9,1800.0,1683.3,5870.1,543
949,00:16:09,58.43,22.2,33.3,21.2,22.4,10.2,1800.0,1683.8,5869.7,543
950,00:16:10,58.91,23.7,31.5,19.2,22.0,21.0,1800.0,1684.6,5868.8,546
951,00:16:11,58.91,20.4,21.4,22.0,21.8,16.2,1800.0,1683.2,5870.3,543
952,00:16:12,58.43,18.2,17.9,17.2,18.8,19.0,900.0,1683.7,5869.7,543
953,00:16:14,58.91,19.3,20.2,19.6,18.8,17.8,1800.0,1683.2,5870.2,543
954,00:16:15,59.4,17.3,16.8,19.0,18.0,14.3,1800.0,1683.5,5870.0,543
955,00:16:16,58.91,21.6,25.5,20.8,19.0,22.5,1800.0,1684.3,5869.2,546
956,00:16:17,58.91,19.3,20.0,22.3,17.7,17.0,1800.0,1684.9,5868.5,543
957,00:16:18,59.89,18.8,19.2,17.3,21.6,16.0,900.0,1683.9,5869.6,543
958,00:16:19,59.4,21.2,21.2,20.4,23.3,21.0,1800.0,1683.9,5869.6,543
959,00:16:20,59.4,18.6,17.5,13.0,17.3,24.5,1800.0,1684.1,5869.3,543
960,00:16:21,59.4,22.2,21.6,24.0,24.0,20.2,1800.0,1684.8,5868.7,546
961,00:16:22,59.89,21.1,23.0,19.0,18.6,24.0,1800.0,1684.4,5869.0,543
962,00:16:23,58.91,19.3,15.8,24.0,21.0,16.3,900.0,1684.4,5869.1,543
963,00:16:24,59.4,19.2,15.5,20.6,16.0,23.5,1800.0,1684.3,5869.1,543
964,00:16:25,58.91,15.4,14.4,19.6,14.0,14.4,1800.0,1684.6,5868.9,543
965,00:16:26,58.91,17.0,20.0,14.9,16.5,16.0,1800.0,1686.1,5867.4,546
966,00:16:27,58.43,19.3,15.5,21.0,19.8,21.8,1800.0,1685.2,5868.2,543
967,00:16:28,58.43,21.4,20.2,20.0,24.2,21.0,800.0,1686.0,5867.5,543
968,00:16:29,58.91,20.1,22.8,19.0,18.8,20.8,1800.0,1686.2,5867.2,543
969,00:16:30,59.4,19.3,17.5,22.0,14.1,21.6,1800.0,1686.2,5867.2,543
970,00:16:31,58.91,20.3,18.9,24.0,20.6,19.2,1800.0,1689.7,5863.8,546
971,00:16:32,59.89,20.1,24.0,21.2,13.3,20.0,1800.0,1689.6,5863.9,543
972,00:16:33,57.94,20.4,21.0,17.6,26.0,18.0,900.0,1688.9,5864.5,543
973,00:16:34,58.91,20.6,20.2,24.3,19.2,18.6,1800.0,1688.6,5864.9,543
974,00:16:35,59.4,19.9,21.0,18.6,18.0,22.1,1800.0,1688.3,5865.2,543
975,00:16:36,60.37,20.0,19.0,20.0,25.0,14.9,1800.0,1686.8,5865.8,546
976,00:16:37,58.91,21.0,22.6,19.8,23.8,19.2,1800.0,1687.2,5865.3,543
977,00:16:38,57.94,24.0,36.1,14.1,16.7,24.8,900.0,1687.8,5864.6,543
978,00:16:39,59.89,19.0,16.5,22.5,18.8,18.8,1800.0,1686.6,5866.8,543
979,00:16:40,58.43,19.0,18.0,19.8,25.5,12.2,1800.0,1686.6,5866.9,543
980,00:16:41,58.43,20.8,18.8,23.0,22.8,19.2,1800.0,1688.2,5865.3,546
981,00:16:42,58.91,19.4,20.0,16.3,16.3,23.8,1800.0,1688.3,5865.2,543
982,00:16:43,58.91,16.7,10.3,24.0,19.0,14.1,900.0,1687.1,5866.3,543
983,00:16:44,58.91,20.0,17.3,19.4,16.3,25.7,1800.0,1687.2,5866.3,543
984,00:16:45,58.91,21.2,23.5,22.5,18.2,21.2,1800.0,1688.5,5865.0,546
985,00:16:46,59.4,20.1,20.6,18.0,20.8,19.4,1800.0,1688.1,5865.4,542
986,00:16:47,58.43,18.4,17.3,21.8,16.2,19.2,1800.0,1688.1,5865.3,542
987,00:16:48,58.91,19.6,22.2,16.8,15.6,24.3,900.0,1687.1,5866.3,542
988,00:16:49,58.91,18.8,26.0,19.6,15.7,13.7,1800.0,1687.6,5865.8,542
989,00:16:50,59.89,21.8,21.6,26.8,19.0,19.6,1800.0,1688.4,5865.1,545
990,00:16:51,59.89,20.3,21.4,19.6,21.0,18.6,1800.0,1689.1,5864.4,542
991,00:16:52,58.91,18.1,19.8,13.9,20.8,19.6,1800.0,1689.5,5863.9,542
992,00:16:53,58.91,18.2,20.4,18.0,16.0,17.8,1800.0,1689.2,5864.3,542
993,00:16:54,58.43,14.2,16.3,14.6,10.9,14.9,1800.0,1689.2,5864.2,542
994,00:16:55,59.4,7.0,8.2,4.0,9.0,7.0,1800.0,1691.6,5861.6,545
995,00:16:57,58.91,5.3,3.1,4.0,5.9,8.1,1800.0,1692.7,5860.6,542
996,00:16:58,59.4,5.5,3.1,4.0,9.9,4.9,1800.0,1692.0,5861.3,542
997,00:16:59,58.91,5.2,5.0,4.0,8.7,2.0,1800.0,1692.0,5861.4,542
998,00:17:00,57.94,8.8,10.4,7.1,8.9,9.8,800.0,1691.7,5861.6,542
999,00:17:01,58.43,12.3,14.3,11.5,7.9,14.4,1800.0,1694.4,5858.9,545
1000,00:17:02,57.94,6.0,11.0,4.0,3.0,5.9,1800.0,1693.8,5859.5,542
1001,00:17:03,58.43,5.0,8.0,3.0,4.0,5.1,1800.0,1693.6,5859.7,543
1002,00:17:04,57.94,5.7,10.1,5.8,4.0,5.0,1800.0,1693.1,5860.2,543
1003,00:17:05,57.94,5.5,6.1,5.0,4.0,6.0,1800.0,1693.3,5860.0,543
1004,00:17:06,57.94,12.0,10.9,9.6,17.1,10.9,700.0,1694.0,5859.3,546
1005,00:17:07,57.45,18.1,33.3,15.9,7.7,11.7,700.0,1694.6,5858.7,543
1006,00:17:08,57.94,6.8,8.9,8.6,4.9,3.9,1800.0,1694.4,5858.9,543
1007,00:17:09,57.94,6.5,5.1,9.9,6.0,4.0,1800.0,1694.1,5859.3,543
1008,00:17:10,57.94,6.0,7.0,7.9,5.0,4.0,1800.0,1693.8,5859.6,543
1009,00:17:11,57.45,6.8,7.1,8.9,5.0,6.0,1800.0,1694.2,5859.1,546
1010,00:17:12,57.45,6.5,9.2,7.0,5.0,5.0,700.0,1691.9,5860.3,543
1011,00:17:13,57.94,10.1,11.0,8.9,12.6,8.8,1000.0,1691.1,5860.6,543
1012,00:17:14,57.45,9.0,13.1,10.8,5.9,8.1,1000.0,1690.7,5861.0,543
1013,00:17:15,56.97,9.5,7.4,6.9,5.9,14.7,900.0,1691.3,5860.4,543
1014,00:17:16,57.45,11.8,13.0,16.7,9.6,8.9,1800.0,1693.9,5859.4,546
1015,00:17:17,57.45,5.3,8.1,4.1,5.0,4.0,1800.0,1694.2,5859.1,543
1016,00:17:18,56.48,5.9,6.0,4.0,5.8,6.9,1800.0,1694.3,5859.0,543
1017,00:17:19,57.94,5.3,4.1,6.9,4.0,6.9,1800.0,1694.0,5859.3,542
1018,00:17:20,57.45,5.5,6.1,5.0,3.0,6.0,1800.0,1694.0,5859.4,542
1019,00:17:21,56.97,9.5,11.9,10.0,7.8,11.7,800.0,1694.5,5859.1,545
1020,00:17:22,56.48,8.7,6.2,7.0,9.9,9.9,800.0,1694.2,5859.4,542
1021,00:17:23,56.97,9.1,9.3,10.6,4.0,13.5,800.0,1694.4,5859.3,542
1022,00:17:24,56.97,6.4,6.0,8.8,3.9,5.9,1800.0,1695.0,5858.6,542
1023,00:17:25,57.45,4.8,5.1,5.0,4.0,5.0,1800.0,1695.2,5858.4,542
1024,00:17:26,57.94,8.4,10.2,7.8,5.9,7.9,1800.0,1695.7,5857.9,545
1025,00:17:27,56.48,5.3,4.1,5.0,5.9,6.9,1800.0,1696.4,5857.2,542
1026,00:17:28,56.97,4.5,4.0,6.9,3.0,5.0,1800.0,1696.3,5857.3,542
1027,00:17:29,56.97,7.7,8.1,10.8,9.0,5.9,1800.0,1696.3,5857.4,542
1028,00:17:30,57.45,5.3,5.2,8.1,3.0,3.0,1800.0,1696.2,5857.4,542
1029,00:17:31,56.97,8.4,9.9,8.8,10.0,4.0,1800.0,1698.2,5855.5,545
1030,00:17:32,57.45,7.2,5.1,11.0,8.7,4.9,1800.0,1697.9,5855.7,542
1031,00:17:33,56.48,5.5,6.1,7.0,5.9,2.0,1800.0,1697.9,5855.7,542
1032,00:17:34,56.97,15.5,20.5,11.8,19.7,8.0,700.0,1697.8,5855.8,542
1033,00:17:35,56.97,16.9,26.7,16.5,11.4,13.5,700.0,1698.0,5855.7,543
1034,00:17:36,56.97,6.2,2.1,5.8,9.7,6.9,1800.0,1698.6,5855.0,542
1035,00:17:37,56.48,6.0,5.1,5.9,6.9,5.9,1800.0,1698.0,5855.6,542
1036,00:17:38,56.97,5.2,4.1,4.0,6.9,5.9,1800.0,1697.8,5855.8,542
1037,00:17:39,56.97,5.5,5.0,5.0,6.9,4.0,1800.0,1697.9,5855.7,542
1038,00:17:40,57.45,8.5,8.4,7.9,7.8,8.8,700.0,1700.2,5853.5,545
1039,00:17:41,56.48,9.2,6.1,9.8,5.0,15.7,900.0,1700.4,5853.3,542
1040,00:17:42,55.5,7.4,7.9,5.9,5.9,11.5,1800.0,1699.7,5853.9,542
1041,00:17:43,56.97,4.8,4.1,3.0,4.0,8.8,1800.0,1699.8,5853.8,542
1042,00:17:44,55.99,6.4,7.1,7.8,4.0,3.1,1800.0,1699.8,5853.9,542
1043,00:17:45,56.48,6.5,6.1,5.0,6.9,11.7,1800.0,1701.9,5851.7,545
1044,00:17:46,56.48,6.2,4.1,6.8,5.0,7.8,1800.0,1701.7,5851.9,542
1045,00:17:47,55.99,10.5,12.1,7.1,9.0,13.7,700.0,1701.9,5851.8,543
1046,00:17:49,56.48,8.9,11.1,5.0,6.7,11.9,700.0,1701.2,5852.4,543
1047,00:17:50,55.99,7.1,9.1,6.8,5.9,7.8,1800.0,1700.7,5852.9,543
1048,00:17:51,56.97,7.7,8.1,7.8,6.9,7.0,1800.0,1702.7,5850.9,546
1049,00:17:52,56.48,5.2,10.1,4.0,2.0,5.0,1800.0,1702.9,5850.7,543
1050,00:17:53,57.94,26.2,27.3,23.0,26.5,28.0,1800.0,1692.1,5861.5,543
1051,00:17:54,56.97,8.5,6.2,10.8,8.0,10.6,1800.0,1655.8,5897.7,543
1052,00:17:55,56.48,7.9,13.9,3.0,5.0,7.9,1800.0,1656.1,5897.5,543
1053,00:17:56,56.48,8.1,8.0,10.7,5.9,7.9,1800.0,1657.8,5895.8,546
1054,00:17:57,56.97,6.0,6.1,7.9,5.9,4.0,1800.0,1658.1,5895.6,544
1055,00:17:58,56.48,6.7,5.1,5.9,9.9,5.9,1800.0,1657.9,5895.8,544
1056,00:17:59,56.48,5.4,8.8,5.9,4.9,3.9,1800.0,1656.5,5897.1,544
1057,00:18:00,56.48,9.1,6.4,7.1,10.0,11.9,700.0,1656.2,5897.4,544
1058,00:18:01,56.48,12.4,14.7,17.1,8.7,8.7,1800.0,1656.1,5897.6,547
1059,00:18:02,56.97,6.2,9.0,6.0,4.9,4.9,1800.0,1655.4,5898.3,544
1060,00:18:03,56.97,9.3,14.7,6.0,6.9,8.5,1800.0,1655.9,5897.7,544
1061,00:18:04,55.99,11.7,26.2,6.9,6.9,4.9,1800.0,1656.2,5897.5,544
1062,00:18:05,56.48,5.0,6.1,6.0,4.0,4.0,1800.0,1656.3,5897.3,544
1063,00:18:06,56.97,9.9,9.1,11.0,9.8,8.9,1000.0,1657.8,5895.7,547
1064,00:18:07,56.48,9.8,10.3,12.9,5.1,9.9,900.0,1656.5,5897.1,544
1065,00:18:08,55.5,9.0,11.3,7.0,8.7,10.7,800.0,1656.1,5897.6,544
1066,00:18:09,56.48,10.1,13.0,11.9,7.0,6.9,1800.0,1657.5,5896.2,544
1067,00:18:10,56.48,5.7,9.9,2.0,4.0,6.9,1800.0,1657.8,5895.9,544
1068,00:18:11,56.48,8.0,9.2,9.7,7.8,6.1,1800.0,1663.1,5890.5,547
1069,00:18:12,55.99,5.5,6.1,5.9,4.0,5.9,1800.0,1661.9,5891.8,543
1070,00:18:13,55.99,5.2,3.1,6.9,6.9,3.0,1800.0,1661.5,5892.1,543
1071,00:18:14,56.48,5.3,4.1,9.9,5.0,3.0,700.0,1661.7,5892.0,543
1072,00:18:15,56.48,9.6,10.9,6.1,9.8,10.8,700.0,1661.4,5892.3,543
1073,00:18:16,55.99,9.7,7.9,13.6,8.7,8.8,1800.0,1661.4,5892.3,546
1074,00:18:17,55.5,5.1,5.2,7.9,4.0,5.0,1800.0,1661.5,5892.2,543
1075,00:18:18,56.97,5.7,6.0,6.0,7.8,3.0,1800.0,1661.7,5892.0,543
1076,00:18:19,56.48,4.8,2.0,4.0,6.9,5.0,1800.0,1661.0,5892.6,543
1077,00:18:20,56.48,5.7,4.1,7.8,5.9,4.0,1800.0,1661.2,5892.5,543
1078,00:18:21,55.99,11.2,16.0,8.0,11.9,10.0,800.0,1661.4,5892.3,546
1079,00:18:22,55.5,10.2,11.2,10.1,10.0,8.7,700.0,1661.3,5892.4,543
1080,00:18:23,55.02,11.7,10.2,13.7,15.0,8.7,700.0,1661.0,5892.7,543
1081,00:18:24,55.5,8.0,8.0,6.8,8.7,8.6,1800.0,1663.0,5890.7,543
1082,00:18:25,55.99,7.5,7.1,8.8,8.0,5.9,1800.0,1662.7,5891.0,546
1083,00:18:26,56.97,5.5,6.1,5.9,5.9,3.0,1800.0,1663.0,5890.7,543
1084,00:18:27,56.48,5.5,4.0,5.9,8.9,3.0,1800.0,1662.7,5891.0,543
1085,00:18:28,55.99,5.7,5.1,5.0,7.8,4.9,700.0,1662.9,5890.8,543
1086,00:18:29,55.5,9.8,12.7,7.8,9.7,9.8,800.0,1662.2,5891.5,543
1087,00:18:30,56.48,14.7,15.0,18.9,12.5,11.5,1800.0,1664.4,5889.3,546
1088,00:18:31,56.97,15.1,21.8,10.6,21.5,4.0,1800.0,1664.4,5889.2,543
1089,00:18:32,55.02,6.2,5.0,8.9,3.0,7.8,1800.0,1663.7,5889.9,543
1090,00:18:33,55.02,6.4,6.0,7.9,5.9,5.0,1800.0,1663.7,5890.0,543
1091,00:18:34,56.48,5.0,5.0,3.0,7.0,7.8,1800.0,1663.6,5890.1,543
1092,00:18:35,55.02,7.5,7.1,7.1,8.9,6.1,700.0,1665.3,5888.4,546
1093,00:18:36,56.48,10.5,10.1,11.4,12.5,8.7,700.0,1664.6,5889.0,543
1094,00:18:38,55.5,8.7,4.2,10.9,5.8,10.9,700.0,1664.6,5889.1,543
1095,00:18:39,55.02,9.9,11.1,8.9,5.0,14.2,800.0,1663.9,5889.8,543
1096,00:18:40,55.5,6.6,9.0,10.6,3.9,4.9,1800.0,1663.0,5890.7,543
1097,00:18:41,55.5,7.3,8.1,12.0,5.9,4.0,1800.0,1663.9,5889.8,546
1098,00:18:42,55.5,5.8,7.1,9.8,3.0,2.0,1800.0,1663.1,5890.5,543
1099,00:18:43,55.99,5.9,9.0,6.8,4.0,4.0,1800.0,1662.1,5891.5,543
1100,00:18:44,56.97,6.2,4.0,7.9,5.9,5.9,1800.0,1662.1,5891.4,543
1101,00:18:45,55.5,8.4,6.1,11.8,8.8,6.9,1800.0,1662.1,5891.5,543
1102,00:18:46,56.97,8.5,9.0,11.0,5.9,9.9,1800.0,1662.9,5890.7,546
1103,00:18:47,56.48,5.2,5.1,8.8,4.0,2.0,1800.0,1663.6,5890.1,543
1104,00:18:48,56.97,6.4,5.0,8.8,5.9,4.0,1800.0,1663.7,5890.0,543
1105,00:18:49,55.99,6.4,7.0,9.8,6.8,4.9,1800.0,1663.7,5890.0,543
1106,00:18:50,56.48,9.0,6.4,16.7,5.0,5.9,800.0,1663.6,5890.0,543
1107,00:18:51,55.02,11.1,16.8,8.0,9.8,8.7,1800.0,1666.2,5887.4,546
1108,00:18:52,55.99,6.7,6.1,10.6,4.9,5.9,1800.0,1666.2,5887.5,543
1109,00:18:53,55.99,5.9,8.0,6.9,4.9,4.9,1800.0,1666.1,5887.5,543
1110,00:18:54,55.99,6.0,7.1,5.0,6.9,4.0,1800.0,1665.9,5887.8,543
1111,00:18:55,56.97,5.5,7.1,6.9,5.8,3.0,1800.0,1665.6,5888.1,543
1112,00:18:56,55.02,8.9,12.2,9.2,7.0,7.9,800.0,1665.9,5887.7,546
1113,00:18:57,56.97,9.8,11.9,12.0,5.9,6.9,800.0,1665.3,5888.4,543
1114,00:18:58,55.02,10.1,12.4,10.8,10.6,8.8,800.0,1665.3,5888.4,543
1115,00:18:59,55.5,14.5,14.7,15.2,14.7,12.5,800.0,1665.0,5888.6,543
1116,00:19:00,55.5,17.8,34.1,16.5,6.9,7.8,700.0,1664.7,5888.9,543
1117,00:19:01,55.99,8.6,5.1,14.6,7.8,7.8,1800.0,1665.9,5887.7,546
1118,00:19:02,55.5,6.0,4.1,7.8,7.0,4.0,1800.0,1666.6,5887.1,543
1119,00:19:03,55.02,4.8,3.1,5.1,8.8,2.0,1800.0,1665.3,5888.3,543
1120,00:19:04,55.5,5.2,6.9,6.9,2.0,5.0,1800.0,1665.2,5888.4,543
1121,00:19:05,55.5,5.0,4.1,9.9,2.0,4.9,700.0,1665.7,5888.0,543
1122,00:19:06,54.53,8.8,15.5,4.9,6.8,6.9,1800.0,1666.6,5887.1,546
1123,00:19:07,55.99,5.5,7.0,3.0,7.1,3.9,1800.0,1667.3,5886.3,543
1124,00:19:08,55.02,6.2,10.1,4.9,5.9,4.9,1800.0,1667.2,5886.5,543
1125,00:19:09,55.99,5.8,9.1,3.1,5.9,5.0,1800.0,1666.7,5887.0,543
1126,00:19:10,55.99,5.5,9.0,4.0,3.0,5.9,700.0,1666.7,5887.0,543
1127,00:19:11,56.48,12.9,14.1,11.5,12.6,13.3,1800.0,1666.8,5886.9,546
1128,00:19:12,55.99,6.0,4.1,8.0,4.0,5.9,1800.0,1667.1,5886.4,543
1129,00:19:13,56.48,5.5,4.0,8.1,4.9,5.9,1800.0,1666.8,5886.8,542
1130,00:19:14,55.99,4.5,3.1,7.1,4.0,3.9,1800.0,1666.6,5887.1,542
1131,00:19:15,55.99,8.0,11.0,8.9,5.0,7.9,700.0,1667.9,5885.8,545
1132,00:19:16,55.5,8.5,8.0,12.4,8.6,5.8,1800.0,1667.6,5886.0,542
1133,00:19:17,55.99,5.2,6.0,5.0,4.0,5.1,1800.0,1667.5,5886.2,542
1134,00:19:18,56.97,5.5,10.0,4.0,4.0,5.0,1800.0,1667.6,5886.1,542
1135,00:19:19,56.48,4.8,3.1,6.9,4.0,5.9,1800.0,1667.9,5885.7,542
1136,00:19:20,55.5,7.4,4.1,7.9,5.0,10.9,700.0,1669.6,5884.1,545
1137,00:19:21,55.99,6.4,5.9,7.8,5.8,7.8,1800.0,1670.1,5883.6,542
1138,00:19:22,54.53,5.5,4.2,3.0,4.9,6.0,1800.0,1670.1,5883.6,542
1139,00:19:23,55.02,5.0,8.0,3.0,3.0,7.0,1800.0,1669.6,5884.0,542
1140,00:19:24,55.02,4.8,4.0,6.9,2.0,7.9,1800.0,1669.8,5883.7,542
1141,00:19:25,56.97,7.2,7.1,9.9,6.9,5.0,700.0,1671.0,5882.6,545
1142,00:19:27,55.99,8.7,11.7,8.7,4.9,8.7,1800.0,1669.9,5883.7,542
1143,00:19:28,55.99,7.1,8.0,5.0,11.1,4.0,1800.0,1669.7,5884.0,542
1144,00:19:29,55.99,12.0,24.6,7.9,7.7,5.0,1800.0,1670.0,5883.7,542
1145,00:19:30,55.99,5.5,5.1,7.8,3.0,6.9,1800.0,1670.3,5883.3,541
1146,00:19:31,57.45,7.0,6.1,9.0,5.0,7.8,1800.0,1672.2,5881.5,544
1147,00:19:32,56.48,8.0,11.1,7.9,6.0,5.0,1800.0,1672.0,5881.6,541
1148,00:19:33,55.5,5.3,5.2,8.0,3.9,4.9,1800.0,1672.2,5881.5,541
1149,00:19:34,56.48,5.7,8.0,7.0,4.0,2.0,1800.0,1671.9,5881.7,541
1150,00:19:35,55.99,5.7,7.1,8.7,4.9,4.0,1800.0,1672.5,5881.2,541
1151,00:19:36,56.97,7.3,8.2,9.0,4.0,6.0,1800.0,1673.6,5880.1,544
1152,00:19:37,55.99,9.1,12.6,10.0,5.0,10.9,700.0,1674.1,5879.6,542
1153,00:19:38,55.5,9.8,9.3,10.6,10.6,8.6,700.0,1674.4,5879.3,542
1154,00:19:39,56.97,26.2,28.7,29.5,22.3,24.5,1800.0,1667.5,5886.2,542
1155,00:19:40,57.45,8.3,9.8,7.9,8.7,5.9,1800.0,1654.7,5898.9,542
1156,00:19:41,55.99,7.0,7.2,7.9,6.9,6.9,1800.0,1656.4,5897.2,545
1157,00:19:42,55.99,6.2,8.1,5.0,7.0,4.0,1800.0,1657.2,5896.5,542
1158,00:19:43,57.45,6.9,10.1,4.9,7.8,6.8,800.0,1656.3,5897.3,542
1159,00:19:44,55.99,7.1,4.0,4.9,9.7,8.7,1800.0,1656.2,5897.4,542
1160,00:19:45,55.5,6.7,8.1,1.0,5.9,9.6,1800.0,1654.7,5898.9,542
1161,00:19:46,56.97,7.7,7.1,8.0,7.8,9.7,1800.0,1658.6,5895.0,545
1162,00:19:47,55.5,5.0,5.2,6.9,2.0,5.9,1800.0,1657.8,5895.9,542
1163,00:19:48,56.97,5.9,6.1,4.0,8.7,4.0,1800.0,1657.6,5896.0,542
1164,00:19:49,55.99,9.9,10.2,8.0,10.8,11.4,700.0,1657.7,5896.0,542
1165,00:19:50,55.5,6.7,7.0,8.7,5.0,5.9,1800.0,1656.9,5896.8,542
1166,00:19:51,56.48,7.0,8.2,5.1,8.0,5.0,1800.0,1657.5,5896.1,545
1167,00:19:52,56.97,6.0,5.1,6.9,7.8,5.0,1800.0,1657.6,5895.8,542
1168,00:19:53,55.99,5.7,7.0,6.0,5.9,4.0,1800.0,1657.3,5896.2,542
1169,00:19:54,56.97,5.5,4.0,8.8,6.0,3.9,1800.0,1657.2,5896.4,542
1170,00:19:55,55.5,7.3,6.8,8.8,6.9,5.8,1800.0,1656.5,5897.2,542
1171,00:19:56,56.48,14.5,25.6,13.1,12.5,6.9,1800.0,1658.7,5895.0,545
1172,00:19:57,56.97,7.4,8.9,7.0,7.9,2.0,1800.0,1658.4,5895.3,542
1173,00:19:58,56.48,4.8,9.9,3.0,4.0,4.0,1800.0,1657.9,5895.8,542
1174,00:19:59,56.48,4.8,7.1,3.0,6.0,3.0,1800.0,1658.1,5895.6,542
1175,00:20:00,55.5,8.2,10.2,6.8,10.9,5.0,1800.0,1658.1,5895.6,542
1176,00:20:01,56.97,6.5,7.0,9.0,7.1,4.0,1800.0,1659.7,5893.9,545
1177,00:20:02,56.48,6.5,5.2,6.0,8.8,5.0,1800.0,1659.9,5893.7,542
1178,00:20:03,54.53,5.7,3.1,5.0,9.0,5.9,1800.0,1659.7,5893.9,541
1179,00:20:04,55.99,5.7,4.0,4.0,11.7,4.0,1800.0,1659.3,5894.3,541
1180,00:20:05,55.99,11.3,12.4,8.8,15.8,7.1,800.0,1661.3,5892.3,543
1181,00:20:06,55.99,7.2,9.2,4.0,8.7,7.7,1800.0,1661.3,5892.3,544
1182,00:20:07,55.02,6.7,5.1,5.0,7.8,6.0,1800.0,1660.1,5893.6,541
1183,00:20:08,55.99,5.0,5.0,6.9,5.0,5.9,1800.0,1659.9,5893.8,541
1184,00:20:09,55.99,6.0,6.1,3.0,8.9,6.0,1800.0,1659.6,5894.0,542
1185,00:20:10,55.99,8.2,9.0,5.9,9.0,8.9,700.0,1660.8,5892.8,545
1186,00:20:11,55.5,11.0,9.1,12.6,14.7,6.9,1100.0,1659.5,5894.2,542
1187,00:20:12,56.48,9.5,11.2,12.9,9.9,5.0,900.0,1659.4,5894.2,542
1188,00:20:13,55.99,7.3,11.8,4.9,9.6,3.0,1800.0,1659.3,5894.3,542
1189,00:20:14,55.99,6.7,5.1,6.9,5.9,6.8,1800.0,1659.8,5893.9,542
1190,00:20:15,55.02,7.0,5.1,11.7,7.9,3.1,1800.0,1661.1,5892.5,545
1191,00:20:16,55.02,5.7,6.1,5.0,7.8,4.9,1800.0,1661.2,5892.5,542
1192,00:20:17,56.48,5.7,7.1,7.9,4.1,4.0,1800.0,1665.4,5888.3,542
1193,00:20:18,56.48,9.0,8.3,10.9,9.0,7.8,600.0,1664.9,5888.8,542
1194,00:20:20,55.5,9.4,8.1,13.6,7.9,8.7,700.0,1664.5,5889.2,542
1195,00:20:21,56.48,13.5,13.9,13.7,11.8,12.9,700.0,1665.5,5888.2,545
1196,00:20:22,54.53,7.3,6.9,9.5,6.9,6.7,1800.0,1664.0,5889.6,542
1197,00:20:23,55.99,4.8,4.0,6.9,5.9,4.0,1800.0,1663.6,5890.0,542
1198,00:20:24,55.99,6.0,5.9,6.1,6.0,5.0,1800.0,1663.2,5890.4,542
1199,00:20:25,55.99,13.0,21.8,10.4,12.8,3.9,1800.0,1663.2,5890.5,542
1200,00:20:26,55.02,6.3,5.2,8.9,6.9,5.0,1800.0,1663.7,5890.0,545
1201,00:20:27,56.97,8.2,10.1,6.9,8.9,5.9,1800.0,1664.1,5889.6,542
1202,00:20:28,56.48,5.3,5.1,6.1,7.9,2.0,1800.0,1664.3,5889.4,542
1203,00:20:29,55.5,4.3,4.1,5.9,6.9,2.0,1800.0,1664.0,5889.6,542
1204,00:20:30,55.99,6.2,5.1,7.9,3.0,6.9,1800.0,1664.4,5889.3,542
1205,00:20:31,56.48,7.0,8.2,10.9,6.0,5.0,1800.0,1666.1,5887.6,545
1206,00:20:32,55.99,7.9,8.2,8.0,7.8,7.7,1800.0,1665.9,5887.8,542
1207,00:20:33,55.5,5.7,4.1,8.8,5.9,3.0,1800.0,1665.4,5888.3,542
1208,00:20:34,55.99,5.5,3.1,6.1,6.9,5.8,1800.0,1665.4,5888.2,542
1209,00:20:35,55.5,6.2,5.1,7.8,7.8,3.0,1800.0,1665.5,5888.2,542
1210,00:20:36,55.99,7.0,9.2,8.9,7.8,3.0,1800.0,1667.8,5885.9,545
1211,00:20:37,55.5,9.4,5.3,8.1,13.5,11.0,1000.0,1666.9,5886.7,542
1212,00:20:38,55.02,9.0,10.3,5.1,12.0,5.9,1000.0,1666.3,5887.3,542
1213,00:20:39,55.5,10.1,10.0,11.8,8.8,12.6,800.0,1666.8,5886.9,542
1214,00:20:40,55.99,9.0,9.2,4.0,16.7,5.0,700.0,1666.2,5887.5,542
1215,00:20:41,55.5,12.3,10.9,12.0,14.6,11.8,1800.0,1670.6,5883.0,545
1216,00:20:42,55.02,4.8,4.1,5.0,5.0,6.0,1800.0,1671.0,5882.6,541
1217,00:20:43,55.5,4.8,3.1,3.0,5.9,7.8,1800.0,1670.5,5883.0,541
1218,00:20:44,55.5,5.7,7.1,4.0,6.9,3.0,1800.0,1670.5,5883.1,541
1219,00:20:45,55.99,5.0,6.1,5.9,4.0,4.0,1800.0,1670.5,5883.2,541
1220,00:20:46,55.5,10.5,13.3,11.1,11.9,6.9,800.0,1670.3,5883.4,544
1221,00:20:47,55.99,12.9,9.1,21.0,13.7,7.7,1800.0,1671.1,5882.5,541
1222,00:20:48,55.5,6.8,3.1,3.0,10.8,10.9,1800.0,1670.8,5882.8,541
1223,00:20:49,55.02,5.5,4.0,5.9,6.0,4.0,1800.0,1670.9,5882.8,541
1224,00:20:50,55.99,5.0,3.1,5.0,8.8,5.0,1800.0,1671.1,5882.5,541
1225,00:20:51,56.48,7.5,7.0,6.1,9.8,7.0,1800.0,1674.5,5879.1,544
1226,00:20:52,55.5,14.8,27.4,8.6,11.9,7.9,700.0,1673.8,5879.9,541
1227,00:20:53,56.97,15.2,33.1,3.9,8.8,8.8,1800.0,1673.3,5880.4,541
1228,00:20:54,56.48,6.8,4.1,8.1,5.9,8.9,1800.0,1673.7,5879.8,541
1229,00:20:55,56.48,6.5,6.1,3.0,7.0,7.8,1800.0,1673.6,5880.0,541
1230,00:20:56,55.99,9.7,8.1,11.8,10.7,9.9,1800.0,1676.2,5877.4,544
1231,00:20:57,56.97,6.5,6.1,3.0,9.8,6.8,1800.0,1676.8,5876.9,541
1232,00:20:58,56.48,7.3,7.3,6.0,9.1,8.8,700.0,1676.6,5877.0,541
1233,00:20:59,55.02,6.8,5.0,3.9,9.5,6.9,1800.0,1676.2,5877.4,541
1234,00:21:00,55.99,7.0,4.1,8.0,8.8,6.9,1800.0,1676.8,5876.9,544
1235,00:21:01,56.48,6.7,5.1,5.0,8.8,6.9,1800.0,1677.5,5876.1,541
1236,00:21:02,55.99,4.8,4.1,4.9,6.0,4.0,1800.0,1677.9,5875.8,541
1237,00:21:03,55.5,5.5,7.1,7.8,4.0,3.0,700.0,1677.1,5876.6,542
1238,00:21:04,55.99,9.6,8.2,13.7,10.8,5.9,800.0,1677.3,5876.4,542
1239,00:21:05,56.48,14.1,16.3,12.7,10.8,14.9,1800.0,1680.1,5873.5,545
1240,00:21:06,55.99,7.2,11.9,8.7,4.0,5.9,1800.0,1681.1,5872.5,542
1241,00:21:07,56.48,5.2,8.9,8.9,3.0,2.0,1800.0,1680.5,5873.1,542
1242,00:21:08,56.48,5.7,2.1,8.8,4.0,6.9,1800.0,1680.3,5873.4,542
1243,00:21:09,55.99,6.5,9.9,8.0,4.0,4.0,1800.0,1680.3,5873.3,542
1244,00:21:10,55.02,7.7,4.1,6.9,12.6,7.8,700.0,1681.8,5871.9,545
1245,00:21:12,56.97,11.6,10.2,12.7,15.5,6.9,800.0,1683.7,5870.0,542
1246,00:21:13,55.02,8.5,10.1,8.0,8.0,6.9,700.0,1682.6,5871.1,542
1247,00:21:14,55.02,9.6,13.9,9.9,9.8,5.8,700.0,1682.3,5871.4,542
1248,00:21:15,55.02,9.2,11.1,11.8,8.8,5.0,700.0,1682.0,5871.7,543
1249,00:21:16,56.48,9.1,8.0,7.9,11.7,7.8,1800.0,1682.0,5871.6,546
1250,00:21:17,55.99,5.5,6.1,5.0,8.0,4.9,1800.0,1682.3,5871.3,543
1251,00:21:18,55.02,4.5,3.1,8.8,3.1,2.0,1800.0,1682.0,5871.7,543
1252,00:21:19,55.02,5.7,5.1,6.0,5.9,5.0,1800.0,1681.5,5872.0,543
1253,00:21:20,55.02,5.2,6.1,7.9,3.0,4.0,700.0,1681.5,5872.1,543
1254,00:21:21,55.5,17.5,27.3,19.7,14.4,6.8,1800.0,1682.7,5870.9,546
1255,00:21:22,56.48,7.4,11.4,6.0,5.9,5.1,1800.0,1682.5,5871.1,543
1256,00:21:23,56.48,5.2,6.1,2.0,8.8,3.9,1800.0,1681.9,5871.7,543
1257,00:21:24,56.48,5.7,5.2,6.9,4.0,6.8,1800.0,1681.8,5871.9,543
1258,00:21:25,55.02,5.3,8.2,3.0,5.9,5.0,700.0,1682.2,5871.5,543
1259,00:21:26,55.5,10.7,8.9,11.7,12.9,8.6,1800.0,1682.4,5871.3,546
1260,00:21:27,55.99,6.0,6.1,5.0,8.7,4.0,1800.0,1681.3,5872.4,543
1261,00:21:28,55.99,6.2,4.1,5.0,10.6,5.9,1800.0,1681.2,5872.4,543
1262,00:21:29,56.48,5.5,5.1,2.0,9.8,5.0,1800.0,1681.2,5872.5,543
1263,00:21:30,56.48,5.0,7.1,3.0,6.9,4.0,1800.0,1680.8,5872.8,543
1264,00:21:31,55.99,12.8,15.2,9.9,14.6,8.9,1800.0,1684.2,5869.5,546
1265,00:21:32,55.99,6.9,8.0,8.8,5.9,5.9,1800.0,1682.9,5870.7,543
1266,00:21:33,55.99,5.0,6.1,2.0,6.9,4.0,1800.0,1682.7,5870.9,543
1267,00:21:34,55.5,5.2,7.1,4.9,5.0,5.1,1800.0,1682.7,5870.9,543
1268,00:21:35,55.99,5.5,4.0,5.0,9.8,4.0,1800.0,1682.2,5871.4,543
1269,00:21:36,55.99,10.0,8.2,15.2,8.1,6.9,1800.0,1682.7,5871.0,546
1270,00:21:37,56.97,27.4,27.0,27.0,26.0,30.4,1800.0,1664.9,5888.7,543
1271,00:21:38,55.5,5.5,8.2,5.8,5.9,3.0,1800.0,1665.1,5888.4,543
1272,00:21:39,55.5,5.2,6.1,5.1,6.0,4.9,1800.0,1664.6,5888.9,543
1273,00:21:40,55.02,5.9,6.9,4.9,4.9,5.0,1800.0,1664.1,5889.5,543
1274,00:21:41,55.99,10.0,10.1,7.1,15.7,6.9,600.0,1664.7,5889.0,545
1275,00:21:42,55.5,10.0,8.1,7.8,15.5,8.7,700.0,1665.3,5888.3,542
1276,00:21:43,55.99,7.4,9.9,6.7,11.5,2.0,1800.0,1665.3,5888.4,542
1277,00:21:44,57.45,5.0,7.1,5.0,6.9,2.0,1800.0,1665.4,5888.3,542
1278,00:21:45,55.99,5.7,6.1,8.1,5.9,2.0,1800.0,1665.7,5887.9,542
1279,00:21:46,55.99,8.7,9.1,10.8,5.9,10.7,1800.0,1666.0,5887.6,545
1280,00:21:47,55.99,6.2,5.1,10.9,5.0,2.0,1800.0,1666.0,5887.7,542
1281,00:21:48,55.99,14.3,18.3,16.2,9.0,14.3,700.0,1666.8,5886.9,542
1282,00:21:49,56.48,17.2,30.2,13.6,6.7,14.4,1800.0,1666.9,5886.7,542
1283,00:21:50,55.02,6.8,5.2,8.1,4.0,8.8,1800.0,1667.5,5886.0,545
1284,00:21:51,55.02,6.0,6.1,7.8,5.0,5.0,1800.0,1668.3,5885.3,542
1285,00:21:52,55.5,6.0,6.1,6.9,5.9,5.9,1800.0,1668.1,5885.5,542
1286,00:21:53,55.99,6.2,7.1,4.0,4.9,6.9,700.0,1668.1,5885.5,542
1287,00:21:54,55.5,10.1,14.0,11.8,6.9,7.8,1000.0,1668.4,5885.3,542
1288,00:21:55,55.5,11.8,16.2,13.0,9.9,9.8,1800.0,1669.4,5884.3,545
1289,00:21:56,55.5,6.0,5.1,4.0,9.7,4.9,1800.0,1669.3,5884.3,542
1290,00:21:57,55.5,5.7,5.2,7.8,6.1,1.0,1800.0,1669.3,5884.3,542
1291,00:21:58,54.53,5.2,4.1,7.8,4.9,4.0,1800.0,1669.2,5884.5,542
1292,00:21:59,54.53,6.7,4.0,7.8,5.9,8.7,1800.0,1669.0,5884.6,542
1293,00:22:00,55.5,7.9,7.1,7.8,9.7,7.8,700.0,1671.2,5882.5,545
1294,00:22:01,55.02,10.2,8.2,11.9,8.8,12.5,700.0,1670.6,5883.0,542
1295,00:22:03,55.02,9.4,9.0,7.9,7.0,11.9,800.0,1669.7,5883.9,542
1296,00:22:04,54.53,9.6,10.0,12.9,6.7,8.7,700.0,1669.2,5884.5,542
1297,00:22:05,55.99,9.1,8.2,10.8,6.7,11.8,700.0,1669.0,5884.6,542
1298,00:22:06,54.53,9.8,10.9,13.7,4.9,8.7,1800.0,1669.2,5884.4,545
1299,00:22:07,55.99,5.2,7.9,7.0,2.0,5.9,1800.0,1669.6,5884.1,542
1300,00:22:08,55.5,4.7,3.1,5.9,4.9,4.0,1800.0,1669.6,5884.0,542
1301,00:22:09,55.02,4.8,4.1,6.9,2.0,7.0,1800.0,1670.0,5883.7,542
1302,00:22:10,55.99,7.4,4.2,9.9,7.8,7.8,1800.0,1670.3,5883.3,543
1303,00:22:11,55.5,11.5,10.3,11.0,12.7,11.1,1800.0,1671.5,5882.1,546
1304,00:22:12,55.02,6.0,5.1,4.0,8.7,6.1,1800.0,1671.2,5882.4,543
1305,00:22:13,56.48,6.0,5.1,4.9,5.9,7.8,1800.0,1671.1,5882.5,543
1306,00:22:14,55.99,5.7,4.0,4.0,4.0,9.0,1800.0,1671.3,5882.4,542
1307,00:22:15,55.5,5.0,5.1,4.0,3.0,7.9,1800.0,1671.5,5882.2,542
1308,00:22:16,55.5,10.8,11.0,10.8,9.7,12.5,1000.0,1672.6,5881.1,545
1309,00:22:17,55.5,18.8,26.5,21.7,15.5,11.5,1100.0,1672.3,5881.3,543
1310,00:22:18,55.99,12.8,22.0,8.9,8.4,9.6,1800.0,1671.8,5881.7,543
1311,00:22:19,55.5,5.3,6.1,6.9,2.0,6.9,1800.0,1671.8,5881.8,543
1312,00:22:20,55.99,5.5,6.1,6.9,6.8,4.0,1800.0,1670.1,5883.5,543
1313,00:22:21,55.99,7.7,9.1,8.8,5.1,6.9,1800.0,1670.4,5883.3,546
1314,00:22:22,55.5,6.2,7.1,7.0,5.0,5.0,1800.0,1669.8,5883.9,543
1315,00:22:23,55.02,10.8,8.2,11.0,10.8,11.9,700.0,1670.3,5883.3,543
1316,00:22:24,55.02,9.9,13.0,11.7,8.7,7.0,700.0,1669.6,5884.0,543
1317,00:22:25,55.99,6.7,9.0,5.0,4.0,7.9,1800.0,1669.5,5884.1,543
1318,00:22:26,55.99,7.5,6.1,8.9,7.8,8.1,1800.0,1670.7,5883.0,546
1319,00:22:27,54.04,5.3,4.1,5.1,3.0,7.8,1800.0,1670.4,5883.3,543
1320,00:22:28,55.02,6.2,6.0,5.9,5.9,7.9,1800.0,1671.0,5882.6,543
1321,00:22:29,55.99,5.2,3.1,7.0,4.9,5.1,1800.0,1670.8,5882.9,543
1322,00:22:30,55.5,9.3,7.3,10.9,10.9,9.0,700.0,1671.0,5882.5,543
1323,00:22:31,55.99,9.3,7.9,7.9,5.9,14.4,1800.0,1672.7,5880.9,546
1324,00:22:32,54.53,5.3,6.2,3.0,5.0,6.9,1800.0,1672.4,5881.2,543
1325,00:22:33,55.99,5.2,8.1,4.0,5.0,4.0,1800.0,1672.6,5881.0,543
1326,00:22:34,55.99,4.8,5.1,2.0,5.9,7.0,1800.0,1672.7,5881.0,543
1327,00:22:35,55.5,5.7,6.1,2.0,6.0,7.8,1800.0,1672.4,5881.2,543
1328,00:22:36,55.5,10.1,7.2,13.9,11.9,7.0,800.0,1673.8,5879.9,546
1329,00:22:37,55.99,8.8,7.9,8.8,10.7,8.8,1800.0,1673.6,5880.1,543
1330,00:22:38,56.48,5.7,5.1,5.9,5.9,5.9,1800.0,1672.8,5880.8,543
1331,00:22:39,55.02,5.9,5.1,4.0,7.7,5.9,1800.0,1672.7,5881.0,543
1332,00:22:40,55.99,7.4,7.9,5.9,7.8,8.9,1800.0,1673.8,5879.8,543
1333,00:22:41,55.5,5.3,3.1,5.0,6.1,5.9,1800.0,1672.6,5881.1,545
1334,00:22:42,56.48,10.1,10.2,8.2,14.6,8.1,900.0,1673.3,5880.4,543
1335,00:22:43,55.5,9.2,10.1,8.0,10.9,8.0,1100.0,1673.6,5880.0,543
1336,00:22:44,55.5,11.4,11.0,11.2,15.9,8.9,1000.0,1673.8,5879.9,543
1337,00:22:45,55.99,23.5,36.7,13.0,22.7,16.7,1800.0,1675.4,5878.2,546
1338,00:22:46,55.99,6.7,8.0,5.9,4.9,7.8,1800.0,1675.5,5878.0,543
1339,00:22:47,55.5,4.5,4.0,6.0,2.0,7.9,1800.0,1675.0,5878.6,543
1340,00:22:48,55.02,5.0,3.1,6.9,3.0,5.9,1800.0,1675.3,5878.4,543
1341,00:22:49,55.02,6.0,6.0,6.0,4.0,6.9,1800.0,1674.9,5878.8,543
1342,00:22:50,55.5,7.0,6.2,6.9,8.9,7.1,700.0,1676.7,5877.0,546
1343,00:22:51,55.5,8.0,6.9,7.7,8.7,9.5,1800.0,1677.3,5876.4,543
1344,00:22:52,55.02,5.0,4.1,3.0,7.1,5.0,1800.0,1676.8,5876.9,543
1345,00:22:53,55.99,5.3,5.1,5.0,7.0,4.0,1800.0,1676.8,5876.8,543
1346,00:22:55,55.5,5.2,3.1,7.9,6.0,4.0,1800.0,1676.7,5877.0,543
1347,00:22:56,55.99,8.2,6.1,8.0,8.7,8.8,700.0,1678.9,5874.8,546
1348,00:22:57,54.53,10.1,8.1,10.7,8.7,13.9,800.0,1677.8,5875.8,543
1349,00:22:58,55.99,28.7,29.6,26.7,25.5,33.0,1800.0,1670.2,5883.4,543
1350,00:22:59,55.5,4.5,4.1,4.0,3.0,7.9,1800.0,1669.9,5883.6,543
1351,00:23:00,55.99,5.2,4.1,3.9,5.0,7.1,1800.0,1669.4,5884.2,543
1352,00:23:01,55.99,7.9,8.0,5.9,11.5,6.9,1800.0,1670.1,5883.5,546
1353,00:23:02,54.53,5.0,4.1,4.9,8.9,3.0,800.0,1669.5,5884.2,543
1354,00:23:03,55.99,10.5,9.2,12.6,14.4,4.0,700.0,1669.3,5884.4,542
1355,00:23:04,56.48,10.3,9.9,9.3,11.8,8.6,1800.0,1669.2,5884.5,542
1356,00:23:05,55.99,4.8,9.1,5.0,5.0,3.0,1800.0,1668.9,5884.8,542
1357,00:23:06,55.02,7.3,10.1,8.8,7.0,4.0,1800.0,1669.8,5883.9,545
1358,00:23:07,56.48,5.8,6.1,5.1,6.0,4.0,1800.0,1669.5,5884.1,542
1359,00:23:08,55.5,5.2,3.1,6.0,5.9,5.8,700.0,1669.1,5884.6,542
1360,00:23:09,56.48,8.5,5.1,10.6,11.3,6.9,1800.0,1669.3,5884.4,542
1361,00:23:10,56.48,5.5,7.1,5.0,6.0,4.0,1800.0,1669.5,5884.2,542
1362,00:23:11,55.99,8.2,7.1,10.8,7.8,8.9,1800.0,1671.5,5882.0,545
1363,00:23:12,55.99,6.9,6.1,6.9,5.9,6.9,1800.0,1672.4,5881.2,542
1364,00:23:13,55.5,7.1,7.0,8.7,7.8,4.9,700.0,1671.5,5882.1,542
1365,00:23:14,55.99,9.5,11.5,11.5,8.7,5.9,1800.0,1671.3,5882.4,542
1366,00:23:15,55.99,14.3,23.1,13.2,14.9,4.0,1800.0,1671.1,5882.5,542
1367,00:23:16,55.5,7.3,9.0,6.1,7.0,7.8,1800.0,1671.8,5881.9,545
1368,00:23:17,55.02,6.0,2.1,5.0,6.9,8.7,1800.0,1670.2,5883.3,542
1369,00:23:18,55.99,4.8,3.1,5.9,4.0,5.0,700.0,1669.9,5883.9,542
1370,00:23:19,55.99,8.0,5.9,7.6,7.8,11.7,1800.0,1670.1,5883.6,542
1371,00:23:20,55.99,6.2,6.1,4.0,7.8,7.8,1800.0,1670.1,5883.7,542
1372,00:23:21,55.99,6.8,3.1,7.9,7.9,8.1,1800.0,1670.5,5883.3,545
1373,00:23:22,55.99,5.5,5.1,3.0,6.9,7.0,1800.0,1670.4,5883.3,542
1374,00:23:23,55.5,5.0,4.1,5.1,4.0,6.9,700.0,1670.4,5883.3,542
1375,00:23:24,55.5,7.5,6.1,6.7,9.5,6.8,1800.0,1670.8,5883.0,542
1376,00:23:25,55.99,4.7,5.1,5.0,5.0,4.0,1800.0,1670.8,5883.0,542
1377,00:23:26,56.48,7.5,9.1,5.0,9.8,6.9,1800.0,1672.2,5881.6,545
1378,00:23:27,55.02,6.7,5.2,7.9,4.0,7.8,1800.0,1672.8,5881.0,542
1379,00:23:28,55.02,5.7,5.0,5.9,7.8,5.9,1800.0,1672.9,5880.8,542
1380,00:23:29,55.5,9.0,7.0,7.8,14.2,6.8,1800.0,1673.1,5880.7,542
1381,00:23:30,55.5,5.5,5.1,4.0,7.9,5.9,1800.0,1673.3,5880.5,542
1382,00:23:31,55.99,9.0,12.9,7.8,6.9,6.9,1800.0,1674.0,5879.8,545
1383,00:23:32,55.5,6.0,8.0,4.0,5.0,7.8,1800.0,1673.6,5880.1,542
1384,00:23:33,55.5,6.4,9.9,4.0,5.0,6.0,700.0,1673.7,5880.1,542
1385,00:23:34,55.5,7.8,7.0,5.9,10.5,7.8,1800.0,1673.7,5880.1,542
1386,00:23:35,55.99,7.9,11.0,6.9,6.9,6.9,1800.0,1674.1,5879.7,545
1387,00:23:36,55.99,6.4,6.0,8.8,4.0,7.8,1800.0,1673.1,5880.7,542
1388,00:23:37,55.5,5.7,3.1,6.0,5.0,5.9,1800.0,1672.7,5881.1,542
1389,00:23:38,55.5,5.7,6.0,5.0,5.9,7.8,1800.0,1673.0,5880.8,542
1390,00:23:39,55.99,8.9,7.1,10.8,6.8,10.7,1800.0,1672.7,5881.1,542
1391,00:23:40,55.02,7.0,8.1,9.0,6.0,6.0,1800.0,1673.5,5880.3,545
1392,00:23:41,55.02,5.7,4.1,4.0,4.0,7.8,1800.0,1673.1,5880.7,542
1393,00:23:42,56.48,5.2,6.1,5.9,5.8,5.0,1800.0,1673.0,5880.8,542
1394,00:23:43,55.99,5.5,7.0,3.0,5.1,6.9,1800.0,1672.6,5881.1,542
1395,00:23:44,55.99,20.8,39.3,10.7,14.6,9.9,600.0,1672.4,5881.4,542
1396,00:23:45,55.99,12.3,14.9,12.6,7.9,13.5,1800.0,1674.7,5879.1,546
1397,00:23:47,55.5,6.4,6.1,6.8,4.0,7.8,1800.0,1674.0,5879.8,543
1398,00:23:48,55.99,5.0,2.1,5.0,6.0,6.9,1800.0,1674.0,5879.8,543
1399,00:23:49,55.02,5.5,4.1,3.0,7.8,6.9,1800.0,1673.7,5880.1,543
1400,00:23:50,55.5,6.2,6.9,4.0,6.9,7.8,1800.0,1674.1,5879.7,543
1401,00:23:51,55.02,7.3,6.2,6.0,9.9,7.8,800.0,1676.2,5877.6,546
1402,00:23:52,55.02,9.6,10.9,9.0,7.8,10.9,700.0,1676.0,5877.7,543
1403,00:23:53,55.99,6.0,8.1,2.0,6.0,7.8,1800.0,1676.0,5877.8,543
1404,00:23:54,55.5,5.5,7.1,4.0,7.8,4.0,1800.0,1676.4,5877.4,543
1405,00:23:55,54.53,6.2,4.1,6.9,5.0,6.9,1800.0,1676.3,5877.5,543
1406,00:23:56,55.02,7.9,9.0,6.9,5.9,9.9,1800.0,1678.1,5875.7,546
1407,00:23:57,55.99,6.5,8.1,5.1,4.0,8.0,1800.0,1678.6,5875.2,543
1408,00:23:58,54.04,9.4,10.5,6.9,7.1,12.9,700.0,1678.8,5875.0,543
1409,00:23:59,55.99,9.1,7.1,11.5,6.8,13.7,700.0,1678.5,5875.3,543
1410,00:24:00,55.02,9.6,6.2,6.9,12.7,9.8,900.0,1678.3,5875.4,543
1411,00:24:01,55.02,10.5,10.1,6.9,11.9,15.0,1800.0,1678.2,5875.6,546
1412,00:24:02,55.02,6.2,5.1,5.9,7.8,6.9,1800.0,1677.9,5875.8,543
1413,00:24:03,54.53,6.0,4.1,6.0,5.9,5.9,1800.0,1677.6,5876.2,543
1414,00:24:04,55.02,5.5,2.1,8.7,5.0,7.8,1800.0,1677.5,5876.2,543
1415,00:24:05,55.5,6.5,5.1,5.9,7.0,5.9,1800.0,1677.7,5876.1,543
1416,00:24:06,55.02,9.3,6.3,11.0,11.7,8.0,700.0,1679.8,5874.0,546
1417,00:24:07,54.53,10.1,7.1,9.8,10.7,11.7,700.0,1679.9,5873.9,543
1418,00:24:08,56.48,10.0,9.1,14.0,7.9,9.7,700.0,1677.9,5875.9,543
1419,00:24:09,55.99,7.8,6.1,8.7,6.8,10.7,1800.0,1678.2,5875.6,543
1420,00:24:10,55.5,6.0,5.1,6.9,5.0,5.9,1800.0,1678.1,5875.6,543
1421,00:24:11,54.53,8.4,7.1,8.7,8.9,9.7,1800.0,1681.3,5872.5,546
1422,00:24:12,55.02,5.7,4.0,5.9,5.9,5.9,1800.0,1681.4,5872.3,543
1423,00:24:13,55.5,6.0,10.0,6.0,5.0,4.0,1800.0,1680.3,5873.5,543
1424,00:24:14,55.5,19.3,29.5,20.2,13.5,11.8,700.0,1679.4,5874.3,543
1425,00:24:15,55.99,13.4,29.0,4.9,10.6,4.9,1800.0,1679.4,5874.3,543
1426,00:24:16,54.53,6.8,8.2,5.9,6.9,5.0,1800.0,1680.0,5873.8,546
1427,00:24:17,54.53,5.0,5.2,3.1,5.9,5.9,1800.0,1679.6,5874.2,543
1428,00:24:18,55.99,28.4,28.3,27.5,28.0,29.4,1800.0,1669.9,5883.8,543
1429,00:24:19,55.99,4.8,9.2,3.0,4.0,4.0,1800.0,1669.8,5883.9,543
1430,00:24:20,55.02,9.0,9.2,6.9,10.5,6.9,1800.0,1668.8,5884.9,543
1431,00:24:21,55.99,8.5,10.8,7.0,7.1,10.6,1800.0,1669.1,5884.7,546
1432,00:24:22,55.99,6.2,6.1,8.8,6.8,3.0,1800.0,1668.7,5885.1,543
1433,00:24:23,55.02,5.7,6.1,7.1,4.0,4.0,1800.0,1668.9,5884.9,543
1434,00:24:24,55.02,5.0,6.1,6.7,4.0,5.9,1800.0,1668.9,5884.9,543
1435,00:24:25,55.99,8.7,13.0,7.8,6.7,7.8,1800.0,1669.1,5884.7,546
1436,00:24:26,56.48,5.0,7.1,4.0,5.9,1.0,1800.0,1669.0,5884.8,543
1437,00:24:27,56.48,5.2,6.0,5.0,3.0,5.9,1800.0,1668.9,5884.9,543
1438,00:24:28,55.99,4.7,4.0,4.0,6.9,3.9,1800.0,1668.8,5884.9,543
1439,00:24:29,55.02,5.0,5.1,4.9,6.8,4.0,1800.0,1668.6,5885.2,543
1440,00:24:30,55.5,10.1,17.2,8.0,7.1,9.0,1800.0,1669.6,5884.1,546
1441,00:24:31,55.5,5.2,5.1,5.9,5.0,4.0,1800.0,1669.2,5884.5,543
1442,00:24:32,54.53,4.0,6.0,5.0,1.0,4.0,1800.0,1669.2,5884.5,543
1443,00:24:33,54.53,5.2,7.0,4.0,6.8,3.0,1800.0,1669.0,5884.8,543
1444,00:24:34,54.04,4.7,8.0,5.0,1.0,5.9,1800.0,1668.9,5884.9,543
1445,00:24:35,55.02,7.7,6.1,6.9,5.9,11.7,600.0,1669.7,5884.1,546
1446,00:24:37,55.02,5.3,4.0,7.8,3.9,4.8,1800.0,1669.8,5884.0,543
1447,00:24:38,55.5,4.5,6.0,4.0,4.0,5.0,1800.0,1669.6,5884.2,543
1448,00:24:39,55.02,4.7,2.1,6.9,6.7,3.0,1800.0,1669.3,5884.5,543
1449,00:24:40,55.02,4.0,4.0,4.0,2.0,5.0,1800.0,1669.1,5884.7,543
1450,00:24:41,55.02,6.7,5.1,7.8,5.0,8.9,700.0,1669.5,5884.2,546
1451,00:24:42,54.53,7.9,8.0,9.9,9.8,5.9,800.0,1669.5,5884.3,543
1452,00:24:43,55.02,8.6,7.1,8.7,8.7,8.7,700.0,1669.5,5884.3,543
1453,00:24:44,55.5,14.1,26.8,10.2,5.8,9.7,700.0,1669.8,5884.0,543
1454,00:24:45,55.02,13.3,19.3,10.7,17.8,4.9,1800.0,1669.5,5884.3,543
1455,00:24:46,55.5,6.0,4.1,8.1,5.0,6.9,1800.0,1670.7,5883.1,546
1456,00:24:47,55.5,4.5,5.0,5.0,4.9,4.0,1800.0,1670.9,5882.9,543
1457,00:24:48,55.02,4.3,2.0,5.0,6.9,3.0,1800.0,1670.8,5883.0,543
1458,00:24:49,55.5,4.0,2.0,5.0,3.0,6.8,1800.0,1670.8,5883.0,543
1459,00:24:50,55.02,6.6,5.0,7.0,6.8,7.7,1800.0,1670.6,5883.2,543
1460,00:24:51,55.02,5.7,5.2,5.0,5.0,5.0,1800.0,1672.4,5881.4,546
1461,00:24:52,54.53,5.7,7.9,5.9,4.9,5.0,1800.0,1672.4,5881.4,543
1462,00:24:53,55.5,5.2,3.0,6.9,5.8,5.0,1800.0,1672.6,5881.2,543
1463,00:24:54,55.02,4.0,5.0,5.0,3.0,4.0,1800.0,1672.4,5881.4,543
1464,00:24:55,55.5,9.2,8.1,6.1,9.1,12.6,800.0,1672.8,5881.0,543
1465,00:24:56,54.04,9.0,6.1,12.6,9.0,9.8,1800.0,1672.8,5881.0,546
1466,00:24:57,55.02,4.5,7.0,4.0,4.0,3.0,1800.0,1673.5,5880.3,543
1467,00:24:58,55.5,5.2,3.1,6.9,4.0,5.0,1800.0,1673.5,5880.3,543
1468,00:24:59,55.99,4.7,3.0,5.9,4.9,6.0,1800.0,1673.5,5880.3,543
1469,00:25:00,55.02,5.0,5.0,5.9,4.0,4.0,1800.0,1673.7,5880.0,543
1470,00:25:01,55.5,8.2,11.2,7.1,5.9,10.7,700.0,1675.5,5878.3,546
1471,00:25:02,55.02,8.8,7.1,10.8,5.9,9.7,700.0,1674.4,5879.3,543
1472,00:25:03,55.99,7.6,5.1,10.8,3.9,10.7,700.0,1674.4,5879.4,543
1473,00:25:04,54.04,7.9,6.1,9.6,6.9,8.7,600.0,1674.3,5879.4,543
1474,00:25:05,55.02,5.9,8.0,6.9,3.9,4.9,1800.0,1674.5,5879.3,543
1475,00:25:06,54.53,6.0,8.1,5.0,4.0,5.1,1800.0,1676.5,5877.3,546
1476,00:25:07,55.02,4.5,4.0,4.0,5.9,5.0,1800.0,1675.3,5878.5,543
1477,00:25:08,54.53,3.8,5.1,5.0,3.0,3.0,1800.0,1674.9,5878.9,543
1478,00:25:09,55.02,6.0,5.1,6.0,7.8,5.0,1800.0,1674.9,5878.9,543
1479,00:25:10,54.53,7.7,6.2,6.9,7.9,8.1,600.0,1675.4,5878.3,543
1480,00:25:11,54.53,10.8,9.8,12.4,10.5,10.6,1800.0,1675.9,5877.9,546
1481,00:25:12,54.53,5.5,5.9,3.0,7.8,5.9,1800.0,1674.9,5878.8,543
1482,00:25:13,55.99,5.7,8.8,3.0,7.7,3.0,1800.0,1674.7,5879.1,543
1483,00:25:14,55.5,12.7,30.1,7.6,5.0,5.0,1800.0,1675.6,5878.2,543
1484,00:25:15,55.02,6.8,8.2,7.0,6.1,3.0,700.0,1676.3,5877.5,545
1485,00:25:16,55.5,8.4,6.1,7.8,10.9,7.8,1800.0,1676.5,5877.3,543
1486,00:25:17,55.5,4.3,5.1,5.0,5.0,4.9,1800.0,1678.1,5875.7,543
1487,00:25:18,55.02,5.0,4.0,3.0,6.9,4.0,1800.0,1678.0,5875.8,543
1488,00:25:19,54.53,5.0,3.1,5.9,5.0,5.9,1800.0,1678.7,5875.1,543
1489,00:25:20,54.53,5.7,6.1,6.9,5.0,5.1,1800.0,1678.9,5874.9,546
1490,00:25:21,54.53,6.0,4.1,5.9,8.9,5.9,800.0,1679.1,5874.7,543
1491,00:25:22,54.04,7.9,10.3,8.7,6.8,5.9,600.0,1679.1,5874.7,543
1492,00:25:23,55.02,8.1,3.1,7.8,15.4,6.8,700.0,1679.1,5874.7,543
1493,00:25:25,55.02,7.4,8.1,5.9,8.9,4.0,600.0,1679.3,5874.5,543
1494,00:25:26,54.53,11.3,7.1,14.4,14.7,8.7,1800.0,1681.0,5872.7,546
1495,00:25:27,54.53,5.0,5.0,4.0,7.8,5.0,1800.0,1681.0,5872.7,543
1496,00:25:28,55.5,4.5,4.1,3.0,4.0,6.7,1800.0,1680.7,5873.1,543
1497,00:25:29,55.5,5.0,5.0,5.9,4.9,5.0,1800.0,1680.0,5873.8,543
1498,00:25:30,55.99,4.0,3.0,5.0,4.0,5.0,1800.0,1680.0,5873.8,543
1499,00:25:31,55.02,6.5,6.3,5.0,5.1,7.9,700.0,1681.2,5872.6,546
1500,00:25:32,55.5,7.6,8.0,7.8,7.8,8.7,700.0,1681.2,5872.6,543
1501,00:25:33,55.5,7.8,6.1,8.7,8.8,5.9,1800.0,1680.9,5872.9,543
1502,00:25:34,55.02,5.0,6.9,5.0,5.0,3.0,1800.0,1680.9,5872.9,543
1503,00:25:35,55.99,4.2,4.1,4.0,4.9,5.0,1800.0,1680.9,5872.9,543
1504,00:25:36,55.5,6.5,6.1,6.0,7.9,5.9,1800.0,1682.1,5871.7,546
1505,00:25:37,55.99,4.5,3.1,4.9,5.9,3.1,1800.0,1682.4,5871.4,543
1506,00:25:38,55.5,8.1,9.4,6.0,11.9,5.1,900.0,1682.1,5871.7,543
1507,00:25:39,55.02,8.0,6.1,9.9,9.0,6.9,1000.0,1682.1,5871.7,543
1508,00:25:40,55.02,8.5,7.2,13.6,7.0,5.9,900.0,1682.3,5871.5,543
1509,00:25:41,54.04,10.7,16.0,6.0,11.8,9.9,1800.0,1684.7,5869.1,546
1510,00:25:42,54.53,5.2,5.0,5.0,6.9,4.9,1800.0,1683.9,5869.9,543
1511,00:25:43,55.02,5.9,5.0,6.8,5.0,5.9,1800.0,1683.8,5870.0,543
1512,00:25:44,55.5,10.8,14.7,5.9,16.5,4.0,1800.0,1683.7,5870.1,543
1513,00:25:45,55.02,4.7,5.0,2.0,5.9,5.8,1800.0,1683.5,5870.2,543
1514,00:25:46,55.02,8.2,8.2,6.9,11.9,5.0,700.0,1685.6,5868.2,546
1515,00:25:47,55.5,9.1,7.1,11.8,10.6,7.8,800.0,1685.6,5868.2,543
1516,00:25:48,54.04,7.7,5.1,5.9,11.8,6.9,700.0,1685.6,5868.2,543
1517,00:25:49,55.5,6.3,4.0,7.6,9.7,4.0,1800.0,1685.6,5868.2,543
1518,00:25:50,55.02,4.2,8.0,3.0,5.0,3.0,1800.0,1685.3,5868.5,543
1519,00:25:51,55.02,6.7,4.1,6.9,6.0,8.7,1800.0,1686.7,5867.0,546
1520,00:25:52,55.99,4.5,3.1,3.0,5.9,4.0,1800.0,1685.9,5867.9,543
1521,00:25:53,55.02,4.5,5.1,3.0,5.0,5.9,700.0,1685.4,5868.4,543
1522,00:25:54,54.53,5.9,4.0,3.9,10.6,5.8,1800.0,1684.8,5869.0,543
1523,00:25:55,55.02,4.7,4.0,4.0,5.0,4.0,1800.0,1684.8,5869.0,543
1524,00:25:56,55.02,6.7,6.1,6.9,9.8,5.8,1800.0,1685.2,5868.6,546
1525,00:25:57,55.5,5.7,4.0,4.0,7.9,5.9,1800.0,1685.0,5868.8,543
1526,00:25:58,55.99,4.3,5.0,5.1,4.9,4.0,700.0,1684.7,5869.1,543
1527,00:25:59,55.02,8.5,6.0,6.9,10.7,8.8,1800.0,1684.6,5869.2,543
1528,00:26:00,55.99,5.0,5.1,4.0,5.9,5.9,1800.0,1685.1,5868.7,545
1529,00:26:01,55.5,6.5,7.0,7.0,5.0,6.0,1800.0,1685.3,5868.5,546
1530,00:26:02,55.99,5.2,5.1,6.9,6.9,3.0,1800.0,1685.0,5868.7,543
1531,00:26:03,55.02,4.7,5.0,5.0,5.9,3.0,700.0,1685.5,5868.3,543
1532,00:26:04,54.53,6.8,5.0,5.9,11.3,5.8,1800.0,1685.5,5868.3,543
1533,00:26:05,54.53,6.7,5.2,8.8,5.9,4.0,1800.0,1686.2,5867.6,546
1534,00:26:06,55.5,4.7,4.0,3.0,7.8,5.9,1800.0,1685.8,5868.0,543
1535,00:26:07,55.02,4.2,1.0,4.0,5.0,6.9,1800.0,1685.4,5868.3,543
1536,00:26:08,55.5,4.5,5.0,2.0,6.9,4.0,700.0,1685.4,5868.4,543
1537,00:26:09,54.53,7.3,4.0,5.8,12.6,8.7,1800.0,1685.3,5868.5,543
1538,00:26:10,55.99,8.4,7.2,7.8,8.8,9.6,1800.0,1685.9,5867.9,546
1539,00:26:11,55.5,6.2,7.9,7.8,6.1,2.0,1800.0,1687.1,5866.7,543
1540,00:26:12,55.5,4.7,6.1,3.0,5.0,5.0,1800.0,1687.1,5866.7,543
1541,00:26:13,55.02,12.6,20.9,4.0,5.9,17.8,1800.0,1687.4,5866.4,543
1542,00:26:14,55.02,6.9,6.9,5.8,7.9,6.8,1800.0,1687.7,5866.0,543
1543,00:26:16,54.53,6.2,4.1,5.1,5.9,8.8,1800.0,1689.2,5864.6,546
1544,00:26:17,54.53,5.7,4.0,6.9,5.9,5.9,1800.0,1688.8,5865.0,543
1545,00:26:18,54.53,4.7,7.0,3.0,5.0,3.9,1800.0,1688.7,5865.1,543
1546,00:26:19,56.48,4.0,4.0,3.9,5.0,5.0,1800.0,1689.0,5864.7,543
1547,00:26:20,55.5,8.5,8.2,9.0,8.8,6.9,600.0,1689.3,5864.5,541
1548,00:26:21,55.02,10.6,9.0,7.8,12.7,12.6,1800.0,1689.7,5864.0,544
1549,00:26:22,55.5,5.0,4.0,4.0,5.9,4.0,1800.0,1689.0,5864.7,541
1550,00:26:23,55.5,4.0,1.0,4.0,6.0,4.9,1800.0,1689.0,5864.7,541
1551,00:26:24,55.99,4.7,4.0,6.8,6.9,2.0,1800.0,1689.3,5864.5,541
1552,00:26:25,54.53,4.0,3.1,4.0,6.0,2.0,1800.0,1689.0,5864.7,541
1553,00:26:26,55.5,6.3,6.1,5.9,8.0,7.8,700.0,1690.4,5863.4,544
1554,00:26:27,55.99,9.4,10.1,11.7,7.8,6.9,700.0,1690.8,5863.0,541
1555,00:26:28,54.53,8.7,9.3,5.1,11.0,8.7,1000.0,1690.5,5863.3,541
1556,00:26:29,55.5,6.4,7.1,6.8,7.8,4.0,1800.0,1690.5,5863.3,541
1557,00:26:30,54.53,5.5,5.2,5.9,4.0,5.0,1800.0,1690.4,5863.4,541
1558,00:26:31,55.5,7.3,6.1,10.0,6.9,8.0,1800.0,1692.8,5861.0,544
1559,00:26:32,56.48,6.0,5.1,6.0,7.0,4.9,1800.0,1692.6,5861.2,541
1560,00:26:33,55.99,5.9,6.1,5.0,6.8,5.0,1800.0,1692.5,5861.3,541
1561,00:26:34,54.53,9.6,12.1,11.9,8.0,10.0,900.0,1692.6,5861.2,541
1562,00:26:35,55.99,10.4,7.3,14.6,12.9,5.0,900.0,1692.6,5861.2,541
1563,00:26:36,55.5,9.5,9.1,8.9,13.6,7.8,1800.0,1692.9,5860.9,544
1564,00:26:37,55.5,6.0,7.1,4.0,5.0,5.9,1800.0,1693.3,5860.5,541
1565,00:26:38,55.02,6.5,5.1,7.8,8.8,3.0,1800.0,1693.2,5860.6,541
1566,00:26:39,55.02,5.2,8.1,5.0,5.0,5.0,1800.0,1693.1,5860.6,541
1567,00:26:40,55.02,6.4,6.0,5.9,7.9,4.9,1800.0,1693.1,5860.7,541
1568,00:26:41,55.02,10.8,9.3,10.0,16.8,6.1,1800.0,1694.3,5859.5,544
1569,00:26:42,55.99,6.7,9.7,6.9,5.0,6.9,1800.0,1695.1,5858.7,541
1570,00:26:43,55.02,13.8,24.2,8.8,5.0,13.3,1800.0,1695.2,5858.5,541
1571,00:26:44,55.02,4.5,4.1,3.9,4.0,6.9,1800.0,1693.7,5860.1,541
1572,00:26:45,55.5,5.2,5.1,3.0,4.0,7.8,1800.0,1693.9,5859.8,541
1573,00:26:46,56.48,7.1,8.3,7.9,4.1,8.0,600.0,1694.7,5859.1,545
1574,00:26:47,55.99,8.6,7.9,6.7,9.8,11.4,600.0,1695.2,5858.6,542
1575,00:26:48,55.02,8.5,9.0,4.9,10.6,9.6,700.0,1694.9,5858.9,542
1576,00:26:49,55.02,6.7,4.1,4.0,7.8,8.7,1800.0,1694.7,5859.1,542
1577,00:26:50,55.99,4.2,3.1,6.9,4.0,3.0,1800.0,1694.7,5859.1,542
1578,00:26:51,55.99,7.2,8.0,7.9,5.9,6.9,1800.0,1695.7,5858.1,545
1579,00:26:52,55.02,4.7,4.0,4.0,6.8,5.1,1800.0,1695.3,5858.5,542
1580,00:26:53,55.02,5.0,4.0,6.8,5.9,3.9,1800.0,1694.9,5858.8,542
1581,00:26:54,55.02,8.3,7.3,7.1,7.9,11.0,700.0,1694.7,5859.1,542
1582,00:26:55,54.53,10.2,11.1,6.9,12.9,10.8,1100.0,1695.5,5858.3,543
1583,00:26:56,55.5,5.7,5.1,4.9,7.8,3.9,1800.0,1696.0,5857.8,543
1584,00:26:57,55.99,6.2,8.0,4.9,4.0,7.8,1800.0,1696.0,5857.8,542
1585,00:26:58,55.02,5.0,4.1,4.9,4.0,5.9,1800.0,1696.0,5857.8,542
1586,00:26:59,54.53,5.2,5.0,6.8,4.0,6.7,1800.0,1696.0,5857.8,542
1587,00:27:00,54.53,7.0,5.1,8.0,6.9,6.0,700.0,1696.8,5857.0,545
1588,00:27:01,55.5,9.1,9.0,6.8,13.6,6.8,800.0,1696.5,5857.3,542
1589,00:27:02,54.53,8.9,8.2,11.7,8.8,5.9,600.0,1696.2,5857.6,542
1590,00:27:03,55.02,6.3,5.8,5.9,6.7,7.5,1800.0,1696.2,5857.6,542
1591,00:27:05,54.53,4.3,4.0,6.9,4.0,3.0,1800.0,1696.4,5857.4,542
1592,00:27:06,55.5,30.0,28.7,28.6,32.4,30.4,1800.0,1673.1,5880.7,545
1593,00:27:07,55.99,5.4,5.9,5.9,6.0,4.0,1800.0,1672.1,5881.6,543
1594,00:27:08,55.02,6.4,5.1,6.8,5.9,6.9,700.0,1671.9,5881.7,543
1595,00:27:09,54.53,9.6,9.1,7.9,12.5,10.5,900.0,1671.9,5881.8,543
1596,00:27:10,55.02,8.0,7.3,4.0,8.8,9.6,700.0,1672.0,5881.8,543
1597,00:27:11,55.99,9.3,7.9,9.7,11.7,6.9,1800.0,1674.1,5879.7,546
1598,00:27:12,55.5,5.7,7.0,4.0,7.8,3.0,1800.0,1673.1,5880.7,543
1599,00:27:13,54.53,11.0,18.4,14.9,4.0,5.0,1800.0,1672.9,5880.7,543
1600,00:27:14,54.53,4.7,4.0,8.7,5.0,4.0,1800.0,1672.8,5881.0,543
1601,00:27:15,55.5,5.5,6.1,4.0,4.0,5.0,1800.0,1672.7,5881.1,543
1602,00:27:16,56.48,27.6,27.0,34.7,30.7,19.4,1800.0,1695.7,5858.0,546
1603,00:27:17,55.99,20.2,20.0,17.8,18.2,25.7,1800.0,1690.9,5862.3,543
1604,00:27:18,55.5,5.5,6.1,2.0,5.9,7.9,1800.0,1688.8,5864.5,543
1605,00:27:19,55.99,24.8,20.2,16.0,35.9,26.5,1800.0,1696.4,5847.7,543
1606,00:27:20,55.99,19.8,18.4,22.0,18.0,20.4,1800.0,1692.7,5850.2,543
1607,00:27:21,55.02,7.3,4.1,5.1,11.9,6.9,1800.0,1695.6,5865.4,546
1608,00:27:22,55.02,2.7,3.0,2.9,2.9,3.9,1800.0,1692.3,5868.7,543
1609,00:27:23,55.99,13.4,13.3,14.9,13.0,12.0,1800.0,1694.1,5871.6,543
1610,00:27:24,55.99,2.2,1.0,2.0,2.0,4.0,1800.0,1693.7,5876.4,543
1611,00:27:25,55.99,2.0,1.0,2.0,2.9,3.0,1800.0,1691.9,5878.1,543
1612,00:27:26,55.99,12.6,7.4,18.3,9.2,15.0,1800.0,1691.4,5878.3,546
1613,00:27:27,55.5,4.7,4.0,4.0,4.0,5.0,1800.0,1687.5,5892.1,543
1614,00:27:28,54.53,4.8,6.2,2.0,6.9,5.9,1800.0,1686.8,5892.9,543
1615,00:27:29,56.48,33.8,34.0,29.0,29.7,40.8,1800.0,1685.6,5893.9,543
1616,00:27:30,55.99,13.2,12.2,15.8,10.0,15.8,1800.0,1685.4,5893.5,543
1617,00:27:31,55.5,5.0,5.1,5.9,5.0,4.9,800.0,1685.6,5893.4,546
1618,00:27:32,55.99,29.1,30.0,30.1,31.1,25.0,1800.0,1683.8,5894.1,543
1619,00:27:33,55.5,8.3,11.2,8.8,7.0,6.1,1800.0,1684.2,5893.6,543
1620,00:27:34,55.99,3.7,5.1,1.0,4.0,3.0,1800.0,1684.3,5893.5,543
1621,00:27:35,56.97,4.2,4.1,3.9,5.0,4.0,1800.0,1685.1,5894.2,543
1622,00:27:36,55.99,5.5,6.1,5.0,7.8,4.0,1800.0,1686.1,5894.4,546
1623,00:27:37,56.48,5.0,2.1,2.0,8.0,6.0,700.0,1685.6,5894.4,543
1624,00:27:38,55.99,6.2,5.9,3.9,8.7,7.9,700.0,1685.9,5894.0,543
1625,00:27:39,55.5,7.1,6.1,2.9,9.8,8.7,700.0,1685.8,5894.1,543
1626,00:27:40,55.99,6.1,5.0,5.8,5.8,8.7,1800.0,1686.0,5893.8,543
1627,00:27:41,55.99,7.6,9.0,4.9,6.9,9.6,1800.0,1686.0,5893.8,546
1628,00:27:42,56.48,11.3,20.0,10.9,6.9,5.0,1800.0,1686.0,5893.7,543
1629,00:27:43,55.02,2.8,3.0,4.0,2.0,4.0,1800.0,1685.7,5893.9,543
1630,00:27:44,55.02,3.0,3.0,0.0,3.9,3.9,1800.0,1685.4,5894.3,543
1631,00:27:45,55.5,5.3,5.2,8.7,3.0,5.1,700.0,1685.7,5893.8,544
1632,00:27:46,55.02,8.5,6.9,6.8,11.5,9.7,1800.0,1686.8,5892.8,546
1633,00:27:47,55.02,3.7,3.1,3.0,2.0,6.8,1800.0,1685.8,5894.0,543
1634,00:27:48,55.02,3.0,4.0,2.0,2.0,3.0,1800.0,1685.5,5894.3,543
1635,00:27:49,55.99,3.5,4.0,3.9,2.0,4.0,1800.0,1685.5,5894.3,543
1636,00:27:50,56.48,4.0,2.1,4.0,6.9,3.0,1800.0,1685.6,5894.3,546
1637,00:27:51,55.5,5.5,3.2,4.0,5.0,8.8,800.0,1685.5,5894.4,543
1638,00:27:52,54.04,4.7,6.1,5.0,3.9,5.9,700.0,1685.5,5894.4,543
1639,00:27:53,55.5,5.7,4.1,3.9,4.9,8.8,600.0,1685.5,5894.4,543
1640,00:27:54,55.02,4.6,2.0,2.9,5.8,6.7,1800.0,1685.7,5894.1,543
1641,00:27:55,55.5,5.0,4.0,5.9,4.9,5.9,1800.0,1685.7,5894.1,546
1642,00:27:56,55.02,4.0,2.0,3.0,4.9,6.9,1800.0,1685.7,5894.1,544
1643,00:27:57,55.5,3.2,2.0,2.9,3.0,3.0,1800.0,1685.7,5894.1,544
1644,00:27:59,55.02,3.2,4.9,3.0,2.9,4.9,700.0,1685.7,5894.1,544
1645,00:28:00,54.04,5.6,5.0,2.9,4.9,8.7,1800.0,1685.8,5894.0,544
1646,00:28:01,55.5,4.5,6.1,4.0,2.0,4.0,1800.0,1686.6,5893.3,547
1647,00:28:02,55.5,4.0,5.9,2.0,3.9,5.0,1800.0,1686.1,5893.8,544
1648,00:28:03,55.02,3.7,3.0,3.0,3.9,5.8,1800.0,1686.1,5893.8,544
1649,00:28:04,55.99,3.2,2.0,3.0,4.0,3.9,1800.0,1686.0,5893.9,544
1650,00:28:05,55.02,5.3,3.0,3.9,6.6,5.0,1800.0,1686.0,5893.9,544
1651,00:28:06,55.99,4.3,5.1,2.0,5.0,5.0,1800.0,1687.4,5892.4,547
1652,00:28:07,55.5,3.5,4.0,4.9,2.0,4.9,1800.0,1687.6,5892.3,544
1653,00:28:08,55.5,2.5,1.0,2.0,2.0,4.0,1800.0,1687.5,5892.3,544
1654,00:28:09,55.02,3.5,2.0,3.0,4.9,4.9,1800.0,1687.3,5892.6,544
1655,00:28:10,55.5,8.1,7.9,9.5,7.9,6.9,1800.0,1687.0,5892.8,544
1656,00:28:11,55.02,9.5,7.8,17.9,5.0,4.9,1800.0,1688.0,5891.9,547
1657,00:28:12,55.5,9.2,22.6,4.0,4.9,4.0,1800.0,1688.4,5891.4,543
1658,00:28:13,55.5,4.7,3.1,6.9,3.0,4.0,1800.0,1688.5,5891.3,543
1659,00:28:14,55.99,3.5,3.0,5.9,3.0,4.0,1800.0,1688.5,5891.4,543
1660,00:28:15,54.53,7.0,6.1,9.9,5.1,5.9,700.0,1688.6,5891.2,543
1661,00:28:16,55.02,10.7,11.1,7.8,13.2,9.8,1800.0,1688.4,5891.4,546
1662,00:28:17,55.5,4.5,3.1,6.8,5.0,4.9,1800.0,1687.8,5892.0,543
1663,00:28:18,55.02,3.3,2.1,3.0,3.1,2.9,1800.0,1688.3,5891.5,543
1664,00:28:19,55.99,4.7,5.1,4.0,6.9,3.9,1800.0,1688.0,5892.4,543
1665,00:28:20,55.02,4.5,4.1,3.9,6.9,2.0,1800.0,1687.9,5892.4,543
1666,00:28:21,55.5,7.0,5.2,6.9,12.6,4.9,800.0,1687.4,5893.0,546
1667,00:28:22,55.5,5.1,8.9,3.9,5.9,1.0,1800.0,1687.0,5893.3,543
1668,00:28:23,55.99,4.7,5.1,4.0,5.0,3.0,1800.0,1686.7,5893.6,543
1669,00:28:24,55.02,2.7,3.1,2.0,4.9,2.9,1800.0,1686.7,5893.7,543
1670,00:28:25,55.5,3.2,4.0,2.9,3.0,3.0,1800.0,1687.0,5893.4,543
1671,00:28:26,55.5,5.0,6.1,6.0,4.0,4.0,700.0,1687.4,5892.9,546
1672,00:28:27,55.5,5.7,8.2,6.7,5.8,2.9,600.0,1687.6,5892.8,543
1673,00:28:28,55.99,4.1,7.8,1.9,3.8,2.0,1800.0,1687.1,5893.3,543
1674,00:28:29,54.53,3.0,2.0,2.0,3.0,4.9,1800.0,1687.0,5893.4,543
1675,00:28:30,54.53,2.3,5.1,2.0,2.0,1.0,1800.0,1687.4,5893.0,543
1676,00:28:31,55.5,4.7,5.1,3.0,3.0,6.9,1800.0,1689.3,5891.1,546
1677,00:28:32,55.5,3.7,6.0,2.0,3.9,3.0,700.0,1689.4,5890.9,543
1678,00:28:33,54.04,3.9,6.9,2.9,3.8,2.0,1800.0,1689.3,5891.1,543
1679,00:28:34,55.5,4.0,5.0,3.0,2.0,3.9,1800.0,1689.3,5891.1,543
1680,00:28:35,55.02,2.5,3.1,3.0,3.0,2.0,1800.0,1689.5,5890.9,543
1681,00:28:36,55.5,6.4,8.1,5.9,4.9,7.8,1800.0,1691.5,5888.9,546
1682,00:28:37,55.99,4.0,5.9,3.0,3.9,1.0,700.0,1691.7,5888.7,543
1683,00:28:38,55.5,5.4,7.1,3.9,5.8,3.9,700.0,1691.4,5888.9,543
1684,00:28:39,55.02,27.8,31.4,27.2,26.2,26.7,1800.0,1677.8,5902.6,543
1685,00:28:40,56.48,11.5,13.8,18.5,8.6,5.0,1800.0,1677.6,5902.7,546
1686,00:28:41,55.02,3.5,3.1,3.0,4.0,3.9,1800.0,1677.8,5902.3,543
1687,00:28:42,54.53,3.0,4.0,3.9,3.0,2.0,1800.0,1677.8,5902.4,543
1688,00:28:43,55.02,3.0,4.1,3.0,3.0,2.0,1800.0,1677.4,5902.9,543
1689,00:28:44,55.5,4.5,8.0,4.0,3.0,3.0,700.0,1677.2,5903.2,543
1690,00:28:45,56.48,6.8,8.9,3.9,7.7,5.7,1800.0,1680.5,5899.9,546
1691,00:28:46,55.5,3.2,5.1,2.9,3.0,2.0,1800.0,1680.4,5900.0,543
1692,00:28:47,54.53,4.0,4.0,3.0,2.0,5.8,1800.0,1679.9,5900.5,543
1693,00:28:48,56.48,2.8,4.1,2.9,2.0,3.0,1800.0,1679.7,5900.7,543
1694,00:28:49,55.02,2.5,5.0,3.0,1.0,2.0,700.0,1679.7,5900.7,543
1695,00:28:51,55.02,6.8,7.0,5.8,5.8,7.8,1800.0,1680.4,5900.0,546
1696,00:28:52,56.48,3.2,3.0,3.9,3.0,3.9,1800.0,1679.7,5900.6,543
1697,00:28:53,55.5,3.5,4.0,2.9,3.0,2.9,1800.0,1679.2,5900.9,543
1698,00:28:54,55.02,3.5,6.0,1.0,3.0,3.0,1800.0,1678.8,5901.4,543
1699,00:28:55,55.99,3.7,5.0,3.9,3.9,3.9,700.0,1679.0,5901.3,543
1700,00:28:56,56.48,6.3,9.8,4.8,5.9,4.9,1800.0,1681.7,5898.7,546
1701,00:28:57,55.02,3.7,4.1,4.9,3.9,2.0,1800.0,1681.6,5898.7,543
1702,00:28:58,55.5,3.0,4.0,2.0,2.0,3.9,1800.0,1680.8,5899.6,543
1703,00:28:59,55.02,2.5,3.0,2.0,3.0,2.0,1800.0,1680.7,5899.6,543
1704,00:29:00,55.99,2.5,4.0,2.0,1.0,2.0,1800.0,1680.7,5899.7,543
1705,00:29:01,54.53,5.9,11.8,1.0,6.8,4.9,1800.0,1681.8,5898.6,546
1706,00:29:02,55.02,3.7,4.0,3.9,4.0,3.9,1800.0,1681.7,5898.7,543
1707,00:29:03,55.02,2.7,5.0,0.0,3.0,2.0,1800.0,1681.3,5899.1,543
1708,00:29:04,56.48,3.0,3.1,4.9,2.9,1.0,1800.0,1681.5,5898.9,543
1709,00:29:05,55.02,3.2,5.0,2.0,2.0,2.0,1800.0,1681.4,5899.0,543
1710,00:29:06,54.53,9.7,11.2,10.6,12.6,6.8,600.0,1683.4,5896.9,546
1711,00:29:07,54.04,6.4,12.6,5.0,5.0,2.9,600.0,1683.3,5897.1,543
1712,00:29:08,57.45,40.6,47.2,42.9,36.9,34.3,1800.0,1682.5,5897.4,544
1713,00:29:09,55.5,24.0,27.8,25.0,19.6,22.9,1800.0,1681.5,5898.2,544
1714,00:29:10,55.99,26.0,35.4,15.3,36.6,12.7,1800.0,1682.8,5896.9,544
1715,00:29:11,56.48,21.8,17.7,18.2,25.7,26.0,1800.0,1686.1,5894.0,547
1716,00:29:12,55.5,38.9,38.5,46.9,36.0,34.0,1000.0,1686.5,5893.1,544
1717,00:29:13,55.5,4.7,3.0,6.8,5.8,3.9,1800.0,1686.4,5893.3,544
1718,00:29:14,57.45,2.3,2.0,4.0,1.0,3.0,1800.0,1685.1,5894.6,544
1719,00:29:15,56.48,4.2,5.0,5.9,4.0,1.0,1800.0,1685.5,5894.9,544
1720,00:29:16,55.99,37.1,41.2,36.0,36.7,34.3,1800.0,1688.7,5891.2,547
1721,00:29:17,56.48,4.0,3.0,6.9,2.0,4.0,1800.0,1688.2,5891.7,544
1722,00:29:18,55.99,6.2,3.1,9.7,5.9,5.9,600.0,1687.2,5892.6,544
1723,00:29:19,56.48,5.4,5.0,8.8,5.9,2.0,600.0,1686.9,5893.4,544
1724,00:29:20,54.53,6.1,4.0,6.8,4.9,8.3,700.0,1686.3,5894.0,544
1725,00:29:21,55.5,6.6,6.0,6.9,5.8,5.9,1800.0,1687.7,5892.6,547
1726,00:29:22,55.99,3.2,3.1,4.0,5.0,3.9,1800.0,1687.5,5892.7,544
1727,00:29:23,55.5,2.7,2.0,3.0,2.0,3.0,1800.0,1687.0,5893.3,544
1728,00:29:24,55.99,3.2,3.0,3.0,4.0,2.0,1800.0,1686.7,5893.5,544
1729,00:29:25,55.99,3.2,3.0,4.9,3.0,3.0,1800.0,1686.5,5893.8,544
1730,00:29:26,55.5,8.2,6.3,8.8,7.9,8.8,600.0,1687.9,5892.4,547
1731,00:29:27,55.02,6.3,5.0,10.5,4.9,5.8,1800.0,1686.5,5893.9,544
1732,00:29:28,55.02,3.0,4.0,3.0,3.0,3.0,1800.0,1686.2,5894.2,544
1733,00:29:29,55.02,3.2,1.0,3.0,3.0,3.9,1800.0,1685.8,5894.4,544
1734,00:29:30,55.5,4.7,6.1,7.8,3.0,2.0,1800.0,1686.9,5893.3,547
1735,00:29:31,55.99,3.2,2.0,5.9,3.0,3.0,700.0,1687.3,5893.0,544
1736,00:29:32,55.02,6.8,7.9,9.5,7.6,4.9,700.0,1684.5,5895.9,544
1737,00:29:33,54.53,5.7,5.1,7.8,3.0,4.0,600.0,1684.7,5895.7,544
1738,00:29:34,54.53,4.2,4.0,5.9,2.0,3.9,1800.0,1684.4,5896.0,544
1739,00:29:35,55.99,4.7,3.0,7.8,3.0,4.0,1800.0,1685.5,5894.9,547
1740,00:29:36,55.5,3.2,4.0,4.9,4.0,3.0,1800.0,1685.2,5895.2,544
1741,00:29:37,55.02,4.0,4.0,3.0,3.9,2.0,1800.0,1684.8,5895.6,544
1742,00:29:38,53.56,8.7,8.5,17.1,3.0,4.9,1800.0,1684.9,5895.4,544
1743,00:29:40,55.5,7.4,10.8,5.0,9.7,6.9,700.0,1684.9,5895.5,544
1744,00:29:41,55.99,7.7,5.1,11.7,4.0,8.9,1800.0,1686.2,5894.2,547
1745,00:29:42,55.99,3.2,2.0,4.0,3.9,2.0,1800.0,1686.4,5894.0,544
1746,00:29:43,55.02,3.7,2.0,5.0,3.0,3.9,1800.0,1686.5,5893.9,544
1747,00:29:44,55.99,2.8,4.0,5.0,1.0,3.0,1800.0,1686.5,5893.9,544
1748,00:29:45,55.02,3.5,3.0,5.0,2.0,2.9,1800.0,1686.2,5894.2,544
1749,00:29:46,55.02,5.0,4.0,5.9,5.0,5.9,700.0,1686.9,5893.4,547
1750,00:29:47,55.5,5.4,2.0,6.9,4.8,5.8,1800.0,1687.4,5892.9,544
1751,00:29:48,55.99,3.0,3.0,3.0,3.9,3.0,1800.0,1687.8,5892.6,544
1752,00:29:49,54.53,3.0,3.0,4.0,1.0,4.9,1800.0,1687.8,5892.6,544
1753,00:29:50,55.02,3.7,1.0,4.9,4.8,4.0,1800.0,1688.3,5892.1,544
1754,00:29:51,54.04,4.5,3.1,5.0,5.0,4.0,1800.0,1689.0,5891.4,547
1755,00:29:52,55.02,5.5,4.0,6.9,4.0,5.9,1800.0,1689.2,5891.1,544
1756,00:29:53,55.02,2.5,2.0,5.0,3.0,1.0,1800.0,1688.9,5891.5,543
1757,00:29:54,55.5,2.7,2.0,3.9,3.0,3.0,1800.0,1688.4,5892.0,543
1758,00:29:55,55.5,3.7,5.0,3.0,2.0,4.9,1800.0,1688.3,5892.1,543
1759,00:29:56,55.5,5.2,5.0,6.9,5.9,3.9,1800.0,1689.7,5890.7,546
1760,00:29:57,55.02,5.5,5.1,7.8,5.0,5.0,700.0,1689.7,5890.7,543
1761,00:29:58,54.53,7.8,4.1,12.5,7.8,5.8,600.0,1689.9,5890.5,543
1762,00:29:59,55.99,5.7,5.1,7.8,2.9,5.8,700.0,1689.6,5890.8,543
1763,00:30:00,55.02,25.3,23.0,26.5,25.0,27.2,1800.0,1677.3,5903.1,543
1764,00:30:01,55.02,4.7,4.0,6.9,5.9,2.0,1800.0,1677.8,5902.4,546
1765,00:30:02,55.02,3.0,1.0,2.0,4.0,4.9,1800.0,1677.8,5902.4,543
1766,00:30:03,54.04,4.2,5.0,5.0,4.0,2.0,1800.0,1678.0,5902.3,543
1767,00:30:04,55.5,2.5,1.0,4.9,2.9,1.0,1800.0,1678.1,5902.3,543
1768,00:30:05,55.02,4.8,3.1,5.9,6.0,4.9,700.0,1678.0,5902.4,543
1769,00:30:06,55.5,8.1,5.0,9.0,7.7,9.7,1800.0,1678.3,5902.1,546
1770,00:30:07,55.5,2.8,5.0,3.0,1.0,1.0,1800.0,1678.1,5902.3,543
1771,00:30:08,55.5,11.6,20.8,5.0,16.2,3.0,1800.0,1678.3,5902.1,543
1772,00:30:09,54.53,4.7,5.0,6.8,4.0,3.8,1800.0,1678.8,5901.5,543
1773,00:30:10,55.5,3.0,4.0,2.0,3.0,2.0,1800.0,1678.8,5901.5,543
1774,00:30:11,55.02,5.8,6.1,6.9,6.1,5.9,700.0,1677.0,5903.3,546
1775,00:30:12,55.99,6.1,5.1,8.8,5.9,3.9,700.0,1676.9,5903.4,543
1776,00:30:13,55.02,5.2,6.9,5.9,4.0,3.9,700.0,1676.7,5903.4,543
1777,00:30:14,54.53,5.2,4.1,7.8,3.9,4.9,700.0,1676.5,5903.7,543
1778,00:30:15,55.02,5.6,5.0,8.7,3.0,3.9,1800.0,1676.7,5903.6,543
1779,00:30:16,55.02,5.5,6.1,6.9,4.0,6.9,1800.0,1678.7,5901.6,546
1780,00:30:17,55.5,4.7,4.0,4.9,4.9,5.0,1800.0,1678.5,5901.9,543
1781,00:30:18,54.53,4.2,3.0,3.0,2.0,6.7,1800.0,1678.5,5901.9,543
1782,00:30:19,55.5,2.5,1.0,4.0,3.0,2.0,1800.0,1678.5,5901.9,543
1783,00:30:20,54.04,8.0,10.3,7.8,5.9,9.0,700.0,1680.3,5900.1,543
1784,00:30:21,55.99,4.6,3.0,5.8,2.9,5.8,1800.0,1681.4,5899.0,545
1785,00:30:22,54.53,3.2,3.0,5.0,2.0,4.0,1800.0,1681.1,5899.2,543
1786,00:30:23,55.02,3.7,3.0,4.9,5.0,2.0,1800.0,1680.9,5899.5,543
1787,00:30:24,55.02,2.7,2.0,4.0,2.0,2.0,1800.0,1680.6,5899.8,543
1788,00:30:25,55.99,5.2,6.1,6.9,6.7,3.0,700.0,1680.8,5899.6,546
1789,00:30:26,55.5,6.4,5.1,6.9,4.9,5.9,800.0,1680.6,5899.8,543
1790,00:30:27,55.02,5.7,4.1,7.8,5.9,6.5,700.0,1680.5,5899.8,543
1791,00:30:28,55.02,5.7,5.0,7.8,5.9,4.9,600.0,1680.4,5899.9,543
1792,00:30:30,54.53,5.6,3.1,6.8,5.8,5.7,600.0,1680.6,5899.8,543
1793,00:30:31,54.53,9.7,11.9,7.9,8.8,10.5,1800.0,1681.2,5899.1,546
1794,00:30:32,54.53,3.5,2.0,4.0,3.9,3.9,1800.0,1680.7,5899.7,543
1795,00:30:33,54.04,3.0,2.0,5.8,2.0,2.0,1800.0,1680.7,5899.7,543
1796,00:30:34,55.02,3.2,3.0,3.0,3.0,3.9,1800.0,1679.8,5900.6,543
1797,00:30:35,53.56,3.2,3.0,4.0,1.0,4.0,1800.0,1679.9,5900.5,543
1798,00:30:36,54.53,6.7,11.5,5.9,4.9,5.9,600.0,1679.8,5900.5,546
1799,00:30:37,54.53,11.2,12.0,21.3,3.9,3.8,1800.0,1679.8,5900.6,543
1800,00:30:38,54.53,5.8,12.7,5.8,2.9,1.0,1800.0,1679.7,5900.7,543
1801,00:30:39,54.53,2.8,3.0,2.0,3.0,3.9,1800.0,1679.4,5900.9,543
1802,00:30:40,54.53,3.2,3.1,3.0,2.0,3.0,1800.0,1679.4,5901.0,543
1803,00:30:41,55.5,4.5,7.0,5.0,4.9,4.0,1800.0,1680.3,5900.1,546
1804,00:30:42,55.02,6.2,5.1,8.8,5.0,5.9,1800.0,1683.7,5896.6,543
1805,00:30:43,55.02,2.5,2.0,4.0,1.0,2.9,1800.0,1683.7,5896.6,543
1806,00:30:44,55.02,3.5,3.0,4.0,3.9,2.0,1800.0,1683.5,5896.9,543
1807,00:30:45,55.99,2.5,1.0,3.0,3.0,2.9,1800.0,1683.5,5896.9,543
1808,00:30:46,54.04,5.7,6.0,6.9,6.0,3.0,1800.0,1684.5,5895.9,546
1809,00:30:47,55.02,5.2,8.9,5.9,3.0,4.0,1800.0,1684.5,5895.9,542
1810,00:30:48,55.5,3.2,3.1,5.0,2.0,3.9,1800.0,1684.4,5895.9,542
1811,00:30:49,55.99,3.5,2.0,4.9,2.0,3.9,1800.0,1684.6,5895.8,542
1812,00:30:50,55.02,3.0,2.0,5.0,3.0,2.0,1800.0,1684.6,5895.8,542
1813,00:30:51,55.02,4.7,7.0,5.9,2.0,4.0,1800.0,1686.6,5893.8,545
1814,00:30:52,54.53,5.0,3.2,6.0,5.8,5.8,700.0,1685.7,5894.6,542
1815,00:30:53,55.5,22.0,25.5,21.8,19.8,21.2,1800.0,1685.3,5894.6,542
1816,00:30:54,55.99,13.9,13.5,13.1,12.9,16.2,1800.0,1685.5,5894.2,542
1817,00:30:55,54.53,3.7,3.0,4.9,4.9,2.0,1800.0,1685.6,5894.0,542
1818,00:30:56,55.02,4.5,3.0,5.9,5.0,3.0,1800.0,1685.6,5894.6,545
1819,00:30:57,55.02,2.7,3.1,1.0,2.9,3.9,1800.0,1685.9,5894.4,542
1820,00:30:58,55.5,2.5,5.0,4.9,2.0,1.0,700.0,1685.7,5894.7,543
1821,00:30:59,55.02,3.7,2.0,4.9,2.9,3.8,1800.0,1685.5,5894.9,543
1822,00:31:00,55.5,2.5,1.0,3.9,2.9,2.0,1800.0,1685.5,5894.9,543
1823,00:31:01,55.5,3.5,4.0,6.0,2.0,2.0,1800.0,1687.7,5892.7,546
1824,00:31:02,54.53,3.0,3.0,3.0,3.9,2.0,1800.0,1687.9,5892.5,543
1825,00:31:03,54.53,2.5,3.0,2.0,2.9,1.0,1800.0,1687.9,5892.5,543
1826,00:31:04,54.53,4.4,4.0,5.8,5.7,2.9,1800.0,1687.9,5892.5,543
1827,00:31:05,54.04,4.7,7.8,5.0,4.9,1.0,1800.0,1687.6,5892.7,543
1828,00:31:06,54.53,13.1,29.3,5.9,4.9,5.0,1800.0,1689.6,5890.7,546
1829,00:31:07,54.04,2.7,3.0,5.0,2.9,2.0,1800.0,1689.5,5890.7,543
1830,00:31:08,54.04,2.7,2.0,2.0,3.9,2.9,1800.0,1688.7,5891.6,543
1831,00:31:09,52.58,5.7,6.1,5.9,5.8,5.8,700.0,1689.0,5891.3,543
1832,00:31:10,55.02,5.8,7.8,5.0,3.8,4.9,1800.0,1688.4,5891.9,546
1833,00:31:11,54.04,3.5,5.0,4.0,3.0,3.0,1800.0,1690.3,5890.1,543
1834,00:31:12,53.56,2.7,2.0,4.0,2.0,2.0,1800.0,1690.3,5890.1,543
1835,00:31:13,55.5,3.0,2.0,2.0,2.9,3.9,1800.0,1689.7,5890.7,543
1836,00:31:14,54.53,3.2,4.0,3.9,2.9,2.0,1800.0,1689.1,5891.3,543
1837,00:31:15,55.02,5.8,5.0,7.7,6.7,5.0,1800.0,1687.5,5892.9,546
1838,00:31:16,55.02,3.0,2.0,5.0,2.0,2.0,1800.0,1687.5,5892.9,543
1839,00:31:17,54.53,2.7,3.0,5.9,2.9,1.0,1800.0,1687.0,5893.4,543
1840,00:31:18,54.53,2.5,3.0,4.9,1.0,2.0,1800.0,1687.0,5893.4,543
1841,00:31:19,55.5,2.7,2.0,3.0,2.0,2.0,1800.0,1687.0,5893.4,543
1842,00:31:20,55.5,7.3,7.2,6.0,7.9,8.9,1800.0,1688.0,5892.4,546
1843,00:31:21,54.04,2.5,2.0,4.0,1.0,2.0,1800.0,1688.3,5892.2,543
1844,00:31:22,54.04,2.2,3.0,2.0,2.0,1.0,1800.0,1688.2,5892.2,543
1845,00:31:23,55.02,2.5,2.0,4.9,1.0,3.9,1800.0,1688.2,5892.2,543
1846,00:31:25,55.02,2.0,2.0,3.9,2.0,1.0,1800.0,1688.4,5892.0,543
1847,00:31:26,55.02,4.5,5.1,4.0,4.9,3.0,700.0,1688.6,5891.8,546
1848,00:31:27,55.02,5.9,5.9,8.6,3.9,5.8,600.0,1688.3,5892.1,543
1849,00:31:28,54.04,4.9,4.0,5.9,2.9,4.9,700.0,1688.3,5892.1,543
1850,00:31:29,54.53,3.9,2.1,5.8,1.9,5.7,700.0,1687.8,5892.6,543
1851,00:31:30,53.07,3.9,4.0,6.7,4.8,3.0,700.0,1687.8,5892.6,543
1852,00:31:31,54.53,5.6,3.0,7.8,4.8,4.8,1800.0,1689.0,5891.4,546
1853,00:31:32,53.56,2.5,2.0,4.0,2.0,2.9,1800.0,1689.2,5891.2,543
1854,00:31:33,53.56,2.5,2.0,3.9,2.9,2.0,1800.0,1688.9,5891.5,543
1855,00:31:34,55.02,2.7,2.0,3.0,1.0,3.9,1800.0,1689.2,5891.2,543
1856,00:31:35,54.04,27.7,29.4,24.0,22.8,32.5,1800.0,1678.3,5902.1,543
1857,00:31:36,54.53,8.3,5.9,6.9,8.6,11.5,1800.0,1680.4,5899.9,546
1858,00:31:37,54.53,3.0,3.0,4.9,2.0,3.0,1800.0,1679.0,5901.3,543
1859,00:31:38,55.02,3.0,3.0,4.0,1.0,2.9,1800.0,1679.0,5901.4,543
1860,00:31:39,53.56,2.0,1.0,4.9,2.0,1.0,1800.0,1678.2,5902.2,543
1861,00:31:40,54.53,2.0,2.0,3.0,2.0,2.9,1800.0,1678.2,5902.2,543
1862,00:31:41,54.04,5.0,3.1,6.0,4.0,3.0,600.0,1679.4,5900.8,546
1863,00:31:42,54.53,5.4,5.9,6.9,3.8,6.7,700.0,1679.3,5901.1,543
1864,00:31:43,54.53,4.2,5.0,5.8,2.9,2.9,700.0,1679.4,5900.8,543
1865,00:31:44,54.04,3.9,5.1,7.7,2.9,1.0,700.0,1679.4,5900.9,543
1866,00:31:45,53.56,4.7,4.0,5.0,2.9,5.8,700.0,1679.4,5900.9,543
1867,00:31:46,54.04,7.8,7.1,13.5,5.8,4.9,600.0,1680.2,5900.2,546
1868,00:31:47,53.56,4.9,4.0,5.9,4.9,4.9,700.0,1680.0,5900.4,542
1869,00:31:48,54.04,4.7,6.0,4.0,2.9,3.9,700.0,1679.6,5900.7,542
1870,00:31:49,53.56,3.7,4.1,4.9,4.0,2.9,700.0,1679.6,5900.7,542
1871,00:31:50,55.5,4.6,4.0,6.9,2.9,3.9,700.0,1679.6,5900.8,542
1872,00:31:51,54.53,5.9,4.0,8.7,6.9,4.8,1800.0,1680.2,5900.2,545
1873,00:31:52,55.5,3.0,5.0,3.0,2.0,2.0,1800.0,1680.2,5900.2,542
1874,00:31:53,54.04,2.2,2.0,4.9,1.0,2.0,1800.0,1680.0,5900.4,542
1875,00:31:54,53.56,3.0,2.0,4.0,3.0,2.0,1800.0,1680.0,5900.4,542
1876,00:31:55,55.02,4.0,5.1,4.9,2.0,3.9,1800.0,1680.6,5899.8,544
1877,00:31:56,54.53,4.5,5.1,4.9,5.0,3.0,600.0,1681.0,5899.4,542
1878,00:31:57,54.04,3.9,4.9,2.9,5.8,2.9,1800.0,1680.7,5899.7,542
1879,00:31:58,54.04,2.7,3.0,2.0,2.9,2.0,1800.0,1680.4,5900.0,542
1880,00:31:59,54.04,3.0,3.0,3.0,2.0,2.9,1800.0,1680.6,5899.8,542
1881,00:32:00,54.04,4.2,5.0,4.0,5.8,3.0,1800.0,1680.1,5900.3,545
1882,00:32:01,54.53,3.0,3.0,4.0,3.9,2.9,1800.0,1679.9,5900.5,542
1883,00:32:02,54.53,5.4,6.9,4.0,3.9,4.9,700.0,1679.9,5900.5,542
1884,00:32:03,54.04,14.1,18.3,6.7,19.5,10.8,700.0,1679.9,5900.5,542
1885,00:32:04,54.53,9.0,21.1,5.8,3.8,2.9,1800.0,1679.9,5900.5,542
1886,00:32:05,54.53,4.5,2.1,5.0,4.9,5.9,1800.0,1681.1,5899.3,545
1887,00:32:07,55.02,3.2,5.0,4.0,2.0,2.0,1800.0,1680.4,5900.1,542
1888,00:32:08,54.04,2.0,0.0,4.0,0.0,2.0,1800.0,1680.3,5900.1,542
1889,00:32:09,54.53,1.8,2.0,4.0,2.0,1.0,1800.0,1680.3,5900.1,542
1890,00:32:10,54.53,4.6,5.0,5.0,6.7,2.0,1800.0,1680.0,5900.4,543
1891,00:32:11,53.07,3.5,3.1,4.0,3.9,3.0,1800.0,1681.0,5899.4,546
1892,00:32:12,54.53,3.5,3.0,4.0,3.9,3.9,1800.0,1681.1,5899.3,543
1893,00:32:13,55.02,2.0,1.0,3.0,2.0,2.0,1800.0,1681.8,5898.6,543
1894,00:32:14,54.53,2.0,0.0,3.9,2.0,1.0,1800.0,1681.8,5898.6,543
1895,00:32:15,54.53,4.7,5.1,6.0,3.0,5.9,700.0,1681.8,5898.6,543
1896,00:32:16,54.04,6.5,4.1,8.0,8.8,4.0,1800.0,1682.8,5897.6,546
1897,00:32:17,54.53,3.0,3.0,3.0,3.9,2.0,1800.0,1682.4,5898.0,543
1898,00:32:18,55.5,1.7,1.0,2.0,2.0,1.0,1800.0,1682.5,5897.9,543
1899,00:32:19,54.53,2.2,3.0,3.0,2.9,2.9,1800.0,1682.5,5897.9,543
1900,00:32:20,54.53,2.2,2.0,2.0,2.0,0.0,1800.0,1682.7,5897.7,541
1901,00:32:21,54.04,4.7,5.1,5.0,4.0,4.9,700.0,1683.9,5896.5,544
1902,00:32:22,54.04,4.4,3.0,8.7,2.9,3.9,1800.0,1683.9,5896.5,541
1903,00:32:23,55.02,2.7,3.0,2.0,2.9,1.0,1800.0,1683.4,5897.0,541
1904,00:32:24,54.04,2.7,1.0,5.8,2.0,2.0,1800.0,1683.4,5897.0,541
1905,00:32:25,54.53,2.2,3.1,4.9,1.0,1.0,1800.0,1683.4,5897.0,541
1906,00:32:26,55.02,4.0,3.1,4.0,3.0,6.7,1800.0,1683.3,5897.1,544
1907,00:32:27,54.53,4.3,2.1,5.1,4.0,4.9,700.0,1683.3,5897.1,541
1908,00:32:28,54.53,3.7,1.0,8.7,3.8,2.0,600.0,1683.3,5897.1,541
1909,00:32:29,54.53,3.7,2.0,6.8,3.0,3.8,600.0,1683.3,5897.1,541
1910,00:32:30,54.04,3.7,3.0,4.0,2.9,3.8,1800.0,1683.3,5897.1,541
1911,00:32:31,54.04,4.0,3.0,6.0,4.9,2.0,1800.0,1683.8,5896.6,544
1912,00:32:32,54.53,2.5,2.0,2.0,3.0,2.0,1800.0,1684.2,5896.2,541
1913,00:32:33,55.02,9.0,20.5,9.3,3.9,1.0,1800.0,1684.2,5896.2,541
1914,00:32:34,54.04,1.7,1.0,4.0,0.0,2.0,1800.0,1683.9,5896.5,541
1915,00:32:35,54.53,4.5,8.0,6.0,2.0,3.0,700.0,1683.9,5896.6,541
1916,00:32:36,55.02,8.3,11.1,10.6,5.9,4.9,700.0,1685.3,5895.1,543
1917,00:32:37,54.04,5.4,4.1,9.7,4.9,2.9,600.0,1685.6,5894.8,540
1918,00:32:38,53.56,3.9,3.0,6.9,1.0,2.9,700.0,1685.7,5894.8,540
1919,00:32:39,55.02,4.9,3.1,6.8,4.8,4.8,700.0,1685.7,5894.7,541
1920,00:32:40,54.53,5.1,5.0,8.7,3.8,3.9,700.0,1685.7,5894.7,541
1921,00:32:41,55.02,7.0,7.8,8.7,4.9,6.7,1800.0,1686.8,5893.6,544
1922,00:32:42,54.04,3.7,4.0,4.9,3.0,2.9,1800.0,1686.6,5893.8,541
1923,00:32:43,53.56,3.2,3.0,4.9,2.0,3.0,1800.0,1686.6,5893.8,541
1924,00:32:44,54.53,2.5,3.0,3.0,2.0,1.0,1800.0,1687.1,5893.3,541
1925,00:32:45,53.56,4.5,7.0,5.9,3.0,2.0,1800.0,1689.4,5891.0,544
1926,00:32:46,55.02,5.0,4.1,7.8,3.0,4.0,600.0,1688.5,5891.9,541
1927,00:32:47,54.04,3.2,5.8,5.8,1.0,1.9,1800.0,1688.0,5892.4,541
1928,00:32:48,53.56,2.5,2.0,3.0,2.9,1.0,1800.0,1688.0,5892.4,541
1929,00:32:49,55.02,2.7,2.0,6.7,2.9,2.0,1800.0,1688.0,5892.4,541
1930,00:32:50,54.04,5.4,5.1,4.9,4.0,5.8,1800.0,1689.2,5891.2,544
1931,00:32:51,54.04,3.0,5.0,3.0,2.0,2.9,700.0,1691.0,5889.5,541
1932,00:32:52,55.02,4.4,3.0,7.7,2.9,5.7,600.0,1690.9,5889.5,541
1933,00:32:53,54.04,4.6,5.1,7.8,2.0,2.9,700.0,1690.8,5889.6,541
1934,00:32:55,53.56,3.9,5.9,5.9,3.8,1.0,700.0,1690.8,5889.6,541
1935,00:32:56,54.04,7.8,6.9,10.5,7.9,4.9,1800.0,1692.1,5888.3,544
1936,00:32:57,54.04,2.7,2.1,3.0,3.0,1.0,1800.0,1691.5,5888.9,541
1937,00:32:58,54.04,1.8,4.0,2.0,1.0,1.0,1800.0,1691.5,5888.9,541
1938,00:32:59,55.02,2.7,4.0,4.9,2.9,1.0,1800.0,1691.4,5889.0,541
1939,00:33:00,54.04,2.2,1.0,1.0,3.9,1.0,1800.0,1691.1,5889.3,541
1940,00:33:01,53.56,7.5,9.6,12.8,1.0,4.9,700.0,1692.6,5887.8,544
1941,00:33:02,53.56,12.7,28.0,8.7,5.8,4.8,700.0,1691.4,5889.0,541
1942,00:33:03,53.56,3.2,3.0,3.9,1.9,2.9,1800.0,1691.0,5889.3,541
1943,00:33:04,55.02,2.2,3.0,4.9,2.0,1.0,1800.0,1691.1,5889.4,541
1944,00:33:05,54.04,2.0,1.0,2.0,2.0,2.0,1800.0,1691.2,5889.4,541
1945,00:33:06,54.04,4.2,3.1,5.9,3.0,4.0,1800.0,1691.8,5888.7,544
1946,00:33:07,54.53,3.0,2.0,4.0,2.0,3.9,700.0,1692.1,5888.5,541
1947,00:33:08,54.53,3.2,3.0,6.7,2.0,1.9,1800.0,1692.0,5888.6,541
1948,00:33:09,55.5,3.0,5.0,2.0,2.0,3.0,1800.0,1692.0,5888.6,541
1949,00:33:10,54.04,2.0,1.0,2.0,2.9,2.0,1800.0,1692.0,5888.6,542
1950,00:33:11,53.56,4.5,3.0,8.8,3.0,3.0,1800.0,1693.6,5887.0,545
1951,00:33:12,54.04,3.5,4.0,4.0,3.0,2.9,700.0,1692.8,5887.8,542
1952,00:33:13,53.56,4.2,3.0,4.9,4.9,3.8,600.0,1692.7,5887.8,542
1953,00:33:14,55.02,5.4,5.0,6.7,5.0,3.9,700.0,1692.4,5888.1,542
1954,00:33:15,54.04,4.6,4.9,3.8,6.7,2.9,1800.0,1692.4,5888.1,542
1955,00:33:16,54.53,24.5,24.2,26.5,24.0,24.0,1800.0,1680.7,5899.8,545
1956,00:33:17,55.02,2.7,3.0,2.0,4.0,2.9,1800.0,1679.6,5900.8,542
1957,00:33:18,55.02,1.7,2.0,2.0,2.0,0.0,1800.0,1679.6,5900.8,542
1958,00:33:19,53.56,3.0,3.0,3.0,3.9,1.0,1800.0,1678.1,5902.4,542
1959,00:33:20,55.02,4.5,5.1,5.0,5.0,3.9,700.0,1678.1,5902.4,542
1960,00:33:21,55.02,7.1,5.0,6.8,8.7,7.8,1800.0,1678.3,5902.2,545
1961,00:33:22,54.53,2.7,4.0,3.0,2.0,2.0,1800.0,1678.1,5902.4,542
1962,00:33:23,54.04,2.5,2.0,3.9,3.0,2.0,1800.0,1678.1,5902.4,542
1963,00:33:24,55.02,2.7,2.0,1.0,4.0,2.0,1800.0,1678.1,5902.4,542
1964,00:33:25,55.02,3.0,3.0,2.0,3.9,3.9,1800.0,1678.1,5902.4,542
1965,00:33:26,54.04,5.2,5.1,4.0,6.9,4.9,700.0,1679.5,5901.1,545
1966,00:33:27,55.02,5.4,2.0,6.8,6.8,3.9,600.0,1678.7,5901.8,542
1967,00:33:28,54.53,4.4,4.0,4.9,6.7,2.9,700.0,1678.7,5901.8,542
1968,00:33:29,54.04,5.8,6.8,5.8,6.7,3.9,700.0,1678.6,5901.8,542
1969,00:33:30,54.53,15.2,25.6,16.5,8.7,9.3,700.0,1679.9,5900.5,542
1970,00:33:31,54.53,6.0,5.9,8.6,5.8,2.9,1800.0,1680.3,5900.1,545
1971,00:33:32,54.04,3.7,4.0,4.9,2.9,3.9,1800.0,1679.9,5900.6,542
1972,00:33:33,54.53,2.2,2.0,3.0,1.0,2.9,1800.0,1679.8,5900.7,542
1973,00:33:34,54.04,2.7,2.0,2.0,2.0,2.9,1800.0,1679.8,5900.7,542
1974,00:33:35,53.56,3.5,5.1,4.9,4.0,3.0,700.0,1681.5,5899.1,545
1975,00:33:36,54.53,4.9,6.9,5.9,2.0,3.9,700.0,1680.7,5899.8,542
1976,00:33:37,53.56,4.0,2.1,6.8,3.9,2.9,700.0,1680.2,5900.3,542
1977,00:33:38,54.04,4.6,4.0,8.7,1.0,3.9,600.0,1680.1,5900.4,542
1978,00:33:40,54.04,4.8,1.0,10.3,2.9,3.9,1800.0,1679.9,5900.6,542
1979,00:33:41,53.56,3.7,5.1,4.0,2.9,3.9,1800.0,1680.6,5900.0,545
1980,00:33:42,55.02,3.0,2.0,4.0,2.0,3.9,1800.0,1680.6,5900.0,542
1981,00:33:43,54.04,3.0,2.0,5.8,2.0,1.0,1800.0,1680.6,5900.0,542
1982,00:33:44,54.04,1.7,2.0,3.0,2.0,2.0,1800.0,1680.5,5900.0,542
1983,00:33:45,54.04,3.9,3.0,5.9,2.9,2.9,1800.0,1680.5,5900.0,542
1984,00:33:46,54.53,3.5,2.1,4.0,4.0,4.0,1800.0,1682.3,5898.3,545
1985,00:33:47,54.04,2.2,4.0,3.0,1.0,1.0,1800.0,1681.3,5899.2,542
1986,00:33:48,55.02,3.0,3.0,5.8,2.9,1.0,1800.0,1680.8,5899.7,542
1987,00:33:49,54.53,3.0,3.0,3.0,2.0,3.0,1800.0,1680.8,5899.7,542
1988,00:33:50,54.04,4.7,7.0,5.1,2.0,6.7,700.0,1681.3,5899.3,542
1989,00:33:51,54.53,6.9,5.1,9.6,8.9,2.0,1800.0,1681.5,5899.1,545
1990,00:33:52,55.02,3.2,4.9,3.0,3.0,3.0,1800.0,1681.7,5898.9,542
1991,00:33:53,54.04,1.8,0.0,4.9,1.0,2.0,1800.0,1681.7,5898.9,542
1992,00:33:54,54.53,2.5,1.0,3.0,2.0,2.9,1800.0,1681.6,5898.9,542
1993,00:33:55,55.02,2.7,3.0,3.0,2.0,2.0,1800.0,1681.3,5899.2,542
1994,00:33:56,55.5,4.7,3.1,7.0,2.9,5.9,700.0,1683.2,5897.3,545
1995,00:33:57,54.53,4.7,6.0,5.9,2.9,5.8,600.0,1682.8,5897.7,542
1996,00:33:58,53.07,4.1,3.0,8.5,2.9,1.9,1800.0,1683.3,5897.2,541
1997,00:33:59,53.56,7.6,11.1,5.8,2.0,10.0,1800.0,1683.0,5897.5,541
1998,00:34:00,55.5,7.3,20.0,2.0,2.0,1.0,1800.0,1683.3,5897.2,541
1999,00:34:01,55.02,3.5,4.0,4.0,3.0,3.9,1800.0,1684.7,5895.8,544
2000,00:34:02,54.53,3.2,2.0,4.9,3.0,3.0,700.0,1684.3,5896.3,541
2001,00:34:03,54.04,4.4,2.0,5.8,4.9,4.9,600.0,1684.0,5896.5,541
2002,00:34:04,54.04,3.4,2.0,6.7,2.0,2.9,1800.0,1683.8,5896.8,541
2003,00:34:05,54.53,2.2,3.0,3.0,0.0,2.0,1800.0,1683.8,5896.8,541
2004,00:34:06,54.53,4.2,4.0,5.8,4.0,3.9,1800.0,1683.8,5896.8,544
2005,00:34:07,55.5,3.2,3.0,3.0,2.9,3.9,1800.0,1683.8,5896.8,541
2006,00:34:08,55.02,3.0,1.0,5.8,2.0,3.0,700.0,1683.8,5896.8,541
2007,00:34:09,54.04,5.7,5.0,6.9,3.9,6.7,600.0,1683.7,5896.8,541
2008,00:34:10,54.04,4.3,4.9,7.7,3.8,1.9,1800.0,1683.7,5896.8,541
2009,00:34:11,55.02,4.0,4.0,4.0,2.0,5.0,1800.0,1685.1,5895.4,544
2010,00:34:12,54.04,3.0,4.0,4.0,2.0,2.0,1800.0,1685.0,5895.5,541
2011,00:34:13,54.04,3.2,3.0,3.0,2.9,4.9,1800.0,1685.0,5895.5,541
2012,00:34:14,55.02,2.0,3.0,2.0,1.0,2.0,600.0,1685.2,5895.3,541
2013,00:34:15,55.5,5.1,4.0,4.9,4.9,5.8,700.0,1685.2,5895.4,541
2014,00:34:16,54.53,6.8,9.7,5.8,7.7,5.8,1800.0,1684.8,5895.7,544
2015,00:34:17,54.04,3.2,3.0,3.9,2.0,3.9,1800.0,1685.0,5895.5,541
2016,00:34:18,54.04,2.2,1.0,2.0,3.0,1.0,1800.0,1685.0,5895.5,541
2017,00:34:19,55.02,2.5,3.0,2.0,3.0,2.9,1800.0,1684.5,5896.0,541
2018,00:34:20,54.53,4.5,5.0,2.0,5.1,5.8,700.0,1685.5,5895.1,544
2019,00:34:21,54.04,5.1,4.0,5.8,7.7,2.0,800.0,1685.2,5895.3,541
2020,00:34:22,54.04,3.7,4.1,4.0,4.9,2.9,700.0,1685.2,5895.3,541
2021,00:34:23,54.53,4.6,3.0,5.9,5.8,2.9,700.0,1685.2,5895.3,541
2022,00:34:24,54.53,4.0,1.0,5.8,6.8,3.9,600.0,1685.2,5895.3,541
2023,00:34:26,54.04,5.1,3.0,1.9,8.7,4.9,1800.0,1685.7,5894.8,544
2024,00:34:27,55.02,3.7,4.0,3.0,4.9,2.0,1800.0,1686.0,5894.6,541
2025,00:34:28,54.04,4.2,4.0,8.4,3.9,2.0,1800.0,1686.0,5894.6,541
2026,00:34:29,55.02,6.9,14.8,2.9,5.8,2.9,1800.0,1686.0,5894.6,541
2027,00:34:30,55.99,2.7,1.0,3.0,4.0,1.0,600.0,1686.0,5894.6,541
2028,00:34:31,55.5,4.6,5.0,2.9,7.8,2.9,1800.0,1688.3,5892.2,544
2029,00:34:32,53.56,2.2,2.0,2.9,2.0,2.9,1800.0,1688.6,5891.9,541
2030,00:34:33,54.04,2.0,2.0,0.0,4.0,2.0,1800.0,1688.8,5891.8,541
2031,00:34:34,55.02,3.2,1.0,2.9,4.9,3.9,1800.0,1688.8,5891.8,541
2032,00:34:35,54.53,2.7,2.0,3.9,2.9,3.9,600.0,1688.7,5891.8,541
2033,00:34:36,55.02,5.3,4.0,4.9,7.7,3.9,1800.0,1689.9,5890.6,544
2034,00:34:37,55.02,2.7,0.0,3.0,4.0,2.0,1800.0,1690.0,5890.6,541
2035,00:34:38,55.02,2.5,3.0,2.9,3.0,2.0,1800.0,1690.0,5890.6,541
2036,00:34:39,54.53,2.0,2.0,1.0,2.0,1.0,1800.0,1690.0,5890.6,541
2037,00:34:40,55.5,2.2,3.0,2.0,3.0,3.0,600.0,1690.0,5890.6,541
2038,00:34:41,54.04,5.4,4.0,4.9,7.8,3.9,1800.0,1689.6,5890.9,544
2039,00:34:42,55.02,3.5,3.0,2.9,4.0,3.0,1800.0,1690.3,5890.2,541
2040,00:34:43,54.04,1.5,1.0,1.0,3.9,1.0,1800.0,1690.3,5890.2,541
2041,00:34:44,54.04,2.5,5.9,1.0,3.0,0.0,1800.0,1690.1,5890.4,541
2042,00:34:45,54.04,2.0,1.0,2.0,3.9,2.0,700.0,1690.1,5890.4,541
2043,00:34:46,54.53,7.1,9.9,6.8,7.8,4.9,1800.0,1690.8,5889.7,544
2044,00:34:47,54.53,3.2,2.0,3.0,3.0,3.9,1800.0,1690.8,5889.7,541
2045,00:34:48,55.02,2.0,1.0,1.0,3.0,2.0,1800.0,1690.8,5889.7,541
2046,00:34:49,55.02,3.0,3.0,3.0,2.9,4.9,1800.0,1690.9,5889.6,542
2047,00:34:50,54.53,1.8,0.0,0.0,4.0,1.0,1800.0,1690.7,5889.9,542
2048,00:34:51,55.5,3.8,5.2,3.0,4.0,5.0,700.0,1691.1,5889.4,545
2049,00:34:52,55.02,4.6,5.8,2.0,5.8,2.9,1800.0,1691.1,5889.4,542
2050,00:34:53,54.53,1.8,1.0,2.0,2.0,3.0,1800.0,1691.1,5889.5,542
2051,00:34:54,55.02,2.0,1.0,3.0,2.0,2.0,1800.0,1691.0,5889.5,542
2052,00:34:55,54.53,2.5,1.0,1.0,5.8,2.0,1800.0,1691.2,5889.3,542
2053,00:34:56,54.53,4.2,2.0,6.9,4.0,3.0,1800.0,1692.3,5888.2,545
2054,00:34:57,54.53,10.4,16.7,15.5,5.0,3.9,1800.0,1692.3,5888.2,542
2055,00:34:58,55.5,23.4,23.2,23.0,25.2,21.8,1800.0,1682.4,5898.1,542
2056,00:34:59,54.04,2.0,3.0,2.0,2.0,1.0,1800.0,1682.8,5897.6,542
2057,00:35:00,54.04,2.5,1.0,3.9,2.0,3.0,1800.0,1683.1,5897.3,542
2058,00:35:01,55.02,3.7,3.1,4.0,3.9,4.0,1800.0,1682.4,5898.0,545
2059,00:35:02,55.02,5.2,2.1,6.7,6.8,5.8,700.0,1682.5,5898.1,542
2060,00:35:03,54.53,5.3,4.0,5.8,5.9,2.9,600.0,1682.4,5898.1,542
2061,00:35:04,54.04,4.9,4.0,3.8,8.7,5.8,600.0,1681.9,5898.6,542
2062,00:35:05,54.04,7.0,6.0,4.8,8.7,6.8,700.0,1681.4,5899.1,544
2063,00:35:06,54.53,5.6,5.0,7.8,6.8,2.9,1800.0,1682.0,5898.4,545
2064,00:35:07,54.53,2.7,0.0,3.9,4.9,2.0,1800.0,1681.0,5899.4,542
2065,00:35:08,54.53,1.5,1.0,0.0,4.0,2.0,1800.0,1680.8,5899.7,542
2066,00:35:09,54.53,3.0,3.0,2.0,4.0,2.9,1800.0,1681.0,5899.5,542
2067,00:35:10,55.5,4.7,2.0,5.9,5.9,3.9,600.0,1681.6,5899.0,545
2068,00:35:11,54.04,4.1,4.0,3.8,5.9,2.9,1800.0,1682.0,5898.4,542
2069,00:35:12,55.5,1.8,1.0,3.0,2.0,2.0,1800.0,1681.9,5898.5,542
2070,00:35:13,55.02,3.2,2.0,2.0,5.8,3.0,1800.0,1681.9,5898.6,542
2071,00:35:14,53.56,2.5,3.0,3.9,3.0,1.0,1800.0,1682.0,5898.5,542
2072,00:35:15,54.53,5.0,3.0,5.0,5.9,4.9,600.0,1682.6,5898.0,545
2073,00:35:17,55.02,4.6,2.9,4.8,7.6,4.8,1800.0,1682.3,5898.3,542
2074,00:35:18,54.53,3.5,2.0,4.9,4.0,2.0,1800.0,1682.2,5898.3,542
2075,00:35:19,54.53,3.0,2.0,3.0,3.9,3.0,1800.0,1682.2,5898.3,542
2076,00:35:20,55.02,3.2,5.0,2.0,3.9,2.0,1800.0,1681.7,5898.8,542
2077,00:35:21,54.53,4.5,2.0,5.9,4.0,5.0,600.0,1684.1,5896.4,545
2078,00:35:22,54.04,3.9,2.0,4.9,7.7,1.9,1800.0,1684.1,5896.4,542
2079,00:35:23,54.53,2.0,1.0,3.9,1.0,1.0,1800.0,1684.0,5896.6,542
2080,00:35:24,53.56,1.8,2.0,1.0,4.0,1.0,1800.0,1684.0,5896.6,542
2081,00:35:25,54.53,2.7,3.0,2.0,3.9,1.0,1800.0,1684.0,5896.6,542
2082,00:35:26,55.02,12.3,27.3,4.0,8.7,5.8,600.0,1685.6,5894.9,545
2083,00:35:27,55.02,4.1,3.0,2.9,5.8,3.9,1800.0,1685.6,5894.9,542
2084,00:35:28,55.5,2.2,2.0,2.9,2.0,2.9,1800.0,1685.2,5895.4,542
2085,00:35:29,54.53,2.2,4.0,1.0,3.0,1.0,1800.0,1685.1,5895.4,542
2086,00:35:30,53.56,2.2,3.0,1.0,3.9,0.0,1800.0,1684.8,5895.7,542
2087,00:35:31,54.53,3.3,3.0,4.0,3.0,4.0,700.0,1685.6,5895.0,545
2088,00:35:32,55.5,3.2,4.0,2.0,5.9,2.0,1800.0,1685.8,5894.7,542
2089,00:35:33,55.99,2.0,1.0,2.0,3.0,1.0,1800.0,1685.8,5894.7,542
2090,00:35:34,55.5,2.7,3.1,1.0,4.9,2.9,1800.0,1685.8,5894.7,542
2091,00:35:35,55.5,2.5,3.0,2.0,3.0,0.0,1800.0,1685.8,5894.7,542
2092,00:35:36,55.99,4.2,4.1,4.9,4.0,3.9,700.0,1686.3,5894.2,545
2093,00:35:37,55.02,5.1,5.9,3.0,6.8,5.8,700.0,1686.3,5894.2,542
2094,00:35:38,55.02,4.0,3.0,3.0,5.9,3.9,700.0,1686.5,5894.0,542
2095,00:35:39,55.02,3.9,3.0,1.9,8.6,2.0,1800.0,1686.3,5894.2,542
2096,00:35:40,54.53,2.5,1.0,2.9,3.0,2.0,1800.0,1686.3,5894.2,542
2097,00:35:41,55.5,4.2,5.1,2.0,6.8,4.0,1800.0,1687.8,5892.8,545
2098,00:35:42,55.5,3.5,5.9,3.0,3.0,2.0,1800.0,1688.2,5892.4,542
2099,00:35:43,54.04,2.2,2.0,1.0,4.0,2.0,700.0,1688.1,5892.4,542
2100,00:35:44,55.02,3.4,3.0,1.0,5.0,4.7,1800.0,1687.8,5892.7,542
2101,00:35:45,55.02,1.8,2.0,2.0,3.0,0.0,1800.0,1687.8,5892.7,542
2102,00:35:46,54.53,4.2,4.0,5.0,3.0,5.9,1800.0,1689.2,5891.3,545
2103,00:35:47,54.04,2.7,3.0,2.9,3.0,1.0,1800.0,1688.7,5891.9,542
2104,00:35:48,55.02,2.2,2.0,1.0,4.9,2.0,600.0,1688.6,5891.9,542
2105,00:35:49,55.02,4.4,7.6,1.9,6.7,0.0,1800.0,1688.3,5892.2,542
2106,00:35:50,55.02,2.0,1.0,1.0,3.9,2.0,1800.0,1688.1,5892.5,542
2107,00:35:51,55.02,3.7,6.9,1.0,5.0,2.9,1800.0,1689.8,5890.7,545
2108,00:35:52,55.02,3.5,2.1,3.9,3.0,4.9,1800.0,1689.8,5890.7,542
2109,00:35:53,55.02,2.2,2.0,2.0,3.9,2.0,700.0,1689.6,5891.0,542
2110,00:35:54,54.53,9.0,18.5,5.7,7.8,1.0,1800.0,1689.3,5891.2,542
2111,00:35:55,54.53,2.5,2.0,0.0,4.0,2.0,1800.0,1690.9,5889.6,544
2112,00:35:56,53.56,4.0,3.1,5.0,3.9,4.9,1800.0,1690.8,5889.7,545
2113,00:35:57,55.02,3.5,5.0,2.9,3.9,2.0,1800.0,1690.8,5889.8,542
2114,00:35:58,55.5,2.5,1.0,2.0,3.0,3.9,1800.0,1690.8,5889.8,542
2115,00:35:59,55.02,4.0,1.0,4.9,7.9,3.0,600.0,1690.8,5889.8,542
2116,00:36:00,55.02,5.4,5.9,3.0,9.6,2.9,1800.0,1691.2,5889.3,545
2117,00:36:01,55.5,3.2,3.0,2.9,3.0,2.0,1800.0,1691.2,5889.3,542
2118,00:36:02,53.56,2.5,2.0,3.0,3.0,2.0,1800.0,1691.2,5889.3,542
2119,00:36:03,54.53,2.2,2.0,1.0,5.8,1.0,1800.0,1691.2,5889.3,542
2120,00:36:04,54.53,2.2,1.0,2.0,4.0,2.9,1800.0,1691.1,5889.4,542
2121,00:36:05,54.53,8.4,7.2,6.9,12.7,6.9,1800.0,1691.6,5889.0,545
2122,00:36:06,55.5,3.5,3.0,3.9,3.0,2.9,1800.0,1691.5,5889.0,542
2123,00:36:07,54.53,2.0,2.0,2.0,4.0,2.0,1800.0,1691.2,5889.3,542
2124,00:36:08,54.04,3.0,3.0,2.9,3.0,2.0,1800.0,1690.9,5889.6,542
2125,00:36:09,54.04,3.7,5.0,2.0,5.9,2.9,1800.0,1691.1,5889.4,541
2126,00:36:11,54.53,4.0,5.1,2.0,5.0,3.0,700.0,1690.6,5889.9,544
2127,00:36:12,54.53,5.2,6.1,4.9,6.8,3.0,600.0,1692.4,5888.1,541
2128,00:36:13,54.53,4.4,6.0,2.0,6.8,2.9,800.0,1692.1,5888.4,541
2129,00:36:14,54.53,3.7,4.1,2.0,4.9,2.0,700.0,1692.1,5888.4,541
2130,00:36:15,53.56,4.6,5.0,4.8,6.8,4.8,600.0,1691.9,5888.7,541
2131,00:36:16,54.53,7.8,7.8,6.7,10.8,5.7,1800.0,1692.3,5888.2,544
2132,00:36:17,54.53,3.2,3.0,3.0,3.9,0.0,1800.0,1692.3,5888.2,541
2133,00:36:18,53.56,2.0,1.0,3.0,3.0,0.0,1800.0,1692.3,5888.2,541
2134,00:36:19,54.53,1.8,2.0,1.0,4.9,2.9,1800.0,1692.3,5888.2,541
2135,00:36:20,55.5,3.2,4.0,4.8,2.0,1.0,1800.0,1692.3,5888.2,541
2136,00:36:21,55.02,4.2,4.1,3.0,5.9,4.0,600.0,1693.5,5887.0,544
2137,00:36:22,54.04,7.2,10.4,7.5,6.8,4.8,600.0,1693.5,5887.0,541
2138,00:36:23,55.02,10.0,9.2,18.2,6.7,3.8,1800.0,1693.5,5887.0,541
2139,00:36:24,53.56,3.0,3.0,2.0,2.0,3.9,1800.0,1693.7,5886.8,541
2140,00:36:25,54.04,1.7,1.0,2.0,4.0,2.0,1800.0,1693.6,5886.9,541
2141,00:36:26,55.02,5.0,5.0,4.0,6.8,3.0,1800.0,1694.2,5886.4,544
2142,00:36:27,54.53,3.7,5.0,4.9,4.0,2.9,600.0,1693.9,5886.6,541
2143,00:36:28,55.02,3.7,2.0,1.9,6.7,2.9,1800.0,1693.9,5886.6,541
2144,00:36:29,54.04,3.2,2.0,2.0,5.9,2.0,1800.0,1695.3,5885.2,541
2145,00:36:30,55.5,2.2,2.0,2.9,3.9,1.0,1800.0,1695.3,5885.2,541
2146,00:36:31,54.53,4.2,6.1,3.0,4.9,3.9,1800.0,1695.9,5884.6,544
2147,00:36:32,55.5,2.3,2.0,2.0,2.0,1.0,700.0,1694.9,5885.7,541
2148,00:36:33,55.02,4.0,6.0,2.0,5.0,3.0,700.0,1694.9,5885.7,541
2149,00:36:34,54.53,4.0,5.1,3.9,5.9,3.8,600.0,1694.4,5886.2,541
2150,00:36:35,55.5,3.9,3.0,1.0,6.8,2.9,1800.0,1694.1,5886.4,541
2151,00:36:36,54.04,4.0,5.1,4.0,3.9,3.0,1800.0,1694.9,5885.7,544
2152,00:36:37,54.04,2.7,2.0,2.0,3.0,4.0,1800.0,1694.6,5885.9,541
2153,00:36:38,55.5,22.4,22.2,22.8,23.8,21.8,1800.0,1682.8,5897.7,541
2154,00:36:39,54.04,2.7,4.0,1.0,3.0,0.0,1800.0,1681.2,5899.2,541
2155,00:36:40,55.02,3.4,2.0,2.9,6.7,4.8,1800.0,1681.2,5899.2,541
2156,00:36:41,54.53,3.7,3.0,1.0,5.0,5.0,1800.0,1683.5,5897.0,544
2157,00:36:42,54.53,3.9,2.0,5.8,4.9,3.0,1800.0,1682.8,5897.8,541
2158,00:36:43,55.02,2.5,2.0,0.0,4.9,2.0,1800.0,1682.5,5898.1,541
2159,00:36:44,55.5,3.9,4.0,3.8,5.0,3.0,1800.0,1682.4,5898.2,541
2160,00:36:45,54.04,5.3,7.1,4.0,5.9,5.9,600.0,1682.9,5897.6,542
2161,00:36:46,53.56,6.1,3.9,7.7,6.7,4.8,1800.0,1683.8,5896.8,544
2162,00:36:47,54.53,2.7,2.0,2.0,3.0,2.9,1800.0,1683.7,5896.8,541
2163,00:36:48,54.53,1.7,3.0,2.0,3.9,0.0,1800.0,1683.6,5896.9,541
2164,00:36:49,55.5,2.7,2.0,2.0,3.0,3.0,1800.0,1683.9,5896.7,541
2165,00:36:50,55.99,4.5,6.9,2.0,4.0,4.0,700.0,1684.8,5895.8,544
2166,00:36:51,55.02,17.3,32.9,13.9,8.6,7.5,800.0,1684.6,5895.8,541
2167,00:36:52,54.53,4.2,3.0,3.9,5.9,4.9,600.0,1684.1,5896.3,541
2168,00:36:53,54.53,4.1,2.0,2.9,6.8,6.6,1800.0,1684.1,5896.3,541
2169,00:36:54,54.53,2.5,2.0,1.0,2.0,2.0,1800.0,1684.1,5896.4,541
2170,00:36:56,54.53,4.0,5.0,4.9,5.9,3.0,1800.0,1684.6,5895.9,544
2171,00:36:57,54.53,3.0,4.0,2.9,2.0,1.0,1800.0,1684.3,5896.2,541
2172,00:36:58,54.53,2.2,1.0,2.0,4.9,2.9,600.0,1684.3,5896.2,541
2173,00:36:59,55.5,4.4,5.9,1.0,6.8,2.9,1800.0,1684.3,5896.2,541
2174,00:37:00,54.53,3.0,4.0,2.0,3.9,1.0,1800.0,1684.1,5896.4,541
2175,00:37:01,54.53,5.2,5.0,5.9,4.9,4.9,1800.0,1685.3,5895.2,544
2176,00:37:02,54.53,3.2,5.0,3.9,4.0,1.0,1800.0,1685.6,5895.0,541
2177,00:37:03,55.02,2.5,3.1,1.0,2.0,2.0,1800.0,1685.6,5895.0,541
2178,00:37:04,54.04,3.9,5.0,2.0,7.6,1.0,1800.0,1685.6,5895.0,541
2179,00:37:05,54.04,2.5,4.0,2.9,4.0,2.0,1800.0,1685.3,5895.3,541
2180,00:37:06,54.53,3.7,5.1,4.0,3.0,2.0,1800.0,1686.1,5894.4,544
2181,00:37:07,54.04,2.2,2.1,2.0,2.0,3.0,1800.0,1686.4,5894.2,541
2182,00:37:08,54.53,3.0,3.0,3.9,2.9,2.0,1800.0,1685.8,5894.8,541
2183,00:37:09,54.04,3.5,5.2,2.0,4.9,3.0,700.0,1685.5,5895.0,541
2184,00:37:10,54.53,5.7,4.0,4.9,7.0,4.9,600.0,1686.1,5894.4,541
2185,00:37:11,55.02,5.6,6.0,2.9,10.4,3.8,1800.0,1686.5,5894.1,544
2186,00:37:12,54.53,3.0,1.0,2.0,4.9,3.9,1800.0,1686.4,5894.1,541
2187,00:37:13,55.02,2.0,4.0,2.0,2.0,2.0,1800.0,1686.2,5894.3,541
2188,00:37:14,54.04,2.5,1.0,3.0,2.0,1.0,1800.0,1686.2,5894.3,541
2189,00:37:15,54.53,2.7,2.0,2.0,3.0,3.9,700.0,1685.9,5894.6,540
2190,00:37:16,55.02,7.1,5.0,10.7,10.5,2.0,1800.0,1687.1,5893.5,543
2191,00:37:17,54.53,2.5,2.0,1.0,4.0,3.0,1800.0,1686.7,5893.9,540
2192,00:37:18,55.5,3.2,3.0,2.9,3.9,3.0,1800.0,1686.4,5894.1,540
2193,00:37:19,54.04,2.2,2.0,2.0,3.9,2.0,1800.0,1686.4,5894.1,540
2194,00:37:20,54.53,6.9,4.0,13.9,4.0,2.9,1800.0,1686.4,5894.1,540
2195,00:37:21,55.02,6.6,13.0,4.0,6.7,4.0,700.0,1687.6,5892.9,543
2196,00:37:22,54.04,5.9,5.0,4.9,5.9,7.6,600.0,1687.9,5892.7,540
2197,00:37:23,54.53,3.4,2.0,2.9,5.9,2.9,1800.0,1687.6,5892.9,540
2198,00:37:24,55.02,2.5,3.0,1.0,4.0,2.0,1800.0,1687.4,5893.2,540
2199,00:37:25,55.02,2.5,3.0,2.0,4.9,0.0,1800.0,1687.4,5893.2,540
2200,00:37:26,55.5,4.2,3.1,2.0,4.0,5.8,1800.0,1688.5,5892.0,543
2201,00:37:27,55.02,3.0,3.0,2.0,3.0,3.9,700.0,1688.4,5892.2,540
2202,00:37:28,53.56,4.2,5.1,3.9,4.9,4.9,800.0,1687.9,5892.6,540
2203,00:37:29,54.04,4.4,6.0,2.0,4.9,4.0,700.0,1687.9,5892.6,540
2204,00:37:30,54.04,4.9,4.0,4.8,5.9,4.8,700.0,1688.1,5892.4,540
2205,00:37:31,54.04,6.1,4.0,8.7,5.9,5.9,1800.0,1689.7,5890.8,543
2206,00:37:32,55.02,3.0,3.0,2.0,2.0,3.9,1800.0,1689.7,5890.8,540
2207,00:37:33,54.53,2.5,0.0,2.0,4.9,2.9,1800.0,1689.0,5891.5,540
2208,00:37:34,55.02,2.0,2.0,2.9,4.0,0.0,1800.0,1689.2,5891.3,540
2209,00:37:35,55.5,4.0,4.1,3.0,5.9,2.9,1800.0,1690.4,5890.1,541
2210,00:37:36,54.53,3.7,4.1,4.0,3.0,3.1,600.0,1690.1,5890.5,541
2211,00:37:37,53.56,6.3,7.7,6.7,8.6,2.9,1800.0,1689.5,5891.0,541
2212,00:37:38,54.53,3.0,4.9,1.0,3.0,2.9,1800.0,1689.3,5891.3,541
2213,00:37:39,54.53,3.0,2.0,2.9,4.9,2.0,1800.0,1688.6,5892.0,541
2214,00:37:40,55.02,3.5,2.0,4.0,4.0,4.0,1800.0,1690.4,5890.2,544
2215,00:37:41,55.02,3.0,2.0,2.0,5.8,1.0,600.0,1690.1,5890.4,541
2216,00:37:42,53.56,3.4,1.0,2.9,7.7,2.9,1800.0,1690.1,5890.4,541
2217,00:37:43,54.53,2.7,0.0,3.9,2.0,3.9,1800.0,1690.3,5890.2,541
2218,00:37:44,55.02,2.5,3.0,1.0,4.9,3.0,1800.0,1690.0,5890.5,541
2219,00:37:45,54.53,4.5,1.0,5.8,4.9,5.0,1800.0,1692.2,5888.3,544
2220,00:37:47,54.53,3.4,1.0,2.0,4.9,3.9,600.0,1691.9,5888.7,541
2221,00:37:48,55.02,3.9,3.9,4.8,2.9,5.8,1800.0,1691.2,5889.3,540
2222,00:37:49,55.02,6.4,10.2,7.5,3.9,3.0,1800.0,1691.0,5889.5,540
2223,00:37:50,54.53,4.2,8.4,2.0,3.0,3.9,1800.0,1691.0,5889.5,540
2224,00:37:51,55.02,4.0,4.0,3.0,3.0,4.9,1800.0,1692.2,5888.4,543
2225,00:37:52,54.53,2.7,3.0,2.0,3.0,3.0,600.0,1692.1,5888.4,540
2226,00:37:53,54.04,3.9,2.0,2.0,3.9,7.7,1800.0,1691.7,5888.8,540
2227,00:37:54,54.04,2.0,4.0,0.0,3.0,2.0,1800.0,1691.7,5888.9,540
2228,00:37:55,55.5,2.0,1.0,1.0,2.9,3.0,1800.0,1691.6,5888.9,540
2229,00:37:56,54.53,4.9,6.9,6.8,4.0,4.0,1800.0,1692.3,5888.2,543
2230,00:37:57,55.02,2.0,2.0,1.0,1.0,1.0,1800.0,1692.3,5888.2,541
2231,00:37:58,55.5,3.4,3.0,2.0,1.9,5.9,1800.0,1692.0,5888.6,541
2232,00:37:59,55.02,2.5,5.0,1.0,2.9,2.9,1800.0,1691.8,5888.7,541
2233,00:38:00,55.5,2.2,2.0,1.0,3.0,2.0,1800.0,1692.0,5888.5,541
2234,00:38:01,55.5,3.7,2.1,5.0,3.9,4.9,1800.0,1693.8,5886.7,544
2235,00:38:02,55.99,3.2,4.0,3.0,3.9,2.0,1800.0,1694.2,5886.3,541
2236,00:38:03,54.53,4.2,5.1,3.9,4.0,4.0,700.0,1694.2,5886.3,541
2237,00:38:04,54.53,4.4,3.0,3.9,3.9,6.8,700.0,1694.0,5886.5,541
2238,00:38:05,54.53,3.7,4.0,2.9,3.0,4.9,1800.0,1693.7,5886.8,541
2239,00:38:06,53.07,4.2,4.0,4.0,4.0,5.0,1800.0,1695.2,5885.3,544
2240,00:38:07,55.02,3.2,3.0,2.0,3.9,3.9,1800.0,1695.2,5885.4,541
2241,00:38:08,54.04,2.2,2.0,3.0,1.0,2.9,1800.0,1694.9,5885.6,541
2242,00:38:09,54.53,2.7,2.0,2.0,2.9,3.0,1800.0,1695.1,5885.4,542
2243,00:38:10,54.53,4.4,3.9,3.9,2.9,7.8,1800.0,1695.3,5885.2,542
2244,00:38:11,55.5,3.8,1.0,2.0,3.0,6.9,1800.0,1694.3,5886.2,545
2245,00:38:12,55.02,2.5,2.0,3.9,3.9,3.0,1800.0,1694.5,5886.0,541
2246,00:38:13,55.02,2.7,3.0,2.0,2.0,3.0,1800.0,1694.2,5886.3,541
2247,00:38:14,55.02,2.2,0.0,1.0,2.0,4.0,1800.0,1694.2,5886.3,541
2248,00:38:15,54.53,5.5,3.1,4.0,6.7,7.9,600.0,1694.2,5886.3,541
2249,00:38:16,55.5,8.3,8.9,5.0,8.6,10.7,600.0,1695.5,5885.0,544
2250,00:38:17,54.53,7.1,5.7,3.8,3.8,15.9,1800.0,1695.8,5884.8,541
2251,00:38:18,54.53,8.2,22.4,2.0,2.0,2.0,1800.0,1695.8,5884.8,541
2252,00:38:19,54.53,2.0,2.0,2.0,0.0,5.9,1800.0,1695.5,5885.0,541
2253,00:38:20,54.04,21.8,23.8,20.2,20.8,21.4,1800.0,1683.6,5897.0,540
2254,00:38:21,55.5,4.7,4.1,4.9,5.8,4.0,1800.0,1684.3,5896.1,543
2255,00:38:22,54.53,5.5,5.0,5.0,3.0,7.9,700.0,1683.8,5896.6,540
2256,00:38:23,53.56,3.7,0.0,3.9,2.9,7.8,600.0,1683.6,5896.9,540
2257,00:38:24,54.53,4.7,5.9,2.0,3.9,7.7,600.0,1683.3,5897.1,540
2258,00:38:25,54.04,5.8,6.9,3.8,9.7,2.0,1800.0,1684.4,5896.1,543
2259,00:38:26,55.02,2.5,4.0,2.0,3.0,3.0,1800.0,1684.4,5896.1,540
2260,00:38:27,53.56,2.7,2.0,1.0,1.0,4.9,1800.0,1684.3,5896.2,540
2261,00:38:28,55.02,1.7,3.0,1.0,1.0,3.0,1800.0,1684.0,5896.5,540
2262,00:38:29,54.53,2.5,2.0,3.9,1.0,3.0,1800.0,1684.0,5896.5,540
2263,00:38:30,54.53,7.4,11.0,3.0,7.8,6.9,1000.0,1684.2,5896.3,543
2264,00:38:31,54.04,4.5,3.1,3.9,2.9,6.9,600.0,1684.2,5896.4,540
2265,00:38:32,55.02,4.4,4.0,2.9,3.9,6.7,700.0,1684.2,5896.4,541
2266,00:38:33,53.56,4.9,2.0,5.7,5.7,7.8,600.0,1683.8,5896.6,541
2267,00:38:35,54.53,4.0,5.1,1.0,3.9,4.9,700.0,1683.5,5896.9,541
2268,00:38:36,54.04,7.8,6.1,9.7,6.7,8.8,600.0,1685.4,5895.1,545
2269,00:38:37,54.04,5.1,5.1,2.9,5.8,7.7,600.0,1685.4,5895.1,542
2270,00:38:38,53.56,4.1,3.0,3.8,2.0,7.7,600.0,1685.4,5895.1,542
2271,00:38:39,54.04,4.2,4.0,1.0,2.9,8.5,700.0,1685.4,5895.1,542
2272,00:38:40,53.56,4.4,5.1,3.0,2.9,4.9,700.0,1684.9,5895.6,542
2273,00:38:41,53.07,6.2,9.8,2.9,7.0,5.9,1800.0,1685.4,5895.1,545
2274,00:38:42,54.53,3.0,3.0,2.9,2.9,4.0,1800.0,1684.0,5896.5,542
2275,00:38:43,54.53,2.7,1.0,4.9,2.0,3.0,1800.0,1684.0,5896.5,542
2276,00:38:44,54.04,3.4,4.0,2.0,3.9,3.9,1800.0,1683.8,5896.8,542
2277,00:38:45,53.56,3.0,2.0,3.9,2.0,3.0,1800.0,1683.8,5896.7,542
2278,00:38:46,55.02,11.4,25.6,7.6,3.0,6.9,600.0,1685.1,5895.4,545
2279,00:38:47,53.56,6.0,7.6,5.8,2.9,7.7,600.0,1685.0,5895.5,542
2280,00:38:48,54.53,4.2,1.0,3.9,4.8,7.8,700.0,1684.8,5895.8,542
2281,00:38:49,54.53,4.7,3.0,3.9,2.9,6.7,700.0,1684.8,5895.8,542
2282,00:38:50,53.56,4.4,3.0,6.7,2.9,5.0,700.0,1684.8,5895.8,542
2283,00:38:51,53.56,7.9,6.1,7.8,10.6,7.8,700.0,1687.2,5893.3,545
2284,00:38:52,54.04,4.7,4.0,4.9,4.9,5.9,600.0,1687.4,5893.1,542
2285,00:38:53,54.53,3.4,3.0,3.0,1.9,5.8,600.0,1687.4,5893.1,542
2286,00:38:54,54.53,3.9,3.0,3.9,2.0,5.8,600.0,1687.2,5893.3,542
2287,00:38:55,53.07,4.7,6.0,3.9,3.9,3.9,700.0,1686.9,5893.6,542
2288,00:38:56,54.04,5.6,4.0,3.9,4.9,9.5,1800.0,1687.9,5892.6,545
2289,00:38:57,54.04,2.2,3.0,3.9,1.0,2.0,1800.0,1687.9,5892.6,542
2290,00:38:58,54.53,2.2,1.0,3.0,1.0,2.0,1800.0,1688.2,5892.4,542
2291,00:38:59,54.04,2.0,2.0,1.0,3.0,3.9,1800.0,1687.9,5892.6,542
2292,00:39:00,53.56,2.7,2.0,0.0,3.9,3.9,1800.0,1687.7,5892.8,542
2293,00:39:01,53.56,7.5,6.1,8.0,9.8,6.9,1800.0,1687.3,5893.2,545
2294,00:39:02,55.02,3.0,5.0,2.0,3.9,3.0,1800.0,1687.6,5892.9,542
2295,00:39:03,54.04,2.2,2.0,0.0,2.0,3.0,1800.0,1687.6,5892.9,542
2296,00:39:04,54.53,2.2,2.0,3.0,1.0,1.0,1800.0,1687.6,5892.9,542
2297,00:39:05,55.02,4.7,5.9,2.0,6.8,5.9,1800.0,1688.7,5891.8,545
2298,00:39:06,54.04,4.5,4.1,5.9,3.0,4.0,700.0,1689.1,5891.4,542
2299,00:39:07,55.02,4.4,5.0,6.8,2.9,4.9,600.0,1689.0,5891.6,542
2300,00:39:08,54.53,4.2,5.0,3.9,2.9,4.9,700.0,1689.2,5891.3,542
2301,00:39:09,53.56,4.7,5.1,3.0,2.9,6.9,600.0,1689.2,5891.4,542
2302,00:39:10,54.53,7.6,8.0,5.0,8.6,10.6,1100.0,1690.1,5890.4,545
2303,00:39:12,53.56,6.9,6.1,4.9,5.0,8.7,700.0,1690.3,5890.2,542
2304,00:39:13,54.04,4.4,2.1,2.0,6.7,6.9,700.0,1690.3,5890.2,543
2305,00:39:14,53.56,6.0,4.0,9.1,4.9,5.9,600.0,1690.4,5890.1,543
2306,00:39:15,53.56,13.7,28.8,4.9,11.2,7.7,700.0,1690.4,5890.1,543
2307,00:39:16,54.04,7.8,8.9,3.9,5.8,11.9,1800.0,1691.6,5888.9,545
2308,00:39:17,53.07,3.2,3.0,4.9,2.0,2.0,1800.0,1691.1,5889.4,542
2309,00:39:18,53.56,2.5,3.0,2.0,3.9,3.0,1800.0,1691.0,5889.6,542
2310,00:39:19,54.53,3.0,3.0,2.9,1.0,3.9,1800.0,1691.0,5889.6,542
2311,00:39:20,54.04,3.0,0.0,3.0,4.9,3.9,1800.0,1691.1,5889.4,542
2312,00:39:21,54.53,4.2,5.1,3.0,5.9,4.0,600.0,1692.8,5887.7,545
2313,00:39:22,54.53,5.8,2.0,2.9,7.7,8.7,700.0,1692.8,5887.7,542
2314,00:39:23,54.04,3.2,3.0,2.0,2.0,5.9,1800.0,1692.8,5887.7,542
2315,00:39:24,53.56,2.5,2.0,2.9,2.0,3.0,1800.0,1692.3,5888.2,542
2316,00:39:25,54.53,2.5,3.0,2.0,2.0,3.9,1800.0,1692.3,5888.2,542
2317,00:39:26,54.04,3.0,2.0,4.0,4.0,3.0,1800.0,1693.6,5886.9,545
2318,00:39:27,54.53,3.0,1.0,3.9,1.0,4.0,1800.0,1693.3,5887.2,542
2319,00:39:28,53.56,4.7,4.1,5.9,4.9,5.0,600.0,1692.3,5888.2,542
2320,00:39:29,53.07,4.7,5.0,6.8,2.0,4.0,600.0,1692.3,5888.2,542
2321,00:39:30,54.04,4.2,3.0,6.7,2.9,4.9,800.0,1692.2,5888.3,542
2322,00:39:31,53.07,7.4,6.2,6.0,5.9,10.5,700.0,1692.5,5888.0,545
2323,00:39:32,53.56,4.9,5.9,6.9,3.9,3.0,700.0,1692.3,5888.3,542
2324,00:39:33,53.07,4.9,5.0,4.9,2.9,7.5,600.0,1692.2,5888.3,542
2325,00:39:34,54.04,4.6,2.0,8.7,1.9,5.7,1800.0,1692.0,5888.6,542
2326,00:39:35,53.56,2.0,3.0,1.0,1.0,3.0,1800.0,1692.0,5888.6,542
2327,00:39:36,53.56,3.7,2.1,5.0,3.9,4.0,1800.0,1692.9,5887.6,545
2328,00:39:37,54.04,3.0,3.0,4.0,2.0,2.0,1800.0,1692.4,5888.1,542
2329,00:39:38,54.04,4.0,5.0,5.0,3.0,3.9,700.0,1692.4,5888.1,542
2330,00:39:39,53.07,3.9,4.0,5.8,2.9,2.9,1800.0,1692.4,5888.1,542
2331,00:39:40,54.53,2.2,3.0,2.0,2.0,2.0,1800.0,1692.2,5888.3,542
2332,00:39:41,54.53,3.7,4.0,4.0,5.0,2.0,1800.0,1693.5,5887.1,545
2333,00:39:42,54.53,3.2,4.0,3.9,1.0,2.9,1800.0,1693.5,5887.1,542
2334,00:39:43,54.04,9.9,14.9,16.9,3.9,2.9,1800.0,1693.5,5887.1,542
2335,00:39:44,54.53,4.2,6.1,5.0,3.0,2.9,700.0,1693.5,5887.1,542
2336,00:39:45,55.02,4.4,1.0,6.8,4.8,3.9,1800.0,1694.2,5886.3,542
2337,00:39:46,54.04,3.7,4.0,4.0,3.9,3.0,1800.0,1694.0,5886.6,545
2338,00:39:47,54.04,2.7,2.0,2.0,4.0,2.0,1800.0,1694.2,5886.3,542
2339,00:39:48,54.04,1.7,2.0,2.0,2.0,2.0,1800.0,1693.9,5886.6,542
2340,00:39:49,54.53,3.0,5.0,2.9,2.9,1.0,700.0,1693.9,5886.6,542
2341,00:39:50,54.53,5.4,5.1,4.8,7.8,3.9,1800.0,1694.9,5885.6,545
2342,00:39:51,53.56,2.2,2.0,2.0,4.0,1.0,1800.0,1694.6,5885.9,542
2343,00:39:52,55.5,3.0,3.0,2.0,4.9,3.8,1800.0,1694.0,5886.6,542
2344,00:39:53,54.53,2.2,3.0,1.0,4.0,0.0,1800.0,1693.9,5886.6,542
2345,00:39:54,54.53,2.2,2.0,0.0,2.0,3.9,1800.0,1693.9,5886.6,542
2346,00:39:55,55.5,8.6,7.0,8.7,13.6,5.9,1800.0,1695.4,5885.2,545
2347,00:39:56,55.5,3.9,3.0,2.0,5.8,4.8,1800.0,1695.5,5885.1,542
2348,00:39:57,54.53,2.0,3.0,1.0,2.0,2.0,1800.0,1695.4,5885.1,542
2349,00:39:59,53.56,2.2,2.0,1.0,3.0,2.0,1800.0,1695.4,5885.1,541
2350,00:40:00,55.02,2.0,2.0,0.0,4.9,3.0,1800.0,1695.2,5885.4,541
2351,00:40:01,53.56,4.2,2.1,4.9,5.0,4.0,700.0,1696.6,5883.9,544
2352,00:40:02,53.56,4.7,4.0,3.0,8.7,3.9,600.0,1696.6,5883.9,542
2353,00:40:03,54.04,24.1,22.8,26.2,23.3,24.3,1800.0,1684.2,5896.3,542
2354,00:40:04,55.02,2.7,3.0,3.0,2.0,3.0,1800.0,1682.6,5897.8,542
2355,00:40:05,55.02,2.2,2.0,2.0,2.0,2.0,1800.0,1682.6,5897.8,542
2356,00:40:06,54.04,4.7,6.0,5.9,3.0,3.9,1800.0,1683.8,5896.6,545
2357,00:40:07,53.56,3.2,2.0,5.9,2.0,2.9,700.0,1683.6,5896.9,542
2358,00:40:08,54.04,4.8,6.7,6.8,4.8,1.0,1800.0,1683.4,5897.2,542
2359,00:40:09,53.56,1.8,0.0,3.0,2.0,2.0,1800.0,1683.4,5897.2,542
2360,00:40:10,54.04,19.4,15.0,21.0,13.1,28.7,1800.0,1707.6,5890.7,542
2361,00:40:11,54.53,7.7,12.1,6.9,7.6,4.9,1800.0,1721.1,5861.3,545
2362,00:40:12,55.5,11.7,18.8,18.8,2.0,4.9,1800.0,1721.1,5861.4,542
2363,00:40:13,55.5,4.9,4.0,7.8,4.9,2.9,1800.0,1715.5,5866.5,542
2364,00:40:14,55.02,4.0,4.0,5.9,2.0,4.0,1800.0,1713.3,5868.6,542
2365,00:40:15,55.5,4.2,4.0,4.0,3.9,3.9,1800.0,1708.8,5873.0,542
2366,00:40:16,54.53,4.5,7.1,4.0,3.9,3.0,1800.0,1707.0,5874.8,545
2367,00:40:17,55.02,5.2,4.0,6.9,2.9,6.8,1800.0,1702.0,5879.9,542
2368,00:40:18,55.02,5.2,3.1,6.9,4.9,6.8,1800.0,1698.9,5883.0,542
2369,00:40:19,55.5,2.8,2.0,4.0,2.0,3.0,1800.0,1696.6,5885.3,542
2370,00:40:20,54.53,3.0,2.0,3.0,2.0,4.0,1800.0,1694.5,5887.4,542
2371,00:40:21,54.53,5.2,5.1,5.9,5.0,5.0,1800.0,1694.4,5887.5,545
2372,00:40:22,54.04,3.7,3.0,5.9,3.0,2.0,1800.0,1692.6,5889.2,542
2373,00:40:23,54.04,6.7,4.1,7.8,7.8,7.8,700.0,1691.6,5890.2,542
2374,00:40:24,54.53,16.1,15.0,16.7,9.7,22.3,1800.0,1690.8,5875.8,543
2375,00:40:25,54.04,2.7,2.0,6.8,1.0,2.9,1800.0,1690.3,5876.4,543
2376,00:40:26,55.5,4.0,3.1,3.0,5.0,4.0,1800.0,1695.1,5874.5,546
2377,00:40:27,55.02,2.7,2.0,3.0,2.0,3.0,1800.0,1693.6,5876.7,543
2378,00:40:28,55.02,3.2,3.1,3.9,2.0,3.9,1800.0,1691.9,5878.4,543
2379,00:40:29,54.53,2.8,3.0,4.0,2.0,3.0,600.0,1691.0,5879.6,543
2380,00:40:30,54.04,3.9,2.9,6.8,3.8,1.9,1800.0,1688.6,5882.3,543
2381,00:40:31,54.53,5.0,6.1,3.0,4.9,5.9,1800.0,1689.7,5881.2,546
2382,00:40:32,54.53,3.5,3.1,5.0,3.0,3.0,1800.0,1688.5,5889.3,543
2383,00:40:33,54.04,2.7,3.0,3.9,1.0,2.0,1800.0,1688.2,5889.5,543
2384,00:40:34,55.02,2.7,3.0,3.0,3.9,2.0,700.0,1688.2,5889.5,543
2385,00:40:35,54.04,5.4,4.0,6.9,2.9,5.8,700.0,1687.5,5890.3,543
2386,00:40:36,55.02,7.5,7.8,9.6,5.8,8.7,1800.0,1687.7,5890.1,546
2387,00:40:37,55.02,2.3,2.0,2.0,3.0,2.9,1800.0,1687.9,5889.8,543
2388,00:40:38,54.04,3.2,4.0,4.9,1.0,2.0,1800.0,1688.2,5889.6,543
2389,00:40:39,54.53,2.7,3.1,4.0,2.0,2.0,1800.0,1687.9,5889.8,543
2390,00:40:40,54.53,10.6,16.5,17.9,3.9,3.0,700.0,1688.9,5888.8,543
2391,00:40:41,55.02,6.8,4.9,8.7,6.9,6.7,1800.0,1689.4,5888.3,546
2392,00:40:42,55.5,4.0,4.1,5.0,2.0,5.0,1800.0,1688.4,5889.4,543
2393,00:40:43,54.53,3.0,4.0,2.0,2.0,2.0,1800.0,1688.4,5889.4,543
2394,00:40:44,54.53,2.3,1.0,3.0,2.0,3.9,1800.0,1688.6,5889.2,543
2395,00:40:45,55.02,5.0,5.1,5.8,3.9,5.9,1800.0,1688.9,5888.8,546
2396,00:40:46,55.02,6.4,6.1,8.7,3.9,6.9,600.0,1688.7,5889.0,543
2397,00:40:47,55.02,4.9,5.1,5.0,3.9,4.9,700.0,1688.6,5889.2,543
2398,00:40:48,55.02,5.3,2.0,6.9,3.9,6.6,1800.0,1688.5,5889.2,543
2399,00:40:49,55.02,2.7,2.0,4.0,3.9,2.9,1800.0,1688.6,5889.2,543
2400,00:40:51,54.53,4.0,6.0,4.0,3.0,3.0,1800.0,1688.8,5888.9,546
2401,00:40:52,55.5,3.0,3.0,4.0,3.0,2.0,1800.0,1688.1,5889.6,543
2402,00:40:53,55.02,3.7,1.0,5.8,4.9,3.9,1800.0,1688.3,5889.5,543
2403,00:40:54,54.53,4.4,4.0,6.9,3.0,2.0,1800.0,1688.3,5889.5,543
2404,00:40:55,54.53,3.2,4.0,3.0,1.0,4.0,1800.0,1688.4,5889.3,543
2405,00:40:56,54.04,4.2,6.0,5.0,3.0,3.9,1800.0,1688.1,5889.7,546
2406,00:40:57,54.53,3.7,4.0,3.0,3.9,5.0,1800.0,1687.9,5889.8,543
2407,00:40:58,54.04,3.5,3.0,3.9,3.0,2.9,1800.0,1687.9,5889.8,543
2408,00:40:59,54.04,4.8,8.1,4.0,5.0,4.0,700.0,1687.4,5889.8,543
2409,00:41:00,53.07,4.4,3.1,7.7,2.0,3.9,700.0,1687.4,5889.8,543
2410,00:41:01,53.56,8.1,7.9,8.9,5.0,9.7,700.0,1689.1,5888.1,546
2411,00:41:02,54.53,5.6,5.1,6.8,5.8,4.9,700.0,1689.4,5887.8,543
2412,00:41:03,53.56,4.4,4.0,6.7,2.0,5.8,700.0,1689.3,5887.9,543
2413,00:41:04,53.07,4.9,3.1,7.7,2.9,4.9,600.0,1689.3,5887.9,543
2414,00:41:05,52.09,5.2,8.0,6.9,4.0,4.8,700.0,1689.5,5887.7,543
2415,00:41:06,54.53,6.4,6.0,8.7,3.0,4.9,1800.0,1690.7,5886.6,546
2416,00:41:07,53.56,3.5,3.1,4.9,3.9,3.0,1800.0,1691.0,5886.3,543
2417,00:41:08,53.07,3.2,4.9,5.8,2.0,2.0,1800.0,1691.0,5886.3,543
2418,00:41:09,53.07,10.7,14.3,4.0,4.0,16.5,1800.0,1691.2,5886.1,543
2419,00:41:10,53.07,2.3,4.0,4.0,0.0,2.0,1800.0,1691.2,5886.1,543
2420,00:41:11,54.04,6.5,8.1,8.7,4.0,6.0,1800.0,1692.7,5884.6,546
2421,00:41:12,53.07,3.0,3.0,2.0,3.0,3.0,1800.0,1695.5,5881.8,543
2422,00:41:13,53.07,3.5,2.0,4.0,3.9,3.0,1800.0,1695.5,5881.8,543
2423,00:41:14,53.56,3.0,3.0,5.9,2.0,1.0,1800.0,1694.7,5882.6,543
2424,00:41:15,52.58,2.7,2.0,4.0,2.0,3.9,1800.0,1694.3,5883.0,543
2425,00:41:16,54.04,7.1,5.2,7.8,8.1,6.0,1800.0,1695.0,5882.3,546
2426,00:41:17,52.58,3.2,3.0,5.0,3.0,2.0,1800.0,1695.0,5882.3,543
2427,00:41:18,53.56,3.0,3.0,5.0,3.9,1.0,1800.0,1694.2,5883.1,543
2428,00:41:19,54.04,2.2,2.0,5.0,1.0,1.0,1800.0,1694.4,5882.9,543
2429,00:41:20,54.53,2.7,1.0,5.8,1.0,2.0,1800.0,1694.1,5883.2,543
2430,00:41:21,53.07,5.3,4.1,6.0,5.9,6.9,600.0,1695.1,5882.2,546
2431,00:41:22,53.56,5.1,4.0,5.9,2.9,4.9,1800.0,1695.4,5885.9,543
2432,00:41:23,53.56,2.7,2.0,6.8,1.0,1.0,1800.0,1695.0,5886.3,543
2433,00:41:24,52.58,2.2,3.0,3.0,1.0,2.9,1800.0,1694.7,5886.6,543
2434,00:41:25,52.58,2.7,2.0,4.0,2.0,3.0,1800.0,1694.5,5886.8,543
2435,00:41:26,53.56,4.2,4.0,4.9,3.0,5.0,1800.0,1695.7,5885.6,546
2436,00:41:27,53.56,5.1,6.8,7.8,2.9,3.8,1800.0,1695.3,5885.9,543
2437,00:41:28,53.07,2.5,2.0,3.9,1.0,2.0,1800.0,1695.2,5885.9,543
2438,00:41:29,54.04,2.7,4.0,5.0,1.0,2.0,1800.0,1695.4,5885.8,543
2439,00:41:30,53.56,3.0,1.0,3.9,3.9,2.0,1800.0,1694.9,5886.3,543
2440,00:41:31,53.56,5.0,6.1,4.9,4.1,4.9,1800.0,1694.8,5886.3,546
2441,00:41:32,54.04,6.7,7.9,5.9,8.8,5.9,1800.0,1694.7,5886.4,543
2442,00:41:33,52.58,2.5,2.0,1.0,5.0,1.0,1800.0,1695.1,5886.1,543
2443,00:41:34,52.58,3.0,4.0,1.0,4.0,2.0,1800.0,1695.1,5886.1,543
2444,00:41:35,54.04,4.5,7.0,4.0,4.0,4.9,1800.0,1696.0,5885.2,546
2445,00:41:36,54.53,3.5,4.0,3.0,5.0,1.0,1800.0,1696.0,5885.2,543
2446,00:41:37,52.09,14.6,28.8,10.1,13.5,3.0,800.0,1695.8,5885.4,543
2447,00:41:38,53.56,31.2,34.0,29.4,33.7,28.2,1800.0,1687.2,5894.0,547
2448,00:41:39,54.04,87.2,97.0,85.1,84.2,83.0,1800.0,1718.2,5862.9,546
2449,00:41:40,56.48,70.0,100.0,57.0,63.4,58.0,1800.0,1759.0,5822.0,549
2450,00:41:41,54.53,57.6,55.4,61.6,48.0,65.3,1800.0,1781.4,5799.5,545
2451,00:41:42,55.99,31.9,35.4,27.1,28.8,37.4,1800.0,1778.1,5802.8,545
2452,00:41:44,55.5,32.8,34.0,22.7,34.0,39.8,1800.0,1778.0,5803.0,545
2453,00:41:45,55.02,13.9,13.1,13.0,16.7,14.7,1800.0,1777.5,5803.6,545
2454,00:41:46,55.5,4.3,4.1,1.0,4.0,4.9,1800.0,1775.4,5805.7,548
2455,00:41:47,54.53,4.0,7.0,3.0,4.0,5.0,1800.0,1773.3,5807.9,546
2456,00:41:48,54.04,4.2,0.0,2.9,6.8,5.9,800.0,1772.0,5809.2,545
2457,00:41:49,54.53,6.5,4.0,5.0,3.9,13.7,600.0,1770.6,5810.6,545
2458,00:41:50,55.02,14.0,4.1,4.8,4.0,41.7,1800.0,1701.7,5879.5,543
2459,00:41:51,53.56,5.2,3.0,4.0,5.8,7.8,1800.0,1701.3,5879.8,546
2460,00:41:52,53.56,3.5,3.1,6.9,2.0,2.0,1800.0,1701.9,5879.2,543
2461,00:41:53,54.04,4.7,6.1,5.9,2.0,4.9,1800.0,1700.6,5880.5,543
2462,00:41:54,53.07,4.0,2.0,7.8,3.0,3.0,1800.0,1699.8,5881.3,543
2463,00:41:55,53.07,4.3,4.0,7.0,2.0,4.0,800.0,1698.7,5882.4,543
2464,00:41:56,54.04,7.4,7.1,8.7,5.0,6.9,1800.0,1698.3,5882.7,546
2465,00:41:57,54.04,5.0,3.0,6.8,5.9,4.0,1800.0,1695.2,5885.8,543
2466,00:41:58,53.56,4.0,3.0,4.0,5.0,3.9,1800.0,1694.4,5886.5,543
2467,00:41:59,53.56,3.0,2.0,4.0,2.0,4.0,1800.0,1693.3,5887.7,543
2468,00:42:00,53.56,4.7,4.0,5.0,3.0,7.7,1800.0,1692.4,5888.7,543
2469,00:42:01,53.56,9.0,7.1,8.9,8.0,11.0,1800.0,1694.0,5887.1,546
2470,00:42:02,53.56,4.7,5.0,5.0,5.9,4.0,1800.0,1692.6,5888.6,543
2471,00:42:03,53.07,4.0,2.0,5.0,6.9,2.0,1800.0,1692.1,5889.1,543
2472,00:42:04,54.04,4.5,3.1,5.9,5.1,3.9,1800.0,1692.1,5889.1,543
2473,00:42:05,54.04,4.0,4.0,3.9,6.0,2.0,1800.0,1692.4,5888.8,543
2474,00:42:06,53.07,21.1,34.1,13.9,13.7,19.8,800.0,1693.4,5887.3,546
2475,00:42:07,53.56,4.0,4.0,4.0,2.9,4.9,1800.0,1693.0,5887.7,543
2476,00:42:08,53.56,3.2,4.0,3.0,2.0,3.9,1800.0,1692.9,5887.7,543
2477,00:42:09,53.07,3.2,5.1,4.0,1.0,3.0,1800.0,1693.2,5888.0,543
2478,00:42:10,53.56,3.0,3.0,3.0,2.0,3.0,1800.0,1693.1,5888.0,543
2479,00:42:11,53.07,5.4,7.1,3.9,5.8,6.8,1800.0,1693.8,5887.4,546
2480,00:42:12,54.04,5.2,7.1,4.0,3.9,6.9,1800.0,1693.1,5888.1,543
2481,00:42:13,53.07,3.5,4.0,2.0,3.0,2.0,1800.0,1692.6,5888.6,543
2482,00:42:14,54.04,6.1,7.1,8.1,6.0,5.1,1800.0,1691.6,5889.6,543
2483,00:42:15,53.07,3.0,1.0,3.0,1.0,3.9,1800.0,1691.4,5889.8,543
2484,00:42:16,53.07,4.2,4.1,5.0,4.9,5.0,1800.0,1692.4,5888.8,546
2485,00:42:17,52.58,7.0,6.2,7.9,4.0,8.7,600.0,1692.1,5889.1,543
2486,00:42:18,53.07,5.3,5.8,3.9,3.9,8.7,1800.0,1692.3,5888.8,543
2487,00:42:19,52.58,3.0,3.0,2.0,3.0,4.0,1800.0,1692.3,5888.8,543
2488,00:42:20,53.56,9.3,2.1,1.0,4.0,28.7,1800.0,1702.8,5878.3,544
2489,00:42:21,53.07,11.2,9.9,13.7,9.0,14.4,1800.0,1696.0,5885.1,546
2490,00:42:22,53.07,3.5,5.0,2.0,2.9,3.0,1800.0,1695.9,5885.2,543
2491,00:42:23,53.07,5.5,8.0,4.0,3.0,7.8,1800.0,1694.9,5886.3,543
2492,00:42:24,52.58,3.0,4.0,1.0,2.0,2.0,1800.0,1694.3,5886.9,543
2493,00:42:25,53.07,3.9,2.0,3.9,4.9,4.9,1800.0,1693.7,5887.5,543
2494,00:42:26,52.58,5.5,9.0,4.0,3.0,5.0,1800.0,1694.1,5887.1,546
2495,00:42:27,52.58,3.5,4.1,3.9,3.0,3.9,1800.0,1693.9,5887.3,543
2496,00:42:28,52.58,4.5,6.2,4.0,4.9,3.0,800.0,1693.6,5887.6,544
2497,00:42:29,53.07,5.2,6.1,3.0,3.0,7.8,700.0,1692.5,5888.6,544
2498,00:42:30,53.56,6.9,9.1,6.9,5.8,6.9,700.0,1692.7,5888.5,544
2499,00:42:31,52.09,6.1,5.0,6.8,5.8,7.7,1800.0,1693.3,5887.9,547
2500,00:42:32,52.09,3.7,3.0,3.0,4.9,4.9,1800.0,1692.5,5888.7,544
2501,00:42:33,52.09,3.5,4.0,2.0,4.0,3.0,1800.0,1692.6,5888.5,544
2502,00:42:34,52.58,9.5,14.3,15.4,4.9,3.9,1800.0,1692.6,5888.6,544
2503,00:42:35,52.09,4.2,5.0,5.0,3.0,4.0,1800.0,1694.3,5886.8,547
2504,00:42:36,53.07,7.2,4.2,6.0,8.7,8.9,700.0,1694.6,5886.6,544
2505,00:42:37,52.09,5.9,6.9,2.9,6.7,6.9,700.0,1694.0,5887.2,544
2506,00:42:38,52.09,6.1,3.1,4.9,6.9,7.7,600.0,1694.0,5887.1,544
2507,00:42:40,52.09,4.9,4.0,2.0,6.7,7.8,1800.0,1693.2,5888.0,544
2508,00:42:41,52.09,4.2,4.0,4.9,5.8,3.0,1800.0,1694.0,5887.2,547
2509,00:42:42,53.07,3.7,4.0,3.0,2.0,4.0,1800.0,1692.5,5888.7,544
2510,00:42:43,53.07,3.0,5.1,2.0,3.0,2.0,1800.0,1692.5,5888.6,543
2511,00:42:44,53.07,2.7,1.0,2.0,3.0,5.8,1800.0,1692.6,5888.6,543
2512,00:42:45,51.12,6.3,5.2,11.8,3.0,6.0,700.0,1692.5,5888.6,543
2513,00:42:46,53.07,8.6,7.1,8.9,7.9,6.9,600.0,1693.3,5887.9,546
2514,00:42:47,51.61,4.9,3.9,3.9,5.7,9.5,1800.0,1693.6,5887.5,543
2515,00:42:48,52.58,2.5,2.0,2.0,1.0,5.0,1800.0,1693.6,5887.5,543
2516,00:42:49,53.07,2.7,3.0,3.9,2.0,2.0,1800.0,1693.6,5887.5,543
2517,00:42:50,52.09,2.7,1.0,5.0,1.0,3.0,1800.0,1693.6,5887.5,543
2518,00:42:51,52.58,3.8,2.1,5.0,3.0,4.0,1800.0,1694.6,5886.6,546
2519,00:42:52,52.58,23.9,26.0,20.8,22.8,26.3,1800.0,1694.9,5875.6,543
2520,00:42:53,52.58,20.0,21.4,20.0,20.8,19.2,1800.0,1695.1,5875.2,543
2521,00:42:54,52.09,3.2,2.0,1.0,4.0,4.9,1800.0,1693.9,5879.4,543
2522,00:42:55,52.58,2.5,3.0,3.0,2.0,2.0,1800.0,1693.9,5879.4,543
2523,00:42:56,52.58,3.7,3.1,1.0,5.0,4.0,1800.0,1696.1,5878.5,546
2524,00:42:57,52.58,6.7,6.0,4.9,5.9,10.9,700.0,1696.4,5878.4,543
2525,00:42:58,51.61,4.9,4.0,6.9,3.0,6.8,600.0,1696.6,5878.2,543
2526,00:42:59,51.61,5.1,3.0,7.7,4.8,5.8,700.0,1697.0,5877.9,543
2527,00:43:00,52.09,5.2,6.1,3.0,2.9,5.8,700.0,1698.2,5879.0,543
2528,00:43:01,51.12,7.1,6.9,2.9,7.6,11.7,1800.0,1698.9,5878.2,546
2529,00:43:02,52.58,3.5,4.9,2.0,1.0,5.9,1800.0,1699.0,5878.1,543
2530,00:43:03,52.09,9.5,14.9,2.9,2.0,17.2,1800.0,1699.0,5878.1,543
2531,00:43:04,52.09,2.0,0.0,1.0,1.0,5.0,1800.0,1699.1,5877.9,543
2532,00:43:05,52.58,2.5,3.0,2.0,2.0,3.0,1800.0,1698.9,5877.9,543
2533,00:43:06,51.61,7.8,8.2,9.9,7.8,7.0,700.0,1698.6,5878.2,546
2534,00:43:07,51.61,5.4,7.1,3.9,2.9,5.9,700.0,1698.2,5878.7,543
2535,00:43:08,52.09,5.1,8.8,2.9,4.9,3.9,700.0,1698.4,5878.7,543
2536,00:43:09,52.09,5.4,5.1,4.9,3.9,8.7,1800.0,1700.1,5877.0,543
2537,00:43:10,50.63,2.0,2.0,2.0,1.0,3.0,1800.0,1700.1,5877.0,543
2538,00:43:11,52.58,4.2,3.0,5.0,4.0,5.9,1800.0,1701.5,5875.6,546
2539,00:43:12,51.61,3.0,1.0,5.9,1.0,2.0,1800.0,1700.8,5876.3,543
2540,00:43:13,52.58,1.5,1.0,3.0,2.0,2.9,1800.0,1700.8,5876.3,543
2541,00:43:14,52.58,4.0,6.2,2.0,0.0,5.0,700.0,1700.5,5876.6,543
2542,00:43:15,52.58,5.4,8.9,4.8,2.9,6.9,600.0,1700.5,5876.6,543
2543,00:43:16,51.61,7.0,4.0,6.7,7.8,9.4,1800.0,1700.1,5877.0,546
2544,00:43:17,51.61,24.3,26.0,23.5,24.3,24.0,1800.0,1685.3,5891.8,543
2545,00:43:18,52.09,2.0,2.0,1.0,1.0,2.0,1800.0,1685.2,5891.8,543
2546,00:43:19,52.09,2.5,4.0,2.0,1.0,3.9,1800.0,1684.0,5893.0,543
2547,00:43:20,52.58,4.0,1.0,5.9,4.9,4.0,1800.0,1685.0,5892.0,546
2548,00:43:21,51.12,5.0,3.1,3.0,5.9,5.9,700.0,1685.6,5891.5,543
2549,00:43:22,51.61,3.2,2.0,2.0,2.9,5.9,1800.0,1685.6,5891.5,543
2550,00:43:23,53.07,2.2,1.0,3.0,1.0,3.9,1800.0,1685.1,5892.0,543
2551,00:43:24,52.58,2.5,1.0,2.9,3.0,3.0,1800.0,1685.1,5892.0,543
2552,00:43:25,53.07,4.0,4.0,4.0,3.0,4.0,1800.0,1685.8,5891.3,546
2553,00:43:26,51.12,3.2,5.0,2.0,3.9,4.9,600.0,1685.8,5891.3,543
2554,00:43:27,52.09,4.1,1.0,4.9,1.9,7.6,1800.0,1685.8,5891.3,543
2555,00:43:28,52.58,3.2,4.0,2.0,2.0,3.0,1800.0,1685.8,5891.3,543
2556,00:43:30,51.61,2.5,1.0,2.0,4.9,4.0,1800.0,1685.3,5891.8,543
2557,00:43:31,52.58,4.5,4.0,4.9,3.0,6.8,1800.0,1687.4,5889.6,546
2558,00:43:32,53.07,10.4,11.8,2.0,6.9,17.9,600.0,1687.0,5890.0,543
2559,00:43:33,51.12,3.7,3.0,1.9,4.8,5.8,1800.0,1687.0,5890.0,543
2560,00:43:34,52.58,2.7,1.0,3.0,3.9,3.9,1800.0,1687.0,5890.1,543
2561,00:43:35,52.09,2.2,3.0,1.0,2.0,3.0,1800.0,1687.3,5889.8,543
2562,00:43:36,52.58,3.7,2.0,3.0,5.9,3.0,1800.0,1687.8,5889.3,546
2563,00:43:37,51.61,3.5,2.0,3.0,4.9,3.9,600.0,1687.9,5889.2,543
2564,00:43:38,52.09,3.4,2.9,2.9,2.0,6.7,1800.0,1687.9,5889.2,543
2565,00:43:39,52.09,2.7,4.0,1.0,1.0,3.9,1800.0,1687.9,5889.2,543
2566,00:43:40,52.09,2.5,4.0,2.0,3.0,1.0,1800.0,1689.7,5891.4,543
2567,00:43:41,52.09,3.7,4.1,2.0,5.9,3.0,1800.0,1691.6,5889.5,546
2568,00:43:42,51.61,3.2,4.0,2.0,2.9,3.9,700.0,1691.2,5889.9,543
2569,00:43:43,52.58,4.6,5.0,4.8,1.9,7.8,1800.0,1691.4,5889.7,543
2570,00:43:44,52.09,2.2,1.0,1.0,1.0,5.8,1800.0,1691.7,5889.4,543
2571,00:43:45,52.58,2.0,1.0,1.0,1.0,3.0,1800.0,1691.7,5889.4,543
2572,00:43:46,52.09,3.3,3.1,3.0,2.0,6.9,1800.0,1693.1,5888.0,546
2573,00:43:47,52.09,3.0,2.0,2.9,4.0,3.0,1800.0,1693.5,5887.6,543
2574,00:43:48,52.58,5.9,6.1,5.0,4.9,8.7,700.0,1693.1,5888.0,541
2575,00:43:49,52.09,3.9,1.0,3.9,2.0,6.8,1800.0,1692.6,5888.5,541
2576,00:43:50,52.58,3.2,2.0,1.0,4.9,5.9,1800.0,1692.8,5888.3,542
2577,00:43:51,52.58,4.2,3.1,5.0,2.0,6.8,1800.0,1694.3,5886.8,545
2578,00:43:52,53.07,2.7,4.0,2.0,1.0,3.0,1800.0,1694.0,5887.1,542
2579,00:43:53,52.09,2.5,3.0,2.0,2.9,2.0,600.0,1693.7,5887.4,542
2580,00:43:54,51.61,4.4,4.9,3.9,2.0,7.7,1800.0,1693.9,5887.1,542
2581,00:43:55,52.58,2.2,1.0,2.9,2.0,2.0,1800.0,1693.9,5887.2,542
2582,00:43:56,52.09,4.2,3.0,3.0,5.0,5.0,1800.0,1695.6,5885.5,545
2583,00:43:57,52.09,3.0,4.1,3.0,1.0,3.9,1800.0,1694.5,5886.6,542
2584,00:43:58,52.09,3.2,5.0,2.9,2.0,3.9,700.0,1694.5,5886.6,542
2585,00:43:59,51.61,4.9,4.9,2.9,3.9,7.8,1800.0,1694.5,5886.6,542
2586,00:44:00,51.12,9.9,17.8,10.0,8.3,3.0,1800.0,1694.2,5886.9,542
2587,00:44:01,51.12,3.7,4.1,5.0,1.0,4.9,1800.0,1694.4,5886.7,545
2588,00:44:02,51.12,3.2,6.0,2.0,2.0,3.0,1800.0,1693.9,5887.2,543
2589,00:44:03,52.58,2.7,3.1,2.0,2.0,3.0,1800.0,1693.9,5887.2,543
2590,00:44:04,51.61,4.0,3.1,2.0,3.9,6.9,1800.0,1693.6,5887.5,543
2591,00:44:05,53.07,2.3,5.0,1.0,2.0,3.0,1800.0,1693.6,5887.5,543
2592,00:44:06,52.09,4.0,5.1,4.0,2.0,4.9,1800.0,1693.5,5887.6,546
2593,00:44:07,52.09,3.2,3.0,2.9,3.0,2.0,1800.0,1693.5,5887.6,543
2594,00:44:08,51.61,2.0,3.1,2.0,1.0,2.0,1800.0,1693.5,5887.6,543
2595,00:44:09,52.58,5.5,5.2,6.0,6.1,5.0,600.0,1693.4,5887.7,543
2596,00:44:10,51.12,5.4,8.9,2.9,2.9,6.7,700.0,1692.4,5888.7,543
2597,00:44:11,51.12,8.5,7.9,12.4,6.9,7.8,1800.0,1693.0,5888.1,546
2598,00:44:12,52.09,2.7,2.0,3.0,2.0,3.0,1800.0,1693.2,5887.9,543
2599,00:44:13,52.09,3.2,1.0,5.0,2.9,3.9,1800.0,1693.2,5887.9,543
2600,00:44:14,52.09,2.7,4.0,2.0,2.0,3.9,1800.0,1693.2,5887.9,543
2601,00:44:15,52.58,3.7,3.0,4.0,3.0,4.9,1800.0,1692.6,5888.5,546
2602,00:44:16,51.12,6.5,7.4,5.0,6.9,7.0,700.0,1692.5,5888.6,543
2603,00:44:17,51.61,4.7,5.1,3.9,2.9,5.9,700.0,1692.7,5888.4,543
2604,00:44:18,52.09,3.7,5.0,2.9,2.9,5.0,1800.0,1692.7,5888.4,543
2605,00:44:19,51.61,2.2,1.0,2.0,2.0,3.9,1800.0,1692.2,5888.9,543
2606,00:44:20,51.61,4.7,3.0,5.9,4.0,5.9,1800.0,1694.2,5886.9,545
2607,00:44:21,51.61,2.5,1.0,2.0,2.9,3.0,1800.0,1693.9,5887.2,542
2608,00:44:23,52.09,2.2,2.0,1.0,1.0,5.0,1800.0,1693.9,5887.2,542
2609,00:44:24,51.61,4.0,4.0,2.0,3.9,5.9,1800.0,1693.9,5887.2,542
2610,00:44:25,51.61,2.0,3.0,1.0,2.0,2.0,1800.0,1693.7,5887.4,542
2611,00:44:26,52.58,4.7,3.1,4.0,7.7,4.9,1800.0,1694.9,5886.2,545
2612,00:44:27,52.09,2.7,4.0,2.0,1.0,4.0,1800.0,1695.1,5886.0,542
2613,00:44:28,51.12,3.0,5.0,2.0,3.9,2.0,1800.0,1695.1,5886.0,542
2614,00:44:29,50.63,12.7,33.3,4.9,3.0,2.0,800.0,1695.1,5886.0,542
2615,00:44:30,51.12,5.2,8.0,2.0,3.8,6.9,700.0,1695.1,5886.0,542
2616,00:44:31,52.09,7.6,9.9,5.9,7.9,7.8,600.0,1695.3,5885.8,546
2617,00:44:32,50.63,4.6,5.0,2.9,2.0,8.6,1800.0,1695.4,5885.7,543
2618,00:44:33,52.09,3.2,6.1,1.0,2.0,4.0,1800.0,1695.1,5886.0,543
2619,00:44:34,51.61,2.2,3.0,1.0,2.0,2.0,1800.0,1695.1,5886.0,543
2620,00:44:35,51.61,2.2,4.0,2.0,1.0,3.9,1800.0,1694.9,5886.2,543
2621,00:44:36,51.61,4.2,5.1,5.9,1.0,5.0,1800.0,1695.1,5886.0,546
2622,00:44:37,51.12,5.8,5.1,4.0,5.1,9.0,700.0,1695.2,5885.9,543
2623,00:44:38,52.09,3.9,5.0,2.9,0.0,5.8,1800.0,1695.2,5885.9,543
2624,00:44:39,51.61,2.5,3.1,2.0,2.0,4.0,1800.0,1694.9,5886.2,543
2625,00:44:40,52.09,3.7,4.0,3.8,2.0,3.0,1800.0,1694.7,5886.4,543
2626,00:44:41,52.09,4.2,5.1,4.0,4.9,4.0,1800.0,1696.1,5885.0,546
2627,00:44:42,51.61,3.2,3.1,2.9,3.9,3.9,1800.0,1695.8,5885.3,543
2628,00:44:43,51.12,5.0,4.0,4.0,5.0,6.9,700.0,1695.6,5885.5,543
2629,00:44:44,51.12,5.4,9.1,2.9,5.0,3.9,700.0,1695.3,5885.8,543
2630,00:44:45,50.63,4.6,4.9,3.9,5.8,4.8,1800.0,1695.3,5885.8,543
2631,00:44:46,51.61,4.7,4.0,4.0,4.0,5.0,1800.0,1697.4,5883.7,546
2632,00:44:47,51.61,2.7,3.0,2.0,3.0,3.0,1800.0,1696.2,5884.9,543
2633,00:44:48,52.09,2.2,3.0,3.0,3.0,3.0,1800.0,1696.2,5884.9,543
2634,00:44:49,52.09,2.7,1.0,4.8,3.0,1.0,1800.0,1695.9,5885.2,543
2635,00:44:50,52.09,4.4,5.0,2.9,6.7,3.9,1800.0,1695.8,5885.2,543
2636,00:44:51,51.61,4.0,4.0,4.0,4.0,4.0,1800.0,1697.5,5883.6,546
2637,00:44:52,51.61,3.0,1.0,2.9,3.0,4.0,1800.0,1698.0,5883.1,543
2638,00:44:53,50.63,3.2,2.0,3.0,3.0,4.0,1800.0,1698.0,5883.1,543
2639,00:44:54,51.61,1.3,1.0,0.0,2.9,1.0,1800.0,1698.0,5883.1,543
2640,00:44:55,50.63,5.5,5.1,5.0,4.0,7.8,600.0,1697.7,5883.4,543
2641,00:44:56,51.61,14.2,12.8,24.0,9.7,8.7,700.0,1699.4,5881.7,546
2642,00:44:57,52.09,12.9,29.0,2.9,5.0,9.2,1800.0,1698.9,5882.2,543
2643,00:44:58,51.61,2.2,0.0,1.0,3.9,3.0,1800.0,1698.6,5882.5,543
2644,00:44:59,50.15,3.0,3.0,2.9,2.0,4.0,1800.0,1698.4,5882.7,543
2645,00:45:00,50.63,2.3,2.0,1.0,3.0,4.0,1800.0,1698.4,5882.7,543
2646,00:45:01,52.58,24.4,20.6,25.5,27.5,23.5,700.0,1687.4,5893.7,546
2647,00:45:02,51.61,4.2,3.0,2.9,6.8,2.9,1800.0,1687.3,5893.8,543
2648,00:45:03,52.09,2.7,1.0,2.0,3.9,5.0,1800.0,1687.3,5893.8,543
2649,00:45:04,52.09,2.3,1.0,1.0,3.0,4.0,1800.0,1687.3,5893.8,543
2650,00:45:05,52.58,3.7,4.0,4.0,4.0,2.0,1800.0,1686.6,5894.5,545
2651,00:45:06,52.09,3.0,4.0,2.0,2.0,3.0,1800.0,1687.1,5894.0,543
2652,00:45:07,51.12,4.2,6.0,2.0,5.9,3.9,1800.0,1687.0,5894.1,543
2653,00:45:08,52.09,2.0,2.0,1.0,2.0,4.0,1800.0,1686.9,5894.2,543
2654,00:45:09,52.58,4.0,3.0,3.0,5.9,4.0,1800.0,1687.6,5893.5,543
2655,00:45:10,52.58,3.7,3.0,3.0,5.0,3.0,1800.0,1688.1,5893.0,545
2656,00:45:11,51.61,3.5,2.0,4.9,3.0,3.0,1800.0,1687.7,5893.4,542
2657,00:45:12,51.61,4.5,4.1,2.0,5.9,5.9,700.0,1687.4,5893.7,542
2658,00:45:13,52.58,4.4,4.0,4.0,6.7,4.9,600.0,1686.9,5894.1,542
2659,00:45:15,51.61,5.2,2.0,7.8,5.9,3.0,700.0,1686.9,5894.1,542
2660,00:45:16,51.61,6.1,5.1,5.8,7.7,7.6,1800.0,1689.1,5892.0,545
2661,00:45:17,52.09,2.7,2.0,3.0,3.9,2.0,1800.0,1688.1,5893.0,542
2662,00:45:18,52.58,4.0,2.0,5.9,4.9,3.0,1800.0,1687.4,5893.7,543
2663,00:45:19,52.09,2.5,1.0,3.0,3.9,1.0,1800.0,1687.1,5894.0,543
2664,00:45:20,50.63,2.0,1.0,2.0,3.0,2.0,1800.0,1687.3,5893.8,543
2665,00:45:21,51.12,8.5,5.2,7.8,13.7,7.0,600.0,1687.1,5894.0,546
2666,00:45:22,51.61,5.6,3.0,3.9,9.7,6.7,600.0,1687.3,5893.8,543
2667,00:45:23,51.12,4.4,3.9,3.8,7.7,1.9,1800.0,1687.3,5893.8,543
2668,00:45:24,51.61,2.2,3.0,2.0,3.0,2.0,1800.0,1687.3,5893.8,543
2669,00:45:25,51.61,3.9,4.0,0.0,3.0,7.5,1800.0,1687.3,5893.8,543
2670,00:45:26,51.61,8.3,15.9,4.0,5.0,7.5,1800.0,1688.0,5893.1,546
2671,00:45:27,51.61,3.0,1.0,2.0,4.9,3.0,600.0,1688.0,5893.1,542
2672,00:45:28,51.61,4.4,4.9,3.8,6.7,2.9,1800.0,1687.7,5893.4,542
2673,00:45:29,51.61,2.0,3.0,2.0,2.0,1.0,1800.0,1687.7,5893.4,542
2674,00:45:30,53.07,3.5,6.0,2.9,3.0,2.0,1800.0,1687.7,5893.4,542
2675,00:45:31,52.09,4.8,5.2,3.0,5.0,5.9,1800.0,1690.7,5890.4,545
2676,00:45:32,52.09,3.5,3.0,3.0,3.0,4.9,1800.0,1690.8,5890.3,542
2677,00:45:33,51.61,3.9,4.0,1.9,3.9,5.8,1800.0,1690.7,5890.4,542
2678,00:45:34,51.61,3.2,3.0,2.0,2.0,5.0,1800.0,1689.5,5891.6,542
2679,00:45:35,51.61,3.2,1.0,2.0,4.9,4.9,1800.0,1689.5,5891.6,542
2680,00:45:36,52.58,4.0,2.0,5.0,5.0,5.0,1800.0,1690.2,5890.9,545
2681,00:45:37,51.61,3.0,4.0,1.0,4.0,2.9,1800.0,1690.2,5890.9,543
2682,00:45:38,52.09,6.2,5.1,5.0,6.9,7.8,700.0,1689.5,5891.6,543
2683,00:45:39,51.61,4.9,6.1,2.9,7.6,3.8,700.0,1689.7,5891.4,543
2684,00:45:40,51.12,4.0,3.1,1.9,5.9,3.9,700.0,1689.7,5891.4,543
2685,00:45:41,51.61,6.9,6.9,3.9,7.8,8.8,1800.0,1691.7,5889.4,546
2686,00:45:42,52.09,3.7,2.1,2.0,5.9,4.9,1800.0,1692.0,5889.1,543
2687,00:45:43,51.12,2.2,1.0,0.0,4.9,2.0,1800.0,1692.0,5889.1,543
2688,00:45:44,51.12,2.7,2.0,2.9,4.9,2.9,1800.0,1691.9,5889.2,543
2689,00:45:45,51.12,4.0,1.0,1.0,5.9,7.9,1800.0,1695.3,5885.8,543
2690,00:45:46,52.58,5.2,3.0,4.0,9.0,3.0,600.0,1695.8,5885.3,546
2691,00:45:47,52.09,4.4,2.0,4.8,8.7,2.9,700.0,1694.8,5886.3,543
2692,00:45:48,51.12,4.2,1.0,3.0,8.8,4.0,700.0,1694.1,5887.0,543
2693,00:45:49,52.09,4.7,3.0,2.0,8.7,4.8,700.0,1692.9,5888.2,543
2694,00:45:50,50.63,4.1,4.0,2.0,4.9,4.9,1800.0,1692.6,5888.5,543
2695,00:45:51,51.12,5.2,6.0,5.0,4.9,5.0,1800.0,1692.7,5888.4,546
2696,00:45:52,52.09,3.2,1.0,2.9,4.0,3.9,1800.0,1693.2,5887.9,543
2697,00:45:53,51.61,6.0,15.7,2.0,3.9,2.0,1800.0,1693.2,5887.9,543
2698,00:45:54,52.58,5.1,11.7,3.9,3.0,1.0,1800.0,1693.1,5888.0,543
2699,00:45:55,51.12,6.3,4.2,6.0,9.9,6.0,600.0,1694.4,5886.7,543
2700,00:45:56,51.61,3.9,2.0,2.9,3.9,6.8,1800.0,1695.3,5885.8,546
2701,00:45:57,51.61,2.7,3.0,4.0,2.0,2.0,1800.0,1695.0,5886.1,543
2702,00:45:58,52.09,2.0,1.0,2.0,1.0,3.0,1800.0,1695.0,5886.1,543
2703,00:45:59,52.58,2.2,0.0,2.9,2.9,3.9,1800.0,1695.0,5886.1,543
2704,00:46:00,51.61,4.0,1.0,3.0,4.0,6.1,600.0,1695.7,5885.4,546
2705,00:46:01,52.09,5.6,3.0,3.8,7.7,9.5,800.0,1695.9,5885.2,543
2706,00:46:03,51.12,4.9,3.0,4.8,2.9,8.9,600.0,1695.9,5885.2,543
2707,00:46:04,50.63,4.9,3.1,2.9,7.8,5.8,900.0,1695.9,5885.2,543
2708,00:46:05,51.12,4.7,2.1,1.0,8.8,6.8,600.0,1695.8,5885.3,543
2709,00:46:06,51.61,6.1,3.0,4.8,6.8,8.7,1800.0,1695.5,5885.6,546
2710,00:46:07,51.61,3.0,3.0,3.0,3.0,3.0,1800.0,1695.0,5886.1,543
2711,00:46:08,51.12,2.5,2.0,2.0,2.9,4.9,1800.0,1694.9,5886.2,543
2712,00:46:09,51.12,2.2,2.0,1.0,2.0,3.0,1800.0,1695.2,5885.9,543
2713,00:46:10,51.12,3.0,2.0,3.9,1.0,4.0,1800.0,1694.9,5886.2,543
2714,00:46:11,51.61,5.9,4.0,4.9,4.0,9.6,1800.0,1697.9,5883.2,546
2715,00:46:12,52.09,3.0,2.0,4.9,3.0,4.0,1800.0,1698.2,5882.9,543
2716,00:46:13,50.63,2.5,2.0,2.0,2.9,2.0,1800.0,1697.9,5883.2,543
2717,00:46:14,53.07,2.2,1.0,3.0,2.0,3.9,1800.0,1697.9,5883.2,543
2718,00:46:15,52.09,2.2,2.0,1.0,2.0,3.0,1800.0,1697.7,5883.4,543
2719,00:46:16,52.58,9.2,6.1,13.7,8.9,8.9,1800.0,1699.4,5881.7,546
2720,00:46:17,51.12,3.2,2.0,3.9,2.9,3.0,1800.0,1698.8,5882.3,543
2721,00:46:18,52.09,2.0,2.0,1.0,2.0,3.0,1800.0,1698.5,5882.6,543
2722,00:46:19,52.58,3.0,2.0,2.0,4.0,3.9,1800.0,1698.5,5882.6,543
2723,00:46:20,52.58,3.2,2.0,2.0,3.9,4.9,1800.0,1698.2,5882.8,543
2724,00:46:21,51.61,6.2,6.1,6.7,6.9,5.0,600.0,1700.6,5880.5,546
2725,00:46:22,51.12,17.7,27.8,22.7,4.8,10.6,700.0,1700.3,5880.8,543
2726,00:46:23,51.12,4.4,4.0,2.9,3.9,8.7,800.0,1699.8,5881.3,543
2727,00:46:24,51.61,4.9,2.0,2.0,8.7,5.8,700.0,1699.7,5881.4,543
2728,00:46:25,51.12,4.7,3.1,2.9,6.7,5.9,700.0,1699.7,5881.4,543
2729,00:46:26,52.09,6.7,7.0,3.0,7.8,10.7,600.0,1700.5,5880.6,546
2730,00:46:27,51.12,5.4,3.1,2.9,5.7,8.8,700.0,1700.6,5880.5,543
2731,00:46:28,51.61,4.7,3.0,2.9,3.9,9.6,600.0,1700.1,5881.0,543
2732,00:46:29,50.63,4.9,5.1,2.0,4.8,5.9,600.0,1700.6,5880.5,543
2733,00:46:30,50.63,5.1,5.0,6.7,2.0,6.9,600.0,1700.6,5880.5,543
2734,00:46:31,52.09,6.1,10.9,3.0,5.8,5.9,1800.0,1700.8,5880.3,546
2735,00:46:32,50.63,3.5,4.0,3.0,2.0,3.0,1800.0,1700.5,5880.6,543
2736,00:46:33,51.61,2.2,5.0,2.0,1.0,3.0,1800.0,1700.5,5880.6,543
2737,00:46:34,51.61,2.5,3.0,1.0,1.0,3.9,1800.0,1700.3,5880.8,543
2738,00:46:35,52.58,3.5,6.0,3.0,2.0,3.9,1800.0,1700.5,5880.6,543
2739,00:46:36,51.61,7.2,8.0,5.0,6.9,8.9,1800.0,1701.2,5879.9,546
2740,00:46:37,52.09,3.2,2.1,2.9,2.0,4.0,1800.0,1701.2,5879.9,543
2741,00:46:38,51.61,1.8,4.0,2.0,1.0,2.0,1800.0,1701.2,5879.9,543
2742,00:46:39,51.61,2.5,2.0,2.9,1.0,2.0,1800.0,1701.0,5880.1,543
2743,00:46:40,52.09,3.5,6.0,1.0,5.0,4.0,1800.0,1701.9,5879.2,546
2744,00:46:41,52.09,4.5,6.2,2.0,2.0,5.9,700.0,1702.2,5878.9,543
2745,00:46:42,52.58,26.0,25.0,26.2,25.2,28.8,1800.0,1689.7,5891.4,543
2746,00:46:43,51.61,2.5,3.0,2.0,2.0,2.0,1800.0,1688.4,5892.6,543
2747,00:46:44,51.61,2.5,1.0,3.9,2.9,2.9,1800.0,1688.3,5892.7,543
2748,00:46:45,52.09,4.2,6.9,2.0,2.0,5.1,1800.0,1689.1,5891.9,546
2749,00:46:46,51.61,2.7,3.1,5.0,1.0,2.0,1800.0,1689.6,5891.5,543
2750,00:46:47,52.09,3.3,6.1,1.0,3.0,3.9,700.0,1689.8,5891.3,543
2751,00:46:48,51.61,4.7,8.2,1.0,2.9,5.9,700.0,1689.8,5891.3,543
2752,00:46:50,52.09,6.7,4.0,7.7,2.0,13.4,700.0,1689.8,5891.4,543
2753,00:46:51,50.63,13.6,31.4,3.0,2.9,8.8,1800.0,1690.0,5891.1,546
2754,00:46:52,51.12,2.5,1.0,4.0,2.0,4.0,1800.0,1690.5,5890.6,543
2755,00:46:53,52.09,2.2,4.0,1.0,1.0,2.0,1800.0,1690.5,5890.6,543
2756,00:46:54,50.63,2.5,2.0,2.9,2.0,4.0,1800.0,1690.3,5890.7,543
2757,00:46:55,52.58,2.2,2.0,3.0,2.0,2.0,1800.0,1690.3,5890.7,543
2758,00:46:56,52.58,7.3,6.1,6.0,11.8,5.9,1800.0,1692.6,5888.2,546
2759,00:46:57,50.63,3.5,3.0,3.0,2.0,4.9,1800.0,1691.2,5889.7,543
2760,00:46:58,51.12,1.8,2.0,1.0,2.0,3.9,1800.0,1690.8,5890.3,543
2761,00:46:59,52.58,2.5,2.0,2.0,2.0,3.0,1800.0,1690.3,5890.8,543
2762,00:47:00,51.12,2.2,2.0,1.0,0.0,4.0,1800.0,1689.8,5891.3,543
2763,00:47:01,52.09,4.0,5.1,5.0,2.0,5.0,700.0,1689.6,5891.5,546
2764,00:47:02,52.58,6.4,11.9,3.9,4.8,5.8,800.0,1689.6,5891.5,543
2765,00:47:03,51.12,4.7,7.1,3.9,3.9,4.9,700.0,1689.6,5891.5,543
2766,00:47:04,51.61,4.0,6.0,1.0,2.0,5.8,700.0,1689.6,5891.5,543
2767,00:47:05,52.09,5.6,6.9,3.9,2.9,7.6,1800.0,1689.8,5891.3,543
2768,00:47:06,52.09,4.7,7.0,3.0,5.0,4.0,1800.0,1691.0,5890.1,546
2769,00:47:07,52.58,2.5,2.0,3.9,2.0,3.9,1800.0,1691.3,5889.8,543
2770,00:47:08,51.61,2.2,3.1,1.0,2.0,2.0,1800.0,1690.8,5890.3,543
2771,00:47:09,51.61,3.7,6.1,3.0,3.0,3.0,1800.0,1690.7,5890.4,543
2772,00:47:10,51.12,4.7,7.1,2.0,4.0,3.0,700.0,1690.7,5890.4,543
2773,00:47:11,51.12,6.9,5.9,8.8,5.8,9.6,1800.0,1690.6,5890.5,546
2774,00:47:12,52.58,4.4,4.0,4.9,3.9,3.0,1800.0,1690.0,5891.1,543
2775,00:47:13,52.09,2.7,3.9,2.9,1.0,4.0,1800.0,1690.0,5891.1,543
2776,00:47:14,52.09,2.0,2.0,2.0,1.0,4.0,1800.0,1689.9,5891.2,543
2777,00:47:15,51.61,3.0,3.0,3.9,1.0,2.0,1800.0,1689.9,5891.2,543
2778,00:47:16,52.09,4.3,6.1,4.0,5.0,4.0,700.0,1690.5,5890.6,547
2779,00:47:17,51.61,7.5,5.9,10.7,4.9,6.9,700.0,1690.0,5891.1,544
2780,00:47:18,51.12,9.7,6.7,7.7,10.8,15.5,700.0,1690.2,5890.9,544
2781,00:47:19,51.12,10.9,15.9,3.9,5.7,16.5,800.0,1690.5,5890.6,544
2782,00:47:20,51.12,5.1,3.0,3.0,3.9,9.6,600.0,1690.2,5890.9,544
2783,00:47:21,51.61,7.3,5.1,7.7,5.7,11.7,600.0,1690.2,5890.9,547
2784,00:47:22,50.15,4.4,6.0,2.0,2.9,5.8,700.0,1690.2,5890.9,544
2785,00:47:23,50.63,4.0,7.0,2.0,2.9,4.9,700.0,1690.2,5890.9,544
2786,00:47:24,51.12,4.9,7.1,2.9,2.0,7.6,600.0,1690.2,5890.9,544
2787,00:47:25,51.12,5.4,5.0,4.9,4.9,6.9,1800.0,1691.1,5890.0,547
2788,00:47:26,51.61,2.7,1.0,2.0,2.9,3.0,1800.0,1691.4,5889.7,544
2789,00:47:27,51.12,2.2,4.0,2.0,1.0,3.0,1800.0,1691.4,5889.7,544
2790,00:47:28,50.63,2.2,3.1,1.0,2.0,3.9,1800.0,1691.3,5889.8,544
2791,00:47:29,51.61,2.2,3.0,2.0,2.0,2.0,1800.0,1690.8,5890.3,544
2792,00:47:30,51.12,7.0,7.2,3.0,9.0,7.9,1000.0,1692.3,5888.8,547
2793,00:47:31,51.61,4.9,7.1,3.9,4.8,5.9,800.0,1692.5,5888.6,544
2794,00:47:32,51.12,5.0,12.0,1.0,2.9,4.9,700.0,1692.4,5888.7,544
2795,00:47:34,51.12,4.6,3.0,3.8,4.8,6.7,1800.0,1692.4,5888.7,544
2796,00:47:35,52.58,2.5,4.0,1.0,1.0,2.0,1800.0,1692.3,5888.8,544
2797,00:47:36,51.61,4.0,4.1,3.0,3.9,5.0,1800.0,1694.1,5887.0,547
2798,00:47:37,51.61,2.7,0.0,2.0,5.0,4.9,1800.0,1694.1,5887.0,544
2799,00:47:38,52.09,2.2,2.0,1.0,3.0,3.0,1800.0,1694.0,5887.1,543
2800,00:47:39,51.12,4.8,4.1,3.0,6.0,5.0,600.0,1694.0,5887.1,543
2801,00:47:40,51.12,5.6,4.0,2.9,9.6,5.8,600.0,1693.7,5887.4,543
2802,00:47:41,51.12,7.7,4.1,5.8,9.7,10.8,700.0,1696.1,5885.0,546
2803,00:47:42,51.12,4.9,4.9,4.8,2.9,7.6,1800.0,1695.8,5885.3,543
2804,00:47:43,51.12,2.2,2.0,1.0,2.0,4.0,1800.0,1695.5,5885.6,543
2805,00:47:44,52.58,2.7,1.0,2.0,3.9,3.0,1800.0,1694.4,5886.7,543
2806,00:47:45,51.61,2.5,3.0,1.0,3.0,2.0,1800.0,1694.4,5886.7,543
2807,00:47:46,51.61,4.0,3.0,1.0,5.9,5.9,1800.0,1695.1,5886.0,546
2808,00:47:47,52.09,7.6,7.5,4.8,5.8,12.0,1800.0,1695.1,5886.0,543
2809,00:47:48,51.61,7.1,11.8,2.0,11.0,2.0,1800.0,1695.1,5886.0,543
2810,00:47:49,52.09,3.0,3.0,2.0,2.0,5.8,1800.0,1695.1,5886.0,543
2811,00:47:50,52.58,18.8,17.3,12.0,31.0,16.0,1800.0,1707.5,5873.6,543
2812,00:47:51,52.09,8.0,6.2,9.9,4.0,10.9,1800.0,1708.3,5872.6,546
2813,00:47:52,52.58,6.7,8.1,5.0,6.9,7.8,1800.0,1706.8,5874.3,543
2814,00:47:53,51.12,3.8,6.2,3.9,2.0,3.0,1800.0,1706.0,5875.1,543
2815,00:47:54,52.09,4.2,6.0,2.0,3.0,5.9,1800.0,1704.8,5876.3,543
2816,00:47:55,52.58,5.0,7.1,2.0,5.0,3.9,1800.0,1704.3,5876.8,543
2817,00:47:56,52.58,4.8,4.0,3.0,6.9,5.9,1800.0,1705.2,5875.9,546
2818,00:47:57,54.04,6.5,7.1,5.9,5.8,7.8,1800.0,1704.8,5876.3,544
2819,00:47:58,52.58,3.2,3.1,3.0,3.0,4.0,1800.0,1703.7,5877.4,544
2820,00:47:59,52.58,3.2,4.0,2.0,2.9,4.0,1800.0,1702.6,5878.6,544
2821,00:48:00,52.58,3.0,1.0,2.0,3.9,4.0,1800.0,1701.6,5879.5,544
2822,00:48:01,53.07,5.2,7.0,3.0,4.0,6.9,1800.0,1703.2,5877.9,547
2823,00:48:02,51.61,7.0,7.2,10.8,5.0,5.0,800.0,1701.6,5879.4,544
2824,00:48:03,52.09,7.5,4.2,11.8,7.9,5.8,700.0,1701.2,5879.6,544
2825,00:48:04,51.61,7.1,5.0,7.8,9.7,7.8,700.0,1700.9,5880.0,544
2826,00:48:05,51.61,8.3,8.0,5.8,11.7,5.9,800.0,1700.2,5880.8,544
2827,00:48:06,52.09,7.9,7.0,3.0,6.9,14.4,1800.0,1703.1,5878.0,547
2828,00:48:07,53.07,4.3,3.1,3.0,5.1,5.9,1800.0,1703.2,5877.9,544
2829,00:48:08,52.09,3.5,3.1,2.0,4.0,5.0,1800.0,1702.6,5878.5,544
2830,00:48:09,52.09,5.0,5.9,3.0,5.1,6.9,1800.0,1703.2,5877.9,544
2831,00:48:10,53.56,3.7,4.1,2.0,2.0,5.9,1800.0,1702.8,5878.3,544
2832,00:48:11,51.61,8.5,7.1,7.9,8.9,12.7,600.0,1701.4,5879.7,547
2833,00:48:12,52.58,7.3,7.1,4.9,6.7,7.8,800.0,1701.7,5879.4,544
2834,00:48:13,52.58,6.0,8.2,2.0,5.9,7.8,800.0,1701.6,5879.5,544
2835,00:48:14,51.61,8.1,8.9,4.9,12.6,7.8,700.0,1701.9,5879.2,544
2836,00:48:15,51.61,12.4,15.0,15.7,9.6,7.8,1800.0,1703.6,5877.5,547
2837,00:48:16,52.58,10.1,22.8,3.0,6.9,4.0,1800.0,1703.1,5878.0,544
2838,00:48:17,52.09,3.5,3.1,4.0,2.0,4.0,1800.0,1702.2,5878.9,544
2839,00:48:18,52.58,4.7,2.0,5.0,7.8,5.9,1800.0,1702.4,5878.7,544
2840,00:48:19,52.58,4.5,5.1,3.0,5.0,5.9,1800.0,1702.5,5878.6,544
2841,00:48:20,52.58,10.1,6.3,9.8,12.0,12.7,1100.0,1704.2,5876.9,547
2842,00:48:21,51.61,6.7,5.2,5.0,5.9,9.0,600.0,1703.4,5877.7,544
2843,00:48:22,52.58,4.2,5.1,4.9,2.9,5.9,1800.0,1702.9,5878.2,544
2844,00:48:24,52.58,23.2,24.0,22.2,21.8,23.8,1800.0,1689.8,5891.3,544
2845,00:48:25,52.09,3.5,3.0,4.0,3.0,5.0,1800.0,1690.4,5890.6,544
2846,00:48:26,52.09,5.7,5.0,3.0,5.0,7.8,1800.0,1688.8,5892.2,547
2847,00:48:27,52.58,3.3,3.1,3.0,2.9,5.0,1800.0,1689.3,5891.7,544
2848,00:48:28,52.58,4.7,8.0,3.0,4.0,4.0,1800.0,1689.4,5891.7,544
2849,00:48:29,52.58,3.2,3.0,3.0,3.0,3.9,1800.0,1689.6,5891.5,544
2850,00:48:30,52.09,3.5,4.0,3.0,3.0,3.9,1800.0,1689.6,5891.5,544
2851,00:48:31,52.09,4.5,5.1,4.0,4.0,4.0,1800.0,1691.2,5889.9,547
2852,00:48:32,51.12,3.5,3.1,2.0,4.0,4.9,1800.0,1691.2,5889.9,544
2853,00:48:33,51.61,8.2,5.2,10.7,8.8,8.8,700.0,1691.4,5889.5,544
2854,00:48:34,52.09,10.2,13.9,11.9,6.7,7.7,600.0,1691.6,5889.4,544
2855,00:48:35,51.61,5.9,5.8,6.8,4.9,5.9,1800.0,1691.0,5889.9,544
2856,00:48:36,52.09,5.0,4.1,7.1,5.0,4.0,1800.0,1692.5,5888.5,547
2857,00:48:37,51.61,4.7,3.1,5.1,4.0,5.8,1800.0,1692.5,5888.3,544
2858,00:48:38,52.09,4.8,8.2,2.0,4.0,4.0,1800.0,1692.3,5888.6,544
2859,00:48:39,53.07,4.7,6.1,3.9,3.9,6.8,1800.0,1692.3,5888.7,544
2860,00:48:40,52.58,5.8,7.0,6.2,3.0,7.8,1800.0,1692.7,5888.4,544
2861,00:48:41,52.58,5.5,4.1,8.8,4.0,3.0,1800.0,1693.0,5888.1,547
2862,00:48:42,52.58,5.4,4.0,7.9,3.9,6.8,1800.0,1693.2,5887.9,544
2863,00:48:43,52.09,5.2,4.0,4.0,7.9,4.0,1800.0,1693.6,5887.5,544
2864,00:48:44,52.58,10.1,13.0,14.9,7.8,5.0,1800.0,1692.7,5888.4,544
2865,00:48:45,52.09,7.3,7.2,11.9,4.0,5.1,700.0,1692.7,5888.4,544
2866,00:48:46,52.09,11.3,12.0,12.6,10.7,10.7,800.0,1692.9,5888.2,547
2867,00:48:47,52.58,7.1,8.0,6.7,5.0,7.8,1800.0,1693.1,5887.9,544
2868,00:48:48,53.07,4.3,1.0,6.1,4.9,4.9,1800.0,1693.1,5888.0,544
2869,00:48:49,52.09,4.2,4.0,5.0,5.9,4.0,1800.0,1692.9,5888.2,544
2870,00:48:50,52.58,4.0,1.0,7.0,3.0,2.0,1800.0,1693.3,5887.8,544
2871,00:48:51,52.09,6.0,5.1,9.0,3.0,7.8,1800.0,1695.3,5885.8,547
2872,00:48:52,52.58,6.0,3.1,11.8,3.9,5.1,1800.0,1695.0,5886.1,544
2873,00:48:53,52.09,4.5,3.0,7.8,3.9,4.0,1800.0,1694.7,5886.4,544
2874,00:48:54,52.58,4.9,5.0,5.8,5.0,3.0,1800.0,1694.7,5886.4,544
2875,00:48:55,52.09,4.3,3.1,8.9,3.0,3.0,1800.0,1694.4,5886.7,544
2876,00:48:56,53.07,6.0,7.1,7.1,5.0,5.0,1800.0,1694.5,5886.6,546
2877,00:48:57,52.58,4.4,4.0,3.0,4.8,5.9,600.0,1688.1,5893.0,541
2878,00:48:58,52.09,12.3,3.8,5.9,3.9,34.0,1800.0,1683.3,5897.8,537
2879,00:48:59,52.58,5.7,3.1,4.0,5.8,11.8,1800.0,1693.8,5887.3,541
2880,00:49:00,51.61,3.2,4.0,5.0,3.0,2.0,1800.0,1693.6,5887.5,543
2881,00:49:01,53.07,4.7,3.1,4.0,5.0,5.9,1800.0,1695.1,5886.0,546
2882,00:49:02,53.07,5.2,5.0,6.9,6.9,3.0,1800.0,1695.6,5885.5,543
2883,00:49:03,51.61,7.4,8.9,9.8,4.0,5.9,800.0,1695.9,5885.2,543
2884,00:49:04,54.04,61.0,63.4,60.2,57.7,61.9,1800.0,1728.3,5852.8,589
2885,00:49:05,54.04,67.8,60.5,56.3,57.1,100.0,1800.0,1752.3,5828.6,545
2886,00:49:06,54.53,35.0,96.1,16.8,11.2,14.1,1800.0,1789.5,5791.3,550
2887,00:49:07,53.56,8.5,11.9,9.9,8.7,4.2,1800.0,1789.1,5791.7,545
2888,00:49:08,54.53,77.9,74.2,79.0,80.8,78.8,1800.0,1814.4,5766.5,577
2889,00:49:09,54.53,38.0,37.4,37.5,40.4,37.1,1800.0,1805.1,5775.8,545
2890,00:49:10,54.53,5.8,4.1,8.1,3.1,6.9,1800.0,1799.4,5781.5,548
2891,00:49:11,54.04,5.5,5.1,8.1,5.0,4.0,1800.0,1791.9,5789.1,546
2892,00:49:12,54.53,20.4,21.2,18.0,22.5,20.6,1800.0,1786.7,5783.9,545
2893,00:49:13,54.53,4.8,5.1,5.9,4.0,4.0,1800.0,1786.1,5784.5,545
2894,00:49:14,55.02,15.4,6.2,5.2,42.6,5.1,1800.0,1722.0,5851.5,543
2895,00:49:15,53.07,4.3,4.1,5.0,8.0,2.0,1800.0,1721.6,5851.9,546
2896,00:49:16,53.07,3.5,4.1,3.0,4.0,2.9,1800.0,1721.7,5852.9,543
2897,00:49:17,54.53,2.5,1.0,1.0,4.0,3.0,1800.0,1720.0,5854.9,543
2898,00:49:18,53.56,3.2,2.0,2.0,5.0,4.9,1800.0,1718.0,5856.9,543
2899,00:49:20,52.58,4.3,2.1,7.0,5.9,3.0,700.0,1715.7,5859.1,543
2900,00:49:21,54.04,5.2,3.0,2.0,8.7,6.0,1800.0,1714.4,5860.4,546
2901,00:49:22,53.56,5.2,4.1,5.9,6.9,3.0,1800.0,1713.4,5863.5,543
2902,00:49:23,53.07,5.5,4.0,3.0,11.7,3.0,1800.0,1710.7,5866.3,543
2903,00:49:24,53.07,5.0,5.0,2.0,9.0,3.9,1800.0,1709.4,5867.6,543
2904,00:49:25,53.07,5.5,2.1,3.0,12.6,3.9,1800.0,1708.7,5868.3,543
2905,00:49:26,52.58,11.8,8.2,10.0,19.8,8.0,700.0,1709.1,5867.8,546
2906,00:49:27,52.09,9.8,7.1,7.8,9.6,16.3,700.0,1707.8,5869.1,543
2907,00:49:28,53.07,7.1,10.8,5.8,8.7,3.0,1800.0,1705.5,5871.6,543
2908,00:49:29,53.07,4.3,8.2,2.0,4.0,3.0,1800.0,1704.4,5872.7,543
2909,00:49:30,54.04,6.1,9.9,7.6,2.0,5.0,1800.0,1703.7,5873.5,543
2910,00:49:31,54.04,6.0,7.0,5.0,4.0,10.0,1800.0,1705.5,5871.6,546
2911,00:49:32,53.56,7.5,10.1,3.0,3.9,11.9,1800.0,1705.2,5871.9,542
2912,00:49:33,53.56,10.5,12.5,8.7,12.7,6.9,1800.0,1704.1,5873.0,542
2913,00:49:34,52.58,14.8,20.4,24.4,5.8,4.9,1800.0,1704.7,5872.4,542
2914,00:49:35,55.99,42.9,45.5,42.9,42.4,40.8,1800.0,1724.6,5852.6,573
2915,00:49:36,55.02,36.4,38.2,37.9,36.9,34.0,1800.0,1715.4,5861.6,546
2916,00:49:37,54.04,5.7,10.9,4.0,4.0,4.0,900.0,1714.1,5862.9,543
2917,00:49:38,54.53,7.2,4.1,5.8,7.1,10.7,1800.0,1713.2,5863.9,543
2918,00:49:39,54.53,69.7,67.0,67.7,72.7,69.9,1800.0,1718.9,5858.3,561
2919,00:49:40,54.04,17.3,20.0,16.5,15.8,17.5,1800.0,1720.4,5856.7,543
2920,00:49:41,54.53,6.3,5.1,5.1,10.8,5.1,1800.0,1720.9,5856.1,546
2921,00:49:42,54.04,4.5,4.1,2.0,8.1,3.1,900.0,1719.6,5857.4,543
2922,00:49:43,54.04,7.7,1.1,6.9,12.6,9.8,700.0,1717.4,5859.7,543
2923,00:49:44,54.04,8.2,6.2,15.8,4.9,6.9,700.0,1715.6,5861.6,543
2924,00:49:45,53.07,8.9,3.1,15.7,6.9,7.8,800.0,1714.7,5862.3,543
2925,00:49:46,54.04,9.9,11.8,10.8,6.9,11.9,1800.0,1715.9,5861.2,546
2926,00:49:47,53.56,4.8,2.1,9.0,3.0,5.0,1800.0,1714.7,5862.3,543
2927,00:49:48,53.56,5.0,4.0,4.0,2.0,8.9,1800.0,1713.2,5863.9,543
2928,00:49:49,53.56,4.5,1.0,6.9,3.0,6.9,1800.0,1711.6,5865.5,543
2929,00:49:50,52.58,5.5,4.1,8.9,5.9,3.9,1800.0,1710.4,5866.8,543
2930,00:49:51,53.07,7.8,8.2,4.0,4.0,14.0,700.0,1711.5,5865.6,546
2931,00:49:52,53.56,7.1,7.0,3.0,6.7,12.7,1800.0,1709.6,5867.3,543
2932,00:49:53,53.56,4.3,2.1,3.0,0.0,10.8,1800.0,1708.3,5868.5,543
2933,00:49:54,53.07,4.3,5.1,2.0,2.0,8.0,1800.0,1708.0,5869.0,543
2934,00:49:55,52.58,4.8,2.1,9.8,2.0,5.0,1800.0,1707.0,5870.0,543
2935,00:49:56,54.53,6.0,5.1,10.0,2.0,6.0,1800.0,1706.9,5870.2,546
2936,00:49:57,53.07,9.5,7.2,5.1,13.7,13.3,800.0,1706.8,5870.4,543
2937,00:49:58,53.07,11.0,8.1,9.7,15.4,9.9,600.0,1706.5,5870.7,546
2938,00:49:59,53.07,9.2,4.9,3.9,1.0,26.0,1800.0,1695.0,5882.1,542
2939,00:50:00,53.07,9.2,6.1,4.0,5.9,20.2,1800.0,1719.8,5857.4,551
2940,00:50:01,54.53,8.2,6.0,20.8,5.0,2.0,1800.0,1748.4,5828.7,543
2941,00:50:02,54.04,8.8,7.1,4.0,21.4,2.0,1800.0,1748.6,5828.5,544
2942,00:50:03,53.56,5.8,4.1,3.9,14.0,3.9,1800.0,1748.2,5829.0,544
2943,00:50:04,53.07,31.0,32.7,23.5,40.8,24.0,1100.0,1742.4,5834.8,544
2944,00:50:05,54.04,12.9,12.0,19.4,12.7,9.7,1800.0,1742.2,5834.8,547
2945,00:50:06,54.04,10.4,15.3,10.8,5.0,9.1,1800.0,1741.7,5835.3,544
2946,00:50:07,54.53,18.3,15.8,14.6,37.6,6.1,1800.0,1760.9,5820.2,562
2947,00:50:08,54.04,14.6,17.2,15.0,15.8,10.8,1800.0,1743.6,5837.5,544
2948,00:50:10,54.53,10.4,12.4,18.6,5.9,3.0,1800.0,1744.8,5836.2,545
2949,00:50:11,54.04,11.5,15.2,9.9,12.7,9.9,1800.0,1746.0,5835.0,548
2950,00:50:12,55.02,9.7,10.3,19.4,4.0,4.0,1800.0,1747.1,5834.0,545
2951,00:50:13,55.02,11.7,12.0,7.9,26.2,1.0,1800.0,1745.9,5835.3,545
2952,00:50:14,54.04,8.9,8.2,13.9,9.0,2.9,1800.0,1741.6,5839.5,545
2953,00:50:15,53.56,9.7,7.1,6.1,15.7,10.8,1800.0,1740.9,5840.3,545
2954,00:50:16,53.56,15.3,9.5,13.9,9.1,26.2,800.0,1745.2,5836.0,548
2955,00:50:17,54.04,10.8,11.0,9.7,16.5,7.8,1800.0,1745.3,5835.7,545
2956,00:50:18,54.53,9.4,8.1,3.0,20.6,4.9,1800.0,1742.7,5838.4,545
2957,00:50:19,54.04,8.2,13.0,14.7,3.0,3.0,1800.0,1741.3,5839.8,545
2958,00:50:20,54.04,9.5,6.2,4.9,24.0,3.0,1800.0,1741.9,5839.3,545
2959,00:50:21,54.53,11.9,11.1,8.9,21.4,5.0,1800.0,1741.9,5839.3,548
2960,00:50:22,54.53,14.0,22.0,9.9,6.7,16.1,1800.0,1741.4,5839.6,544
2961,00:50:23,54.04,22.3,32.4,30.8,6.8,18.6,1800.0,1738.6,5842.4,544
2962,00:50:24,55.02,8.5,12.0,12.2,3.0,5.8,1800.0,1739.4,5841.6,544
2963,00:50:25,54.04,7.6,9.2,15.8,2.0,4.0,1800.0,1738.1,5843.1,544
2964,00:50:26,54.04,8.6,9.2,4.1,4.9,15.2,1800.0,1739.3,5841.8,547
2965,00:50:27,53.07,8.3,9.3,4.0,3.0,18.0,1800.0,1737.4,5843.7,544
2966,00:50:28,54.53,17.6,16.8,11.2,23.5,18.0,1800.0,1743.2,5831.8,544
2967,00:50:29,54.04,8.8,8.3,4.0,13.0,9.8,1800.0,1743.5,5831.4,544
2968,00:50:30,54.04,8.6,12.0,4.0,5.0,14.4,1800.0,1738.6,5838.4,544
2969,00:50:31,54.04,10.3,11.3,11.9,7.9,10.0,1800.0,1744.0,5833.1,547
2970,00:50:32,54.04,13.3,8.4,12.9,7.8,23.8,1800.0,1741.6,5835.5,544
2971,00:50:33,54.53,8.5,7.1,10.7,9.9,6.1,1800.0,1742.0,5835.1,543
2972,00:50:34,54.04,8.3,12.2,3.0,4.0,14.7,1800.0,1741.9,5835.2,543
2973,00:50:35,54.04,10.0,10.3,2.0,4.0,20.8,1800.0,1740.7,5836.4,543
2974,00:50:36,54.04,15.7,13.4,9.7,7.9,33.3,1800.0,1740.8,5836.3,546
2975,00:50:37,54.04,9.7,7.2,9.9,2.9,17.0,1200.0,1736.6,5840.6,543
2976,00:50:38,54.04,11.8,17.6,6.0,4.9,21.2,1800.0,1736.7,5840.5,542
2977,00:50:39,54.04,10.5,21.2,5.9,2.0,12.2,1800.0,1737.7,5839.5,542
2978,00:50:40,54.53,11.5,7.3,10.0,2.0,24.8,1800.0,1735.6,5841.6,542
2979,00:50:41,55.5,9.6,6.2,8.1,4.1,20.6,1800.0,1739.2,5837.8,545
2980,00:50:42,55.99,9.7,13.1,9.0,4.0,12.9,1800.0,1735.8,5841.2,542
2981,00:50:43,54.04,14.2,21.4,5.9,13.5,17.3,1800.0,1733.4,5843.7,542
2982,00:50:44,54.04,8.5,6.2,2.0,7.9,17.5,1800.0,1734.0,5843.1,543
2983,00:50:45,53.56,8.4,6.2,3.9,16.3,7.8,1800.0,1734.0,5843.2,543
2984,00:50:46,55.02,11.4,10.3,10.8,5.9,17.6,1800.0,1734.1,5843.1,546
2985,00:50:47,54.04,11.2,14.3,5.1,5.0,19.2,1800.0,1740.3,5836.8,543
2986,00:50:48,54.53,12.2,9.3,5.9,10.9,22.5,1800.0,1736.0,5841.1,543
2987,00:50:49,54.53,9.4,8.0,10.8,2.9,16.7,1800.0,1735.7,5841.5,543
2988,00:50:50,54.53,13.7,23.1,8.8,5.9,16.5,1800.0,1736.0,5841.1,543
2989,00:50:51,54.53,23.8,27.0,25.0,12.5,29.5,1800.0,1741.1,5836.1,546
2990,00:50:52,54.04,7.1,5.1,7.9,12.2,3.1,1800.0,1740.8,5836.2,543
2991,00:50:53,54.53,9.6,9.1,3.1,16.5,8.9,1800.0,1740.7,5836.4,543
2992,00:50:54,54.53,11.0,7.2,14.0,12.0,9.9,1800.0,1737.9,5839.2,543
2993,00:50:55,55.02,6.9,12.2,12.1,2.0,3.0,1800.0,1738.2,5839.0,543
2994,00:50:56,54.53,11.6,13.4,13.9,13.1,5.9,1800.0,1740.5,5836.6,547
2995,00:50:57,54.04,8.8,10.1,7.0,17.0,1.0,1800.0,1741.7,5835.5,544
2996,00:50:58,54.04,13.3,17.5,6.9,4.1,22.8,800.0,1741.7,5835.5,544
2997,00:50:59,53.07,10.9,12.1,5.0,6.9,19.8,1800.0,1741.6,5835.6,544
2998,00:51:00,54.53,10.2,22.3,5.9,5.0,9.1,1800.0,1742.0,5835.2,547
2999,00:51:01,54.53,7.0,9.2,4.9,4.0,8.9,1800.0,1742.0,5835.2,544
3000,00:51:02,54.04,8.5,12.0,5.1,3.0,14.9,1800.0,1741.1,5836.0,544
3001,00:51:03,55.02,7.8,9.4,3.0,4.0,13.6,1800.0,1740.9,5836.3,545
3002,00:51:04,54.53,10.1,14.4,14.0,7.1,5.0,1800.0,1740.3,5836.7,545
3003,00:51:05,55.99,13.6,16.3,7.0,13.9,19.0,1800.0,1742.9,5834.1,548
3004,00:51:06,54.53,13.5,7.3,8.9,32.0,4.9,1800.0,1741.8,5835.3,545
3005,00:51:07,54.53,9.8,7.2,10.0,17.8,3.0,1800.0,1744.6,5832.5,545
3006,00:51:09,55.5,8.2,10.3,6.9,13.7,2.0,1800.0,1741.9,5835.3,545
3007,00:51:10,54.53,12.2,11.3,7.9,24.3,4.9,1800.0,1742.1,5835.1,545
3008,00:51:11,55.02,13.7,12.4,6.9,21.4,13.9,1800.0,1746.4,5830.8,548
3009,00:51:12,54.53,8.5,10.3,3.1,3.0,19.2,1800.0,1748.3,5828.9,545
3010,00:51:13,54.53,10.4,14.0,3.0,3.0,19.4,1800.0,1748.3,5828.8,545
3011,00:51:14,53.56,9.3,3.1,4.0,19.4,10.8,1800.0,1746.5,5830.7,545
3012,00:51:15,55.5,10.4,14.0,3.0,18.4,6.0,1800.0,1746.4,5830.8,545
3013,00:51:16,55.5,11.9,20.2,6.0,7.1,11.9,1800.0,1749.8,5827.4,548
3014,00:51:17,54.04,8.7,16.8,4.0,8.9,7.8,1800.0,1749.4,5827.8,545
3015,00:51:18,54.04,8.9,6.1,4.9,14.7,8.0,1800.0,1748.8,5828.4,545
3016,00:51:19,54.04,12.6,11.0,5.8,17.3,16.7,1800.0,1746.9,5830.3,545
3017,00:51:20,55.02,19.2,26.3,17.0,21.0,12.1,1800.0,1747.4,5829.8,545
3018,00:51:21,55.02,10.9,6.2,8.1,11.8,18.0,1800.0,1747.8,5829.2,548
3019,00:51:22,55.02,9.6,5.1,3.0,11.1,19.2,1800.0,1747.4,5829.7,546
3020,00:51:23,55.02,8.3,3.1,5.0,21.4,4.0,1800.0,1746.2,5830.9,546
3021,00:51:24,55.02,8.4,8.1,3.1,13.1,9.0,1800.0,1751.3,5825.7,546
3022,00:51:25,54.53,12.8,7.2,8.0,8.1,25.0,800.0,1750.6,5826.5,546
3023,00:51:26,54.53,11.9,11.1,15.7,8.7,13.6,1800.0,1749.3,5831.9,549
3024,00:51:27,55.02,9.0,8.2,9.8,4.0,14.9,1800.0,1748.7,5832.5,546
3025,00:51:28,54.53,9.0,8.2,15.3,4.9,6.9,1800.0,1748.7,5832.5,546
3026,00:51:29,55.02,7.9,6.1,4.0,7.2,15.0,1800.0,1744.9,5836.2,546
3027,00:51:30,54.53,8.3,6.3,7.9,4.0,13.7,1800.0,1745.2,5836.0,546
3028,00:51:31,55.5,12.3,12.1,9.0,6.9,22.0,1800.0,1749.8,5831.4,549
3029,00:51:32,55.02,8.5,8.2,4.0,3.0,17.8,1800.0,1749.4,5831.7,546
3030,00:51:33,54.53,9.3,12.2,3.1,3.0,18.6,1800.0,1749.2,5831.8,546
3031,00:51:34,54.04,8.7,5.1,5.1,7.9,15.8,1800.0,1749.7,5831.3,546
3032,00:51:35,55.5,9.0,7.2,4.0,14.7,10.7,1800.0,1748.7,5832.3,546
3033,00:51:36,55.02,13.6,14.9,9.9,20.6,7.8,1800.0,1751.9,5829.3,548
3034,00:51:37,55.02,13.1,8.2,4.0,10.7,29.7,1800.0,1751.3,5829.9,544
3035,00:51:38,55.02,25.2,26.5,24.5,24.8,25.7,1800.0,1699.2,5881.9,542
3036,00:51:39,55.5,5.2,3.9,11.9,2.9,2.0,1800.0,1685.0,5896.0,538
3037,00:51:40,55.02,9.2,6.1,21.8,4.9,3.0,1800.0,1702.7,5878.3,543
3038,00:51:41,54.04,10.4,7.1,12.7,18.4,5.9,1800.0,1741.5,5839.6,547
3039,00:51:42,55.02,13.8,5.2,4.0,3.0,41.6,1800.0,1741.3,5839.9,545
3040,00:51:43,55.02,18.7,7.1,13.0,35.6,16.7,1800.0,1742.0,5839.2,545
3041,00:51:44,55.02,22.9,11.1,20.4,35.0,26.3,1800.0,1739.2,5842.0,545
3042,00:51:45,56.48,21.7,30.1,4.1,32.0,18.6,1800.0,1741.4,5839.6,545
3043,00:51:46,55.99,27.3,31.3,25.7,15.7,36.9,1800.0,1743.8,5837.3,548
3044,00:51:47,55.02,25.7,23.8,26.4,27.4,24.1,1800.0,1742.5,5838.5,545
3045,00:51:48,55.5,27.4,34.7,23.3,29.8,22.7,1800.0,1741.8,5839.3,545
3046,00:51:49,55.99,18.9,19.4,20.8,12.1,22.2,1800.0,1741.8,5839.2,545
3047,00:51:50,55.99,17.0,21.2,15.2,7.1,23.7,1800.0,1741.9,5839.1,545
3048,00:51:51,55.5,22.7,22.3,21.2,18.2,30.0,1800.0,1741.9,5839.2,548
3049,00:51:52,56.48,18.3,15.5,29.3,21.4,5.1,1800.0,1742.5,5838.7,545
3050,00:51:53,56.48,20.2,9.1,17.8,20.0,34.3,1800.0,1740.0,5841.2,545
3051,00:51:54,55.99,19.0,5.3,29.0,17.3,26.3,1800.0,1738.9,5842.4,545
3052,00:51:55,56.97,18.4,17.5,10.1,26.5,17.0,1800.0,1741.0,5840.2,545
3053,00:51:56,55.5,23.4,10.3,20.0,41.6,22.0,1800.0,1738.9,5842.2,548
3054,00:51:57,55.99,20.0,32.3,20.6,21.0,5.1,1800.0,1741.7,5839.4,545
3055,00:51:58,55.99,20.0,24.2,20.4,8.9,25.7,1800.0,1741.2,5840.0,545
3056,00:51:59,55.99,22.7,8.2,24.5,32.7,25.2,1800.0,1741.1,5840.0,545
3057,00:52:00,56.48,20.2,15.3,12.7,19.2,33.3,1800.0,1740.5,5840.6,545
3058,00:52:01,55.99,21.8,22.4,34.7,24.5,6.1,1800.0,1741.1,5840.0,547
3059,00:52:02,55.99,16.8,13.4,13.1,15.0,25.5,1800.0,1741.1,5840.1,545
3060,00:52:03,55.99,15.6,4.2,16.0,14.1,25.5,1800.0,1740.9,5840.1,545
3061,00:52:04,56.48,18.9,23.5,14.0,20.2,19.2,1800.0,1740.8,5840.3,545
3062,00:52:05,55.99,22.6,30.3,18.0,13.0,28.7,1800.0,1741.3,5839.9,548
3063,00:52:06,55.99,22.8,19.8,23.5,23.5,25.0,1800.0,1739.4,5841.8,545
3064,00:52:07,56.97,22.1,23.2,20.2,24.0,20.8,1800.0,1739.0,5842.2,545
3065,00:52:08,55.5,22.7,35.4,20.8,9.9,26.5,1800.0,1741.4,5839.7,545
3066,00:52:09,56.48,25.0,26.5,25.2,9.2,38.2,1800.0,1741.1,5840.0,545
3067,00:52:11,57.45,24.6,14.4,25.0,20.6,36.3,1800.0,1745.2,5836.0,548
3068,00:52:12,56.97,23.7,37.0,25.7,20.4,13.0,1800.0,1743.7,5837.5,545
3069,00:52:13,56.97,23.6,16.8,24.0,17.2,34.0,1800.0,1740.2,5841.0,545
3070,00:52:14,57.45,23.8,34.0,22.0,6.1,31.7,1800.0,1743.6,5837.6,545
3071,00:52:15,57.45,23.8,39.6,26.5,24.3,7.8,1800.0,1743.1,5838.1,545
3072,00:52:16,57.94,31.7,42.5,27.2,32.2,25.0,1800.0,1745.1,5836.0,548
3073,00:52:17,56.97,31.5,42.5,24.3,27.9,26.4,1800.0,1745.0,5836.1,545
3074,00:52:18,56.48,18.9,6.3,18.8,24.3,25.3,1800.0,1741.3,5839.8,545
3075,00:52:19,56.48,17.4,8.2,20.0,26.3,15.0,1800.0,1744.2,5836.9,545
3076,00:52:20,56.48,18.9,8.2,17.0,24.0,28.3,1800.0,1745.2,5835.9,545
3077,00:52:21,57.94,21.5,15.8,16.0,29.0,23.2,1800.0,1749.3,5831.8,548
3078,00:52:22,57.45,20.4,10.1,17.0,24.2,29.3,1800.0,1747.7,5833.4,545
3079,00:52:23,56.97,18.1,23.8,15.7,23.2,11.1,1800.0,1747.4,5833.8,545
3080,00:52:24,57.94,20.7,20.4,19.8,20.0,22.8,1800.0,1746.0,5835.1,545
3081,00:52:25,55.99,19.5,29.4,15.8,12.0,20.2,1800.0,1745.0,5836.1,545
3082,00:52:26,57.94,23.6,14.7,18.8,39.6,20.4,1800.0,1744.1,5837.1,548
3083,00:52:27,57.45,23.1,7.2,24.8,25.3,34.3,1800.0,1744.4,5836.7,545
3084,00:52:28,57.94,20.0,4.3,35.6,17.0,23.0,1800.0,1744.0,5837.1,545
3085,00:52:29,56.97,20.9,23.5,25.0,3.1,30.7,1800.0,1744.0,5836.7,545
3086,00:52:30,56.48,21.1,24.7,23.2,4.0,31.4,1800.0,1744.0,5836.6,545
3087,00:52:31,57.45,21.8,10.4,19.0,15.2,43.1,1800.0,1743.2,5837.3,548
3088,00:52:32,56.97,23.3,30.9,14.1,22.8,25.5,1800.0,1743.7,5837.0,545
3089,00:52:33,57.94,18.6,24.5,16.7,14.0,20.0,1800.0,1743.5,5837.2,544
3090,00:52:34,57.94,17.8,23.2,24.2,19.0,5.0,1800.0,1744.1,5837.1,544
3091,00:52:35,57.45,21.2,21.9,17.5,39.6,4.1,1800.0,1743.4,5837.8,544
3092,00:52:36,57.94,24.0,27.3,26.7,24.5,18.2,1800.0,1746.2,5834.9,547
3093,00:52:37,57.45,25.3,9.5,26.7,36.3,25.2,1800.0,1746.6,5834.5,544
3094,00:52:38,56.97,22.4,38.2,7.9,24.0,22.3,1800.0,1746.2,5834.9,544
3095,00:52:39,56.97,25.3,37.4,8.2,25.5,27.7,1800.0,1745.2,5835.9,544
3096,00:52:40,57.94,23.3,24.7,12.7,25.3,32.4,1800.0,1746.3,5834.9,544
3097,00:52:41,56.97,23.5,22.9,4.2,24.3,39.8,1800.0,1747.8,5833.4,547
3098,00:52:42,57.45,26.0,20.0,23.8,19.4,41.2,1800.0,1747.4,5833.7,544
3099,00:52:43,59.4,50.1,52.0,48.5,52.4,47.5,1800.0,1772.4,5808.7,557
3100,00:52:44,59.89,93.2,90.8,96.2,99.0,86.7,1800.0,1790.7,5790.4,547
3101,00:52:45,58.43,56.3,65.2,92.0,24.0,43.8,1800.0,1848.2,5732.9,548
3102,00:52:46,58.91,38.3,32.0,39.0,26.3,55.4,1800.0,1851.9,5729.2,550
3103,00:52:47,59.89,21.1,24.5,33.0,21.6,5.1,1800.0,1849.3,5731.7,547
3104,00:52:48,58.43,18.8,9.2,18.6,18.2,28.7,1800.0,1847.4,5733.7,547
3105,00:52:49,58.43,17.5,17.7,21.2,5.1,24.5,1800.0,1845.6,5735.5,547
3106,00:52:50,59.4,20.3,8.2,22.8,31.7,20.4,1800.0,1844.2,5736.9,547
3107,00:52:51,58.91,22.9,35.1,21.8,23.8,10.1,1800.0,1834.8,5746.3,550
3108,00:52:52,58.91,22.6,28.6,33.7,24.5,5.1,1000.0,1842.0,5739.1,547
3109,00:52:53,58.91,22.3,38.4,23.3,17.0,10.0,1800.0,1843.2,5737.9,547
3110,00:52:54,58.43,29.7,36.4,19.2,23.0,40.4,1800.0,1771.4,5809.8,545
3111,00:52:55,58.43,18.1,17.3,31.4,18.0,5.1,1800.0,1767.6,5813.6,545
3112,00:52:56,58.91,21.8,34.3,23.0,23.0,6.2,1800.0,1768.3,5812.8,548
3113,00:52:57,58.91,19.8,14.4,20.8,26.5,17.0,1000.0,1768.4,5812.6,545
3114,00:52:58,58.43,22.5,17.5,23.3,26.7,21.4,1800.0,1769.2,5811.9,545
3115,00:52:59,58.91,19.1,8.1,19.2,30.7,18.2,1800.0,1767.9,5813.1,545
3116,00:53:00,59.4,23.3,21.6,27.7,20.8,23.5,1800.0,1767.8,5813.3,548
3117,00:53:01,58.91,19.8,7.2,21.0,31.0,19.8,1800.0,1768.5,5812.6,545
3118,00:53:02,58.43,18.9,19.6,31.1,4.1,20.8,1800.0,1767.2,5814.0,545
3119,00:53:03,58.43,20.5,22.2,22.3,10.9,26.7,1800.0,1767.3,5813.8,545
3120,00:53:04,56.97,16.0,17.0,14.0,5.0,26.7,1800.0,1766.3,5814.8,545
3121,00:53:05,58.43,20.7,22.0,12.0,18.0,30.0,1800.0,1767.2,5814.0,548
3122,00:53:06,57.94,19.5,21.2,21.0,6.1,31.1,1800.0,1765.4,5815.8,545
3123,00:53:08,58.43,18.9,21.0,11.9,31.0,12.1,1800.0,1763.4,5817.8,545
3124,00:53:09,57.94,24.5,18.0,23.8,15.3,38.6,1800.0,1761.2,5820.0,545
3125,00:53:10,58.43,21.0,7.1,22.0,21.6,32.4,1800.0,1759.5,5821.7,545
3126,00:53:11,58.43,22.1,27.0,21.6,8.1,31.4,1800.0,1761.5,5819.7,548
3127,00:53:12,58.43,23.2,15.0,18.8,32.4,27.2,1800.0,1758.3,5822.9,545
3128,00:53:13,58.43,27.2,22.1,19.0,31.1,35.3,1800.0,1760.8,5820.4,544
3129,00:53:14,57.45,30.5,34.3,21.4,37.4,27.8,1800.0,1761.4,5819.7,545
3130,00:53:15,57.94,25.7,34.3,12.1,32.0,24.3,1800.0,1754.5,5826.6,545
3131,00:53:16,57.94,23.6,33.7,24.8,14.6,23.5,1800.0,1753.7,5827.5,548
3132,00:53:17,57.94,20.7,17.5,22.2,20.6,19.8,1800.0,1753.4,5827.8,545
3133,00:53:18,58.43,17.5,14.9,11.0,17.8,27.7,1800.0,1753.4,5827.7,545
3134,00:53:19,57.45,17.1,7.4,11.9,17.0,30.0,1800.0,1754.1,5827.1,545
3135,00:53:20,56.97,16.9,18.4,4.1,17.6,29.7,1800.0,1753.3,5827.9,545
3136,00:53:21,58.43,19.0,20.2,5.1,20.4,30.3,1800.0,1755.9,5825.2,548
3137,00:53:22,59.4,37.9,26.8,57.6,22.7,41.8,1800.0,1801.8,5779.3,551
3138,00:53:23,58.43,16.9,16.2,19.0,3.1,30.7,1800.0,1771.6,5809.6,545
3139,00:53:24,58.91,17.9,12.2,16.8,9.9,34.0,1800.0,1769.9,5811.2,545
3140,00:53:25,57.94,19.6,14.6,5.1,19.6,37.0,1800.0,1769.0,5812.2,545
3141,00:53:26,57.94,25.6,36.0,17.2,21.4,27.0,1800.0,1770.1,5811.0,548
3142,00:53:27,59.4,82.8,79.6,84.2,87.0,80.8,1800.0,1801.8,5779.3,554
3143,00:53:28,59.89,78.5,82.5,66.7,65.0,100.0,1800.0,1819.7,5761.4,547
3144,00:53:29,59.4,49.5,44.9,26.0,48.5,77.5,1800.0,1865.4,5715.7,549
3145,00:53:30,59.89,29.9,42.0,9.2,27.5,41.2,1800.0,1866.9,5714.1,547
3146,00:53:31,59.89,23.7,33.3,31.7,12.1,17.0,1800.0,1868.2,5712.9,550
3147,00:53:32,60.37,20.9,39.6,7.0,15.8,22.5,1800.0,1865.1,5716.0,547
3148,00:53:33,59.4,21.1,35.6,6.1,22.5,19.2,1800.0,1865.1,5716.1,546
3149,00:53:34,59.89,26.5,43.6,6.1,27.2,28.2,1800.0,1865.1,5716.1,546
3150,00:53:35,59.89,55.1,52.6,62.4,53.0,52.0,1800.0,1853.3,5727.8,555
3151,00:53:36,59.89,77.2,75.2,88.3,76.2,69.4,1800.0,1853.7,5727.5,552
3152,00:53:37,60.37,48.8,44.4,40.4,38.6,71.6,1800.0,1856.2,5724.9,546
3153,00:53:38,61.35,67.4,76.0,56.7,73.0,64.4,1800.0,1855.8,5725.4,549
3154,00:53:39,60.37,55.4,68.3,47.1,56.7,50.0,1800.0,1783.5,5797.6,544
3155,00:53:40,60.86,47.0,49.0,56.7,45.6,35.6,1800.0,1781.8,5799.3,546
3156,00:53:41,61.84,61.0,67.5,53.8,60.9,61.0,1800.0,1783.0,5798.1,547
3157,00:53:42,61.84,52.7,47.2,53.5,58.4,51.5,1800.0,1780.5,5800.6,544
3158,00:53:43,60.37,42.4,33.0,64.6,44.6,28.3,1800.0,1783.7,5797.5,544
3159,00:53:44,61.35,20.5,4.2,42.0,25.5,9.9,1800.0,1781.6,5799.6,544
3160,00:53:45,61.35,22.9,14.3,33.7,20.4,24.8,1800.0,1777.5,5803.7,544
3161,00:53:46,60.37,22.7,5.2,33.0,24.0,25.3,1800.0,1775.5,5805.7,547
3162,00:53:47,60.86,22.9,27.6,26.5,3.1,33.3,1800.0,1774.2,5806.9,544
3163,00:53:48,59.89,23.5,24.0,7.1,25.5,37.8,1800.0,1776.2,5805.0,545
3164,00:53:49,62.32,92.8,91.0,95.0,92.2,93.0,1800.0,1769.1,5812.0,552
3165,00:53:50,60.86,52.5,56.0,51.9,60.4,42.0,1800.0,1770.1,5811.0,544
3166,00:53:51,59.89,27.0,9.4,27.0,39.4,30.7,1800.0,1768.9,5812.2,547
3167,00:53:52,60.86,21.6,25.3,32.7,24.0,5.1,1800.0,1757.2,5824.0,544
3168,00:53:53,61.35,21.6,19.2,29.3,21.6,17.0,1800.0,1757.7,5823.4,544
3169,00:53:54,60.86,23.4,26.0,23.2,19.2,24.5,1800.0,1756.1,5825.0,544
3170,00:53:55,60.86,24.1,26.5,10.2,31.3,28.7,1800.0,1752.6,5828.5,547
3171,00:53:56,60.86,22.2,17.3,25.5,21.4,24.0,1800.0,1751.8,5829.3,544
3172,00:53:57,60.37,20.8,2.1,28.7,23.5,25.5,1800.0,1752.3,5828.8,544
3173,00:53:58,60.37,23.4,25.7,26.5,7.1,35.0,1800.0,1752.3,5828.9,544
3174,00:53:59,60.37,23.2,25.3,6.1,23.0,37.3,1800.0,1753.7,5827.4,544
3175,00:54:00,59.89,23.6,33.7,26.3,24.5,12.0,1800.0,1754.6,5826.5,547
3176,00:54:01,59.89,23.3,35.6,25.5,8.1,22.8,1800.0,1753.5,5827.6,544
3177,00:54:02,61.35,21.1,4.2,31.4,24.8,23.8,1800.0,1755.2,5825.9,544
3178,00:54:04,59.89,23.4,24.8,6.0,37.9,23.0,1800.0,1754.8,5826.3,544
3179,00:54:05,60.37,23.4,26.5,29.0,6.1,34.0,1800.0,1753.5,5827.6,544
3180,00:54:06,59.89,23.8,26.3,20.6,9.4,35.0,1800.0,1754.2,5826.9,547
3181,00:54:07,60.37,22.6,17.5,15.7,26.5,33.3,1800.0,1753.2,5827.8,544
3182,00:54:08,59.89,22.8,36.6,23.5,4.1,25.5,1800.0,1750.8,5830.3,544
3183,00:54:09,59.89,22.1,22.2,5.9,23.0,35.9,1800.0,1750.5,5830.6,544
3184,00:54:10,60.37,33.6,29.0,26.6,35.0,40.6,1800.0,1750.7,5830.5,544
3185,00:54:11,59.4,27.5,34.7,15.1,30.3,29.6,1800.0,1754.2,5826.9,547
3186,00:54:12,59.89,22.9,28.0,24.2,27.3,13.0,1800.0,1755.4,5825.7,544
3187,00:54:13,59.4,20.6,28.6,22.8,22.8,7.1,1800.0,1754.4,5826.6,544
3188,00:54:14,58.91,22.4,32.7,25.3,8.0,25.0,1800.0,1754.2,5826.9,544
3189,00:54:15,60.37,26.5,33.3,32.0,31.0,8.2,1800.0,1749.5,5831.6,544
3190,00:54:16,59.89,25.7,28.6,23.0,22.0,28.4,1800.0,1750.7,5830.5,548
3191,00:54:17,59.89,24.1,30.3,26.7,15.8,24.8,1800.0,1749.4,5831.8,545
3192,00:54:18,60.86,23.1,28.3,31.3,4.1,27.5,1800.0,1745.5,5835.7,545
3193,00:54:19,59.89,22.8,26.3,33.3,25.0,6.1,1800.0,1748.2,5832.9,545
3194,00:54:20,59.89,30.3,28.3,38.6,31.0,23.2,1800.0,1751.0,5830.1,545
3195,00:54:21,59.4,24.7,15.3,40.2,16.3,27.0,1800.0,1752.1,5829.0,548
3196,00:54:22,60.37,23.8,29.0,25.7,14.1,26.3,1800.0,1747.7,5833.5,546
3197,00:54:23,60.37,23.7,22.7,18.0,34.0,20.4,1800.0,1748.3,5832.8,546
3198,00:54:24,59.4,22.4,4.2,24.2,24.0,34.6,1800.0,1745.2,5835.9,546
3199,00:54:25,59.89,26.4,37.4,20.8,27.3,21.0,1800.0,1748.6,5832.6,546
3200,00:54:26,61.35,57.6,70.7,51.0,51.5,56.6,1800.0,1746.2,5835.0,549
3201,00:54:27,59.89,24.4,22.4,27.7,32.7,14.1,1800.0,1751.2,5830.0,545
3202,00:54:28,59.89,23.9,27.6,28.4,25.0,15.2,1800.0,1754.2,5827.0,545
3203,00:54:29,60.37,23.4,5.2,25.0,34.0,28.4,1800.0,1754.6,5826.6,545
3204,00:54:30,61.35,24.6,3.2,27.5,38.8,26.3,1800.0,1756.2,5824.9,545
3205,00:54:31,60.86,24.6,19.6,24.8,19.2,35.3,1800.0,1757.7,5823.4,548
3206,00:54:32,59.4,22.3,7.2,22.4,29.0,29.1,1800.0,1756.3,5824.9,545
3207,00:54:33,59.89,22.8,14.4,16.0,30.1,31.3,1800.0,1752.8,5828.4,545
3208,00:54:34,59.89,23.1,17.3,20.2,14.1,40.0,1800.0,1751.9,5829.3,545
3209,00:54:35,59.89,24.8,7.0,27.7,34.3,30.7,1800.0,1746.9,5834.3,545
3210,00:54:36,59.89,27.0,11.3,27.7,37.6,29.0,1800.0,1747.5,5833.6,548
3211,00:54:37,60.86,25.9,17.8,38.1,26.7,21.2,1800.0,1745.4,5835.7,545
3212,00:54:38,60.37,32.8,29.8,43.7,14.7,40.1,1800.0,1745.6,5835.6,545
3213,00:54:39,59.89,27.3,38.3,28.7,33.7,6.0,1800.0,1746.0,5835.1,545
3214,00:54:40,59.89,25.0,29.0,13.1,30.0,28.4,1800.0,1746.9,5834.3,545
3215,00:54:41,59.89,25.9,14.7,30.7,26.5,30.7,1800.0,1747.7,5833.5,548
3216,00:54:42,59.4,22.0,3.2,35.7,21.0,25.3,1800.0,1744.4,5836.8,545
3217,00:54:43,60.37,22.5,31.3,22.0,23.3,14.0,1800.0,1744.0,5837.2,543
3218,00:54:44,60.37,22.7,31.0,5.1,28.3,27.5,1800.0,1742.7,5838.6,543
3219,00:54:45,60.37,24.0,28.6,25.7,17.3,25.7,1800.0,1742.9,5838.3,543
3220,00:54:46,60.37,25.2,27.0,5.2,39.0,27.3,1800.0,1747.5,5833.7,546
3221,00:54:47,59.89,22.5,24.5,23.0,17.3,25.7,1800.0,1747.6,5833.5,543
3222,00:54:48,59.89,22.6,25.5,4.1,30.6,28.4,1800.0,1745.7,5835.4,543
3223,00:54:49,60.37,22.5,15.5,23.5,16.2,34.0,1800.0,1744.5,5836.6,543
3224,00:54:50,59.89,25.9,26.3,18.8,42.2,16.8,1800.0,1745.5,5835.6,543
3225,00:54:51,59.89,26.4,32.3,16.0,28.0,29.0,1800.0,1748.1,5833.0,546
3226,00:54:52,59.89,24.4,8.3,25.0,36.0,27.0,1800.0,1746.4,5834.7,543
3227,00:54:53,60.86,23.1,24.5,6.0,34.3,28.2,1800.0,1746.9,5834.2,543
3228,00:54:54,59.89,23.4,27.3,13.3,20.0,33.3,1800.0,1745.4,5835.7,543
3229,00:54:55,60.86,24.6,27.0,25.3,39.6,5.1,1800.0,1750.2,5830.9,545
3230,00:54:56,60.86,24.4,4.2,29.7,26.2,35.3,1800.0,1750.1,5831.0,546
3231,00:54:57,59.89,25.2,6.3,25.3,27.7,39.8,1800.0,1748.6,5832.5,543
3232,00:54:58,59.89,24.1,29.4,28.2,6.1,34.0,1800.0,1746.1,5835.0,543
3233,00:54:59,60.86,22.9,25.8,35.3,25.7,7.0,1800.0,1745.8,5835.3,543
3234,00:55:00,59.89,26.7,28.6,8.1,38.0,30.0,1800.0,1745.0,5836.0,547
3235,00:55:01,59.4,24.4,27.7,6.1,35.0,28.7,1800.0,1747.3,5833.8,544
3236,00:55:02,60.37,24.2,27.0,35.3,6.1,27.7,1800.0,1742.0,5839.1,544
3237,00:55:03,60.37,22.7,8.2,23.8,42.2,18.2,1800.0,1746.5,5834.5,544
3238,00:55:04,59.4,24.4,9.1,25.0,35.6,24.5,1800.0,1748.4,5832.7,544
3239,00:55:06,60.86,31.4,29.8,30.2,42.9,23.5,1800.0,1749.1,5832.0,547
3240,00:55:07,59.89,33.3,36.2,30.6,40.4,26.0,1800.0,1749.1,5832.1,544
3241,00:55:08,59.4,26.9,21.6,26.0,31.0,29.0,1800.0,1747.8,5833.2,544
3242,00:55:09,60.37,21.2,15.2,9.2,21.0,38.6,1800.0,1748.0,5832.9,544
3243,00:55:10,59.4,23.0,26.3,6.2,32.3,25.3,1800.0,1745.7,5835.3,544
3244,00:55:11,60.86,27.2,29.7,16.2,34.0,29.0,1800.0,1747.7,5833.4,547
3245,00:55:12,58.91,23.5,39.4,25.0,20.6,10.0,1800.0,1749.6,5831.5,544
3246,00:55:13,59.4,22.7,31.6,24.2,29.7,4.1,1800.0,1749.3,5831.7,544
3247,00:55:14,60.86,22.3,18.4,28.7,20.2,22.5,1800.0,1741.7,5839.3,544
3248,00:55:15,60.86,22.0,14.3,18.2,32.7,24.0,1800.0,1742.7,5838.4,544
3249,00:55:16,59.4,27.4,28.9,29.7,30.0,20.4,1800.0,1747.0,5834.2,547
3250,00:55:17,59.89,23.2,12.6,25.7,19.6,33.7,1800.0,1750.5,5830.7,542
3251,00:55:18,60.37,22.9,26.5,16.2,12.9,35.6,1800.0,1752.2,5828.9,542
3252,00:55:19,60.37,22.6,19.4,11.1,27.7,31.7,1800.0,1753.0,5828.2,542
3253,00:55:20,59.89,22.9,24.8,22.0,9.0,37.0,1800.0,1744.6,5836.5,542
3254,00:55:21,60.37,28.5,32.3,12.4,31.0,38.2,1100.0,1749.7,5831.5,545
3255,00:55:22,59.4,26.1,30.9,27.5,11.9,32.4,1800.0,1748.7,5832.5,542
3256,00:55:23,59.4,23.1,30.3,26.3,32.7,3.1,1800.0,1744.6,5836.6,542
3257,00:55:24,59.4,25.1,30.3,27.2,34.0,8.0,1800.0,1747.1,5834.0,543
3258,00:55:25,59.89,25.4,28.3,25.7,26.3,21.8,1800.0,1746.6,5834.6,543
3259,00:55:26,60.86,27.6,33.0,35.3,15.3,26.0,1000.0,1746.9,5834.3,546
3260,00:55:27,60.86,28.2,41.6,32.0,29.8,10.1,1800.0,1748.3,5832.9,543
3261,00:55:28,60.37,22.9,4.2,24.0,25.0,36.3,1800.0,1751.8,5829.4,543
3262,00:55:29,59.4,25.4,18.0,23.5,28.0,32.0,1800.0,1752.8,5828.5,543
3263,00:55:30,59.89,23.9,38.0,4.1,23.8,28.4,1800.0,1752.2,5829.0,543
3264,00:55:31,59.89,25.3,32.7,36.6,9.2,23.2,1800.0,1753.5,5827.6,546
3265,00:55:32,59.89,28.4,32.7,9.9,41.3,29.8,1800.0,1753.9,5827.2,543
3266,00:55:33,60.37,46.4,50.0,46.5,36.4,52.0,1800.0,1739.6,5841.6,543
3267,00:55:34,60.86,26.6,14.6,26.5,36.9,27.7,1800.0,1737.5,5843.7,543
3268,00:55:35,60.37,34.1,32.1,29.1,40.0,32.1,1800.0,1735.0,5846.2,543
3269,00:55:36,60.86,26.6,36.2,29.0,31.0,10.0,1800.0,1739.8,5841.4,546
3270,00:55:37,61.35,27.2,42.9,26.2,9.2,31.7,1800.0,1743.6,5837.5,543
3271,00:55:38,60.86,21.8,20.4,29.6,22.2,15.2,1800.0,1742.4,5838.8,543
3272,00:55:39,60.37,23.8,36.1,24.5,28.2,6.3,1800.0,1738.0,5843.1,543
3273,00:55:40,60.37,23.0,13.3,35.0,26.3,15.3,1800.0,1741.2,5840.0,543
3274,00:55:41,59.89,24.6,24.7,27.5,35.4,10.0,1800.0,1741.1,5840.0,546
3275,00:55:42,61.84,25.9,35.7,14.9,25.7,30.0,1800.0,1738.3,5842.9,543
3276,00:55:43,60.86,23.7,25.0,35.0,26.5,7.1,1800.0,1738.5,5842.7,542
3277,00:55:44,61.35,22.0,27.0,32.3,4.0,25.7,1800.0,1740.1,5841.1,542
3278,00:55:45,60.37,22.6,39.4,21.2,23.0,6.1,1800.0,1738.6,5842.5,542
3279,00:55:46,60.86,24.9,11.3,21.0,39.0,27.0,1800.0,1740.7,5840.4,546
3280,00:55:47,59.89,27.4,30.7,28.7,40.2,12.0,1800.0,1737.6,5843.6,543
3281,00:55:48,60.86,22.8,26.0,25.7,6.1,30.3,1800.0,1737.8,5843.3,543
3282,00:55:49,60.37,24.0,27.0,12.0,23.2,34.7,1800.0,1738.2,5842.9,543
3283,00:55:50,60.37,24.4,11.3,25.5,22.8,36.9,1800.0,1738.8,5842.3,543
3284,00:55:51,60.37,26.4,28.3,12.1,25.3,39.8,1800.0,1737.0,5844.2,547
3285,00:55:52,60.86,26.4,29.3,30.4,28.7,17.0,1800.0,1737.3,5843.8,544
3286,00:55:53,59.4,23.7,34.0,27.7,27.3,5.1,1800.0,1733.8,5847.3,544
3287,00:55:54,60.37,23.3,34.3,27.2,28.0,5.1,1800.0,1735.3,5845.8,544
3288,00:55:55,59.89,25.0,29.0,5.2,26.7,37.3,1800.0,1736.6,5844.5,546
3289,00:55:56,61.35,25.9,16.5,26.5,23.8,35.6,1800.0,1737.6,5843.5,547
3290,00:55:57,60.86,26.5,28.3,28.7,10.2,39.2,1800.0,1740.5,5840.6,544
3291,00:55:58,60.86,23.6,19.4,25.3,8.2,38.2,1800.0,1741.3,5839.8,544
3292,00:55:59,60.37,22.9,17.3,25.7,27.2,23.5,1800.0,1739.8,5841.4,544
3293,00:56:00,60.86,28.2,16.3,35.0,34.0,27.3,1800.0,1741.5,5839.6,547
3294,00:56:01,60.86,24.9,27.7,7.9,35.6,27.5,1800.0,1742.1,5839.1,544
3295,00:56:02,59.4,26.6,23.3,24.2,32.1,25.7,1800.0,1742.2,5839.0,544
3296,00:56:03,60.37,33.0,41.5,25.0,23.8,39.1,1800.0,1735.7,5845.4,543
3297,00:56:04,60.86,25.1,36.5,17.0,25.7,20.4,1800.0,1738.2,5842.9,543
3298,00:56:06,60.37,24.2,11.6,34.3,28.2,22.2,1800.0,1741.2,5840.0,546
3299,00:56:07,60.86,22.4,37.4,21.6,26.3,5.1,1800.0,1742.2,5838.9,543
3300,00:56:08,60.37,24.8,35.4,6.1,28.7,27.7,1800.0,1739.3,5841.9,543
3301,00:56:09,60.37,23.4,19.6,37.0,12.0,24.8,1800.0,1739.1,5842.0,543
3302,00:56:10,60.86,22.9,20.4,18.4,26.0,26.7,1800.0,1740.1,5841.1,543
3303,00:56:11,59.4,24.1,26.0,7.0,26.0,37.4,1800.0,1744.6,5836.6,546
3304,00:56:12,60.37,25.1,27.3,9.0,28.0,36.0,1800.0,1747.0,5834.2,543
3305,00:56:13,59.89,24.4,29.7,6.0,35.0,29.0,1800.0,1742.9,5838.2,543
3306,00:56:14,60.37,21.6,21.9,4.1,32.7,26.0,1800.0,1745.1,5836.0,543
3307,00:56:15,60.37,22.0,20.4,6.1,26.5,35.4,1800.0,1744.6,5836.4,544
3308,00:56:16,59.89,23.9,25.5,20.4,11.2,37.6,1800.0,1744.7,5836.4,546
3309,00:56:17,60.37,24.1,27.6,35.0,22.2,9.3,1800.0,1745.4,5835.7,543
3310,00:56:18,59.89,25.3,33.7,40.2,24.5,5.1,1800.0,1739.5,5841.7,543
3311,00:56:19,60.86,22.6,5.3,36.0,21.4,23.0,1800.0,1739.6,5841.6,543
3312,00:56:20,60.37,26.5,28.7,8.9,41.5,29.8,1800.0,1740.7,5840.4,544
3313,00:56:21,60.37,26.6,31.0,18.0,28.6,28.0,1800.0,1741.8,5839.3,547
3314,00:56:22,60.86,27.9,36.6,8.2,35.0,32.4,1800.0,1741.4,5839.7,544
3315,00:56:23,60.86,27.0,43.0,6.1,30.1,28.0,1800.0,1740.4,5840.8,544
3316,00:56:24,60.37,25.5,18.6,25.5,29.0,26.0,1800.0,1739.1,5842.0,544
3317,00:56:25,60.37,27.0,34.7,24.8,20.8,27.7,1800.0,1741.7,5839.4,544
3318,00:56:26,60.86,28.4,21.4,18.8,41.2,33.3,1800.0,1742.8,5838.3,547
3319,00:56:27,60.37,26.4,34.3,12.1,27.7,31.1,1800.0,1742.5,5838.6,544
3320,00:56:28,60.86,29.4,39.8,6.2,34.7,35.0,1800.0,1740.0,5841.0,544
3321,00:56:29,60.86,25.6,33.7,26.0,9.0,35.3,1800.0,1742.4,5838.7,544
3322,00:56:30,60.86,29.9,29.8,30.8,33.7,25.0,1800.0,1739.7,5841.4,544
3323,00:56:31,60.37,29.3,17.1,31.7,28.0,39.2,1800.0,1740.7,5840.4,547
3324,00:56:32,60.37,35.7,37.8,36.6,39.1,30.4,1800.0,1743.3,5837.8,545
3325,00:56:33,60.86,28.7,36.6,38.0,27.5,11.2,1800.0,1742.9,5838.3,545
3326,00:56:34,60.86,23.0,9.5,33.7,22.2,27.6,1800.0,1741.0,5840.2,545
3327,00:56:35,61.84,24.8,32.7,30.6,25.7,9.1,1800.0,1741.1,5840.1,545
3328,00:56:36,60.86,26.4,29.6,31.7,30.3,12.4,1800.0,1743.4,5837.7,548
3329,00:56:37,61.35,23.7,34.0,6.2,31.6,26.2,1800.0,1743.1,5838.1,545
3330,00:56:38,61.84,33.1,39.4,17.5,41.6,31.3,1800.0,1745.4,5835.7,545
3331,00:56:39,61.35,63.1,57.1,63.2,62.6,67.9,1800.0,1746.3,5834.9,545
3332,00:56:40,61.35,23.3,7.1,34.3,27.5,27.5,1800.0,1749.2,5832.0,545
3333,00:56:41,61.35,24.8,28.3,14.0,35.7,21.0,1800.0,1750.2,5830.9,548
3334,00:56:42,59.89,23.9,12.1,25.2,32.0,26.0,1800.0,1751.9,5829.2,545
3335,00:56:43,61.35,24.3,34.3,26.3,25.0,10.3,1800.0,1750.0,5831.1,545
3336,00:56:44,61.84,68.4,71.4,67.3,63.5,71.4,1800.0,1750.8,5829.8,545
3337,00:56:45,62.32,35.6,35.4,32.4,34.7,40.8,1800.0,1750.5,5830.1,545
3338,00:56:46,61.84,27.0,28.6,29.3,9.1,40.6,1800.0,1753.3,5827.3,548
3339,00:56:47,61.84,25.9,25.5,29.3,17.0,31.0,1800.0,1752.4,5828.2,545
3340,00:56:48,60.37,27.7,34.0,37.3,6.1,34.3,1800.0,1752.2,5828.9,545
3341,00:56:49,61.35,25.7,34.0,35.6,7.1,25.7,1800.0,1751.6,5829.6,545
3342,00:56:50,60.86,27.6,36.7,30.0,9.1,34.7,1800.0,1751.4,5829.7,545
3343,00:56:51,60.37,28.0,44.0,31.4,8.1,28.0,1800.0,1748.2,5832.9,548
3344,00:56:52,60.86,27.0,36.3,27.5,24.5,18.8,1800.0,1748.4,5832.7,545
3345,00:56:53,61.84,26.3,36.5,37.3,28.4,4.1,1800.0,1746.4,5834.7,545
3346,00:56:54,60.37,25.6,30.9,16.2,31.7,24.5,1800.0,1746.7,5834.4,545
3347,00:56:55,61.84,27.7,36.1,18.8,24.2,29.6,1800.0,1748.5,5832.6,548
3348,00:56:56,61.35,26.2,30.9,12.1,34.3,28.7,1800.0,1748.6,5832.5,545
3349,00:56:57,60.86,26.1,36.4,19.0,21.8,26.3,1800.0,1747.7,5833.4,545
3350,00:56:58,60.86,29.1,39.0,13.7,29.0,35.6,1800.0,1743.5,5837.6,545
3351,00:56:59,61.35,28.3,31.0,34.3,26.9,22.2,1800.0,1746.7,5834.3,545
3352,00:57:00,59.4,38.9,51.3,31.4,37.4,27.5,1800.0,1747.4,5833.7,548
3353,00:57:02,60.86,25.9,22.0,33.0,24.5,24.8,1800.0,1746.2,5835.0,545
3354,00:57:03,61.35,25.1,33.3,6.1,29.1,31.3,1800.0,1746.1,5835.1,545
3355,00:57:04,61.35,26.0,12.5,29.0,24.2,37.6,1800.0,1746.3,5834.9,545
3356,00:57:05,60.37,24.1,27.1,32.3,6.1,30.0,1800.0,1746.6,5834.7,545
3357,00:57:06,60.86,25.7,16.3,30.7,27.7,28.6,1800.0,1748.1,5833.1,548
3358,00:57:07,60.86,48.5,38.8,53.5,54.9,47.6,1800.0,1741.6,5839.5,545
3359,00:57:08,59.89,24.6,30.0,26.8,16.2,24.8,1800.0,1741.7,5839.4,545
3360,00:57:09,61.35,26.4,32.6,35.0,21.2,16.2,1800.0,1741.5,5839.7,545
3361,00:57:10,61.84,25.5,34.3,15.5,25.3,27.2,1800.0,1741.2,5840.0,545
3362,00:57:11,60.86,26.9,31.7,24.2,22.4,27.3,1800.0,1744.5,5836.6,548
3363,00:57:12,60.37,26.6,30.6,10.9,42.0,25.0,1800.0,1744.1,5837.1,545
3364,00:57:13,60.86,24.6,32.7,22.8,9.1,33.0,1800.0,1742.8,5838.4,545
3365,00:57:14,60.37,25.7,28.6,13.3,35.0,26.0,1800.0,1742.5,5838.8,545
3366,00:57:15,61.84,26.2,20.4,31.0,31.3,22.0,1800.0,1741.8,5839.4,545
3367,00:57:16,61.35,26.9,32.0,7.1,32.0,36.3,1800.0,1742.3,5838.9,548
3368,00:57:17,61.35,26.8,29.9,7.1,37.1,32.7,1800.0,1742.0,5839.1,545
3369,00:57:18,61.35,24.8,8.3,27.0,28.3,32.7,1800.0,1738.4,5842.7,545
3370,00:57:19,60.37,27.7,34.0,32.7,35.3,10.1,1800.0,1741.8,5839.3,545
3371,00:57:20,61.35,26.5,27.1,14.1,33.7,29.4,1800.0,1742.6,5838.5,545
3372,00:57:21,60.86,27.3,15.6,29.7,32.3,31.7,1800.0,1740.7,5840.5,548
3373,00:57:22,60.86,26.6,37.1,33.7,26.0,9.2,1800.0,1740.9,5840.2,545
3374,00:57:23,62.32,26.7,36.0,27.3,36.0,6.2,1800.0,1740.3,5840.8,545
3375,00:57:24,62.32,29.8,41.8,36.3,11.9,30.4,1800.0,1740.7,5840.5,545
3376,00:57:25,60.37,26.8,34.7,8.0,33.7,31.3,1800.0,1740.8,5840.4,545
3377,00:57:26,60.37,28.9,25.3,22.2,28.4,38.2,1800.0,1741.7,5839.5,548
3378,00:57:27,60.37,25.9,29.9,9.2,29.0,35.6,1800.0,1741.9,5839.2,545
3379,00:57:28,61.35,26.7,30.0,14.0,24.0,39.2,1800.0,1741.8,5839.3,545
3380,00:57:29,60.37,28.1,12.5,33.3,36.3,29.4,1800.0,1741.5,5839.6,545
3381,00:57:30,60.37,26.4,12.4,28.7,33.3,29.7,1800.0,1738.8,5842.4,545
3382,00:57:31,60.86,31.7,26.5,32.7,38.7,30.7,1800.0,1743.0,5838.1,548
3383,00:57:32,60.86,35.9,40.2,36.0,27.9,37.7,1800.0,1739.6,5841.5,545
3384,00:57:33,60.86,27.3,43.0,23.1,31.7,13.0,1800.0,1741.2,5839.8,545
3385,00:57:34,61.84,24.6,22.1,7.2,25.3,41.0,1800.0,1742.3,5838.8,545
3386,00:57:35,60.37,23.9,29.3,31.0,28.7,7.1,1800.0,1742.2,5839.0,545
3387,00:57:36,60.37,26.6,13.4,38.0,27.7,27.7,1800.0,1743.1,5838.0,548
3388,00:57:37,61.35,24.7,28.6,35.7,28.4,5.1,1800.0,1743.0,5838.1,545
3389,00:57:38,61.84,25.6,28.9,34.3,4.1,33.0,1800.0,1743.9,5837.3,545
3390,00:57:39,61.35,26.9,10.4,29.4,32.4,35.4,1800.0,1741.9,5839.3,545
3391,00:57:40,61.35,23.2,29.5,12.1,17.8,34.3,1800.0,1741.0,5840.1,545
3392,00:57:41,61.84,27.9,31.0,27.7,31.0,22.2,1800.0,1745.5,5835.7,548
3393,00:57:42,61.35,25.1,19.4,26.5,20.8,34.3,1800.0,1742.1,5839.1,545
3394,00:57:43,61.35,23.5,14.7,28.3,15.3,34.0,1800.0,1741.0,5840.1,545
3395,00:57:44,61.84,26.7,41.0,28.3,26.7,12.0,1800.0,1741.6,5839.5,544
3396,00:57:45,59.89,23.9,17.7,21.0,28.0,27.6,1800.0,1745.0,5836.1,544
3397,00:57:46,61.35,26.8,31.2,11.1,24.5,39.0,1800.0,1747.8,5833.4,547
3398,00:57:47,60.86,24.3,27.5,26.7,11.9,33.3,1800.0,1747.4,5833.7,544
3399,00:57:48,61.35,24.8,31.3,4.1,25.7,34.7,1800.0,1746.7,5834.5,544
3400,00:57:49,60.37,28.2,37.4,18.2,25.5,33.3,1800.0,1746.3,5834.9,544
3401,00:57:50,61.35,24.7,19.8,36.3,24.0,20.0,1800.0,1744.6,5836.6,544
3402,00:57:51,60.86,29.0,19.6,35.6,28.3,27.7,1800.0,1744.0,5837.3,547
3403,00:57:52,61.35,25.5,27.8,16.3,26.0,32.7,1800.0,1746.7,5834.5,544
3404,00:57:53,61.35,24.8,36.7,6.1,26.7,31.7,1800.0,1745.7,5835.5,544
3405,00:57:54,61.84,29.5,34.0,16.2,30.7,35.6,1800.0,1747.0,5834.1,544
3406,00:57:55,61.35,27.0,33.3,33.7,8.2,33.0,1800.0,1748.0,5833.2,544
3407,00:57:56,60.86,28.1,37.4,20.2,25.0,29.7,1800.0,1745.6,5835.5,548
3408,00:57:57,61.84,27.2,32.7,10.1,36.5,28.4,1800.0,1747.5,5833.7,545
3409,00:57:58,61.84,25.9,30.6,35.6,3.1,33.7,1800.0,1747.5,5833.7,545
3410,00:57:59,62.32,27.3,37.6,28.7,25.3,17.3,1800.0,1747.0,5834.2,545
3411,00:58:00,60.86,25.4,9.5,27.7,31.1,33.3,1800.0,1745.9,5835.3,548
3412,00:58:01,60.86,26.2,16.5,25.0,23.0,38.5,1800.0,1747.4,5833.7,545
3413,00:58:02,60.86,26.4,16.2,22.8,28.0,37.9,1800.0,1744.3,5836.8,545
3414,00:58:03,60.86,27.8,29.0,15.5,35.2,33.3,1800.0,1747.2,5833.9,545
3415,00:58:05,61.35,38.8,38.2,34.3,39.5,43.1,1800.0,1743.6,5837.5,545
3416,00:58:06,60.37,28.7,39.6,25.5,27.7,19.6,1800.0,1747.5,5833.8,548
3417,00:58:07,60.37,25.1,29.6,32.4,32.7,7.1,1800.0,1747.7,5833.4,545
3418,00:58:08,61.35,26.0,17.9,31.7,25.0,28.3,1800.0,1748.1,5833.0,546
3419,00:58:09,60.86,24.6,34.0,31.7,10.2,23.0,1800.0,1747.8,5833.4,546
3420,00:58:10,60.86,26.3,29.9,20.6,24.5,28.7,1800.0,1749.4,5831.7,546
3421,00:58:11,61.35,27.8,29.9,30.0,15.8,36.0,1800.0,1749.5,5831.7,549
3422,00:58:12,61.84,26.1,25.5,28.3,26.7,23.5,1800.0,1751.3,5829.9,545
3423,00:58:13,60.37,25.2,28.1,10.2,32.7,29.7,1800.0,1751.6,5829.6,545
3424,00:58:14,60.86,25.3,34.7,13.1,28.0,25.7,1800.0,1751.4,5829.8,545
3425,00:58:15,61.35,26.1,37.0,26.3,35.0,6.2,1800.0,1751.7,5829.6,545
3426,00:58:16,60.37,28.6,11.7,37.9,30.0,33.3,1800.0,1753.1,5828.2,548
3427,00:58:17,61.84,25.1,24.0,30.3,15.2,29.4,1800.0,1751.8,5829.4,545
3428,00:58:18,60.37,24.8,15.8,15.3,31.1,34.7,1800.0,1751.9,5829.3,545
3429,00:58:19,61.35,25.9,13.5,35.3,29.7,26.2,1800.0,1751.5,5829.7,545
3430,00:58:20,60.37,27.5,32.0,23.0,20.8,35.6,1800.0,1751.4,5829.8,545
3431,00:58:21,60.86,28.1,26.3,30.6,29.7,24.8,1800.0,1752.2,5829.0,548
3432,00:58:22,61.35,25.7,34.3,7.1,24.2,36.0,1800.0,1753.0,5828.2,545
3433,00:58:23,60.86,24.9,37.4,6.1,27.2,30.8,1800.0,1750.0,5831.2,545
3434,00:58:24,60.86,26.2,8.4,31.7,27.7,34.7,1800.0,1750.1,5831.1,545
3435,00:58:25,60.86,27.6,34.3,33.0,28.0,15.3,1800.0,1749.5,5831.7,545
3436,00:58:26,60.37,27.9,32.0,24.0,26.5,29.4,1800.0,1755.5,5825.7,548
3437,00:58:27,61.84,25.8,20.4,24.7,33.0,25.5,1800.0,1754.4,5826.8,545
3438,00:58:28,61.35,25.7,26.3,27.5,8.1,40.8,1800.0,1754.2,5827.0,545
3439,00:58:29,60.86,25.8,34.3,24.8,7.1,35.0,1800.0,1754.2,5826.9,545
3440,00:58:30,61.84,25.7,34.3,27.3,29.7,12.1,1800.0,1753.6,5827.6,545
3441,00:58:31,61.84,26.6,34.7,23.8,36.3,10.1,1800.0,1754.8,5826.4,548
3442,00:58:32,61.35,26.8,31.0,12.5,35.3,28.3,1800.0,1755.2,5825.9,545
3443,00:58:33,59.89,26.0,28.4,17.3,26.0,33.0,1800.0,1754.9,5826.2,545
3444,00:58:34,62.32,26.3,15.2,26.3,35.3,28.2,1800.0,1753.9,5827.3,545
3445,00:58:35,60.37,27.2,32.3,26.7,15.5,35.3,1800.0,1753.7,5827.6,545
3446,00:58:36,61.35,31.3,39.6,28.6,26.3,29.8,1800.0,1752.7,5828.5,548
3447,00:58:37,61.84,37.8,49.0,27.0,37.3,33.3,1800.0,1754.7,5826.4,545
3448,00:58:38,61.35,23.7,22.7,24.5,17.8,29.7,1800.0,1752.8,5828.4,545
3449,00:58:39,61.84,23.5,21.9,28.3,32.7,12.1,1800.0,1756.6,5824.6,545
3450,00:58:40,60.37,26.0,23.7,22.7,29.0,27.6,1800.0,1755.0,5826.3,545
3451,00:58:41,60.37,26.4,30.9,11.1,33.7,29.0,1800.0,1756.9,5824.3,548
3452,00:58:42,61.35,25.6,29.3,26.3,32.7,16.0,1800.0,1756.5,5824.7,545
3453,00:58:43,61.35,25.1,36.7,27.2,31.1,6.1,1800.0,1753.7,5827.6,545
3454,00:58:44,60.86,23.2,8.3,26.0,25.3,31.7,1800.0,1752.4,5828.9,545
3455,00:58:45,60.37,24.9,37.1,31.0,4.1,27.7,1000.0,1752.5,5828.6,545
3456,00:58:46,59.89,27.5,33.7,17.2,31.1,26.0,1800.0,1754.7,5826.4,548
3457,00:58:47,60.86,24.0,28.1,7.2,35.0,25.7,1800.0,1756.9,5824.2,545
3458,00:58:48,61.35,24.6,21.9,21.6,34.3,22.8,1800.0,1754.8,5826.3,545
3459,00:58:49,60.86,46.8,51.0,36.4,54.0,44.6,1800.0,1752.2,5828.9,545
3460,00:58:50,61.84,27.0,19.4,30.0,39.6,19.4,1100.0,1751.5,5829.6,545
3461,00:58:51,61.84,28.2,21.6,25.7,34.3,31.0,1800.0,1751.4,5829.8,548
3462,00:58:52,60.86,24.9,26.5,24.2,24.8,23.8,1800.0,1752.4,5828.7,545
3463,00:58:53,60.37,26.0,35.0,6.1,30.7,32.7,1800.0,1750.4,5830.6,545
3464,00:58:54,60.86,24.2,31.3,4.1,26.0,34.0,1800.0,1751.3,5829.8,545
3465,00:58:55,61.84,28.8,32.3,22.0,31.7,28.4,1000.0,1752.0,5829.1,545
3466,00:58:56,61.35,30.2,41.6,21.8,22.5,35.3,1800.0,1750.8,5830.4,548
3467,00:58:57,62.32,26.2,19.4,25.0,22.0,35.9,1800.0,1748.4,5832.8,545
3468,00:58:58,60.86,25.0,25.0,15.2,31.3,29.7,1800.0,1748.4,5832.8,545
3469,00:58:59,61.35,25.0,33.3,21.6,17.2,27.5,1800.0,1751.1,5830.1,545
3470,00:59:00,61.84,28.7,23.7,31.7,33.3,26.0,1000.0,1749.7,5831.5,548
3471,00:59:01,61.84,26.1,10.4,31.7,29.1,32.0,1800.0,1751.7,5829.5,545
3472,00:59:02,61.84,23.8,6.3,34.3,27.0,26.5,1800.0,1751.3,5829.9,545
3473,00:59:03,60.86,27.0,31.0,30.1,31.7,16.0,1800.0,1748.4,5832.7,545
3474,00:59:05,60.86,25.5,15.8,27.0,30.4,27.5,1800.0,1751.9,5829.3,545
3475,00:59:06,62.32,28.1,34.3,19.8,30.4,29.0,900.0,1749.8,5831.4,548
3476,00:59:07,61.84,28.9,39.8,12.7,25.7,36.2,1800.0,1750.9,5830.2,545
3477,00:59:08,61.35,26.9,34.3,13.2,27.2,33.7,1800.0,1750.2,5830.9,545
3478,00:59:09,60.86,35.8,41.4,28.2,26.5,43.2,1800.0,1750.8,5830.4,545
3479,00:59:10,60.86,29.9,41.0,12.0,27.0,37.9,1800.0,1751.0,5830.2,545
3480,00:59:11,61.35,28.1,37.4,11.1,30.1,35.1,1000.0,1751.7,5829.5,548
3481,00:59:12,60.86,26.0,30.9,23.8,24.0,25.5,1800.0,1753.5,5827.7,545
3482,00:59:13,61.35,23.7,7.3,29.0,31.3,25.5,1800.0,1752.5,5828.7,545
3483,00:59:14,60.86,25.9,29.3,10.0,32.0,31.7,1800.0,1753.3,5827.9,545
3484,00:59:15,60.86,22.6,9.3,29.3,27.3,25.0,1800.0,1749.8,5831.5,545
3485,00:59:16,60.37,27.1,32.7,28.4,24.2,23.8,900.0,1754.1,5827.1,548
3486,00:59:17,60.37,27.0,22.4,29.0,20.6,35.6,1800.0,1754.6,5826.5,545
3487,00:59:18,60.37,24.5,30.3,27.6,26.7,12.2,1800.0,1753.6,5827.5,545
3488,00:59:19,60.37,25.8,33.7,10.1,33.0,26.5,1800.0,1752.9,5828.3,545
3489,00:59:20,60.86,24.4,29.3,7.1,30.0,30.3,1800.0,1752.1,5829.1,545
3490,00:59:21,60.86,28.9,38.2,32.4,8.1,37.0,1000.0,1752.6,5828.6,548
3491,00:59:22,61.84,30.0,34.7,33.0,35.6,18.6,1800.0,1752.0,5829.2,544
3492,00:59:23,62.32,25.8,23.7,16.3,32.0,30.3,1800.0,1751.8,5829.4,544
3493,00:59:24,61.35,26.3,13.8,30.4,30.3,30.0,1800.0,1749.8,5831.3,544
3494,00:59:25,61.84,26.6,14.7,30.0,27.0,31.0,1800.0,1750.3,5830.8,544
3495,00:59:26,61.35,27.8,37.4,22.2,19.2,34.0,900.0,1750.9,5830.3,547
3496,00:59:27,61.35,29.7,34.3,15.8,38.5,29.4,1800.0,1750.2,5831.1,544
3497,00:59:28,59.89,25.4,31.3,6.1,33.0,32.4,1800.0,1750.3,5831.0,544
3498,00:59:29,61.35,26.2,22.1,25.0,29.0,27.0,1800.0,1750.5,5830.7,544
3499,00:59:30,60.86,26.9,20.4,20.2,38.5,27.7,1800.0,1747.8,5833.4,544
3500,00:59:31,60.37,27.7,33.7,14.7,45.6,16.0,1000.0,1750.4,5830.8,547
3501,00:59:32,60.86,27.0,32.4,15.8,33.3,27.2,1800.0,1750.8,5830.4,544
3502,00:59:33,59.4,24.6,31.6,6.1,32.4,27.0,1800.0,1750.1,5831.1,544
3503,00:59:34,61.35,24.7,28.0,11.1,34.3,27.2,1800.0,1749.4,5831.8,544
3504,00:59:35,61.35,25.8,26.8,5.2,30.4,37.5,1800.0,1749.6,5831.6,544
3505,00:59:36,60.86,28.3,30.7,12.0,43.3,27.0,1000.0,1749.1,5832.1,547
3506,00:59:37,61.35,29.6,34.7,19.0,28.4,35.3,1800.0,1748.0,5833.2,544
3507,00:59:38,61.35,47.4,46.2,39.6,49.0,55.3,1800.0,1747.6,5833.6,544
3508,00:59:39,62.32,53.1,56.9,51.9,56.5,46.6,1800.0,1746.0,5835.2,544
3509,00:59:40,60.86,34.0,31.4,37.6,36.9,28.7,1800.0,1748.7,5832.6,544
3510,00:59:41,61.84,31.0,41.3,12.7,36.4,31.7,1100.0,1751.2,5830.0,547
3511,00:59:42,61.35,24.9,35.7,29.4,26.5,8.0,1800.0,1747.0,5834.1,544
3512,00:59:43,61.35,21.0,9.4,20.4,29.6,23.0,1800.0,1746.6,5834.6,544
3513,00:59:44,61.35,20.8,4.2,25.0,31.0,23.8,1800.0,1749.1,5832.0,544
3514,00:59:45,60.86,21.7,27.7,5.1,26.3,26.7,1800.0,1747.1,5834.1,544
3515,00:59:46,60.86,24.8,13.4,22.8,35.0,27.2,1000.0,1749.0,5832.1,547
3516,00:59:47,60.37,25.2,15.3,25.0,34.7,27.5,1800.0,1745.5,5835.6,544
3517,00:59:48,60.37,21.6,5.2,24.0,30.6,24.8,1800.0,1746.7,5834.5,544
3518,00:59:49,60.86,22.6,4.2,29.3,30.1,26.2,1800.0,1745.0,5836.2,544
3519,00:59:50,62.32,24.3,25.5,12.1,32.0,26.5,1800.0,1743.2,5837.9,545
3520,00:59:51,61.35,24.1,26.5,26.5,9.1,35.0,900.0,1740.6,5840.5,544
3521,00:59:52,61.84,28.2,18.0,39.8,31.1,22.8,1800.0,1743.1,5837.1,544
3522,00:59:53,62.32,22.7,36.7,9.2,23.0,21.2,1800.0,1742.0,5838.1,543
3523,00:59:54,60.86,22.6,41.2,21.2,5.9,23.8,1800.0,1742.2,5837.9,543
3524,00:59:55,61.35,26.9,39.6,13.9,25.7,28.3,1800.0,1746.6,5834.5,546
3525,00:59:57,60.37,24.9,27.8,24.0,19.2,26.5,1000.0,1746.4,5834.8,544
3526,00:59:58,62.81,26.3,31.0,25.0,22.0,28.0,1800.0,1743.4,5837.8,544
3527,00:59:59,60.37,23.7,12.5,34.3,20.6,27.5,1800.0,1739.8,5841.3,544
3528,01:00:00,61.35,22.3,21.9,30.7,25.5,11.1,1800.0,1739.4,5841.8,544
3529,01:00:01,61.84,25.4,14.4,31.0,34.3,23.2,1800.0,1743.0,5838.2,547
3530,01:00:02,60.86,29.1,33.0,24.2,22.4,33.3,900.0,1746.7,5834.4,544
3531,01:00:03,60.37,52.7,64.1,47.5,42.3,57.8,1800.0,1751.0,5807.9,544
3532,01:00:04,61.35,27.9,22.7,30.0,29.0,28.7,1800.0,1752.3,5806.7,544
3533,01:00:05,60.86,31.7,42.7,35.7,23.2,24.5,1800.0,1754.5,5804.5,544
3534,01:00:06,61.35,30.6,27.8,33.7,44.6,16.8,1800.0,1755.4,5804.1,547
3535,01:00:07,61.84,28.1,41.0,12.1,31.7,27.5,1100.0,1752.7,5807.3,544
3536,01:00:08,62.32,77.4,77.0,79.0,79.0,73.8,1800.0,1750.8,5808.3,544
3537,01:00:09,62.32,57.3,61.3,54.8,56.1,57.7,1800.0,1749.8,5809.3,544
3538,01:00:10,61.35,33.3,30.9,29.6,36.5,35.3,1800.0,1747.8,5811.3,544
3539,01:00:11,61.35,33.7,38.2,35.6,31.0,31.1,1800.0,1745.6,5824.8,546
3540,01:00:12,62.32,39.8,36.6,40.7,40.4,41.5,1200.0,1746.2,5825.3,543
3541,01:00:13,62.81,32.2,38.1,32.4,27.4,29.6,1800.0,1745.4,5826.2,542
3542,01:00:14,61.35,26.6,30.7,25.0,22.2,29.4,1800.0,1740.9,5830.7,542
3543,01:00:15,60.86,25.9,22.0,28.7,24.0,29.0,1800.0,1741.9,5829.6,542
3544,01:00:16,62.32,31.1,30.9,42.0,30.3,21.2,1800.0,1741.9,5832.0,545
3545,01:00:17,61.35,41.1,43.8,41.8,32.7,44.6,1000.0,1739.8,5824.9,542
3546,01:00:18,61.84,74.2,79.0,78.0,71.7,69.0,1800.0,1742.3,5817.0,542
3547,01:00:19,62.32,37.7,49.5,36.9,29.4,35.6,1800.0,1743.6,5814.5,542
3548,01:00:20,63.3,23.6,33.0,28.3,17.8,13.3,1800.0,1746.5,5814.6,542
