Timestamp,Environment,Camera_Count,Resolution,Target_FPS,Motion_Factor,Total_CPU,Core0_CPU,Core1_CPU,Core2_CPU,Core3_CPU,RAM_Used_MB,SoC_Temp,CPU_Freq,Throttled_State,IO_Wait,Actual_FPS,Drops,Threads
2026-07-11 20:59:26,test,1,640x480,30,0,75.8,79.8,72.0,69.8,82.8,2525.0,58.43,1800.0,throttled=0x0,0.0,0.0,0,810
2026-07-11 20:59:28,test,1,640x480,30,0,49.0,40.2,82.6,30.8,42.0,2526.1,57.45,1800.0,throttled=0x0,0.0,1.8,0,806
2026-07-11 20:59:29,test,1,640x480,30,0,26.8,25.5,24.0,22.1,34.6,2527.0,56.97,1800.0,throttled=0x0,0.0,0.95,0,806
2026-07-11 20:59:30,test,1,640x480,30,0,21.5,22.0,18.0,24.5,22.5,2526.9,56.97,1800.0,throttled=0x0,0.0,0.97,0,806
2026-07-11 20:59:31,test,1,640x480,30,0,21.1,20.0,20.2,23.8,18.8,2527.8,56.97,1100.0,throttled=0x0,0.0,0.96,0,806
2026-07-11 20:59:32,test,1,640x480,30,0,26.7,28.0,26.7,26.7,25.2,2530.0,56.97,1800.0,throttled=0x0,0.0,0.95,0,809
2026-07-11 20:59:33,test,1,640x480,30,0,20.5,21.4,18.2,26.7,17.0,2515.1,56.97,1800.0,throttled=0x0,0.0,0.97,0,806
2026-07-11 20:59:34,test,1,640x480,30,0,15.9,21.0,14.0,12.6,15.0,2514.9,56.48,1800.0,throttled=0x0,0.0,0.97,0,806
2026-07-11 20:59:35,test,1,640x480,30,0,19.6,18.0,22.5,17.6,20.0,2513.3,56.48,1800.0,throttled=0x0,0.0,0.97,0,806
2026-07-11 20:59:36,test,1,640x480,30,0,24.3,23.5,24.3,22.8,25.7,2514.6,56.97,900.0,throttled=0x0,0.0,0.97,0,809
2026-07-11 20:59:37,test,1,640x480,30,0,22.5,26.4,19.8,22.6,22.1,2514.0,55.99,1800.0,throttled=0x0,0.0,0.96,0,807
2026-07-11 20:59:38,test,1,640x480,30,0,18.9,15.0,22.1,24.0,16.0,2513.3,55.99,1800.0,throttled=0x0,0.7,0.97,0,804
2026-07-11 20:59:39,test,1,640x480,30,0,19.0,18.8,21.8,16.0,16.8,2513.3,56.48,1800.0,throttled=0x0,0.0,0.97,0,804
2026-07-11 20:59:40,test,1,640x480,30,0,18.3,18.2,18.6,19.4,17.8,2513.5,55.5,1800.0,throttled=0x0,0.0,0.97,0,802
2026-07-11 20:59:41,test,1,640x480,30,0,22.9,21.0,21.2,24.0,24.8,2513.3,55.99,1000.0,throttled=0x0,0.0,0.97,0,804
2026-07-11 20:59:42,test,1,640x480,30,0,20.5,24.3,18.3,17.8,21.8,2510.6,56.97,1800.0,throttled=0x0,0.0,0.95,0,801
2026-07-11 20:59:43,test,1,640x480,30,0,18.2,16.2,19.4,18.6,19.2,2511.5,55.5,1800.0,throttled=0x0,0.0,0.97,0,801
2026-07-11 20:59:44,test,1,640x480,30,0,28.5,26.3,34.3,28.7,23.8,2513.8,55.99,1800.0,throttled=0x0,0.2,0.97,0,806
2026-07-11 20:59:45,test,1,640x480,30,0,22.0,15.0,26.5,14.1,31.4,2520.8,56.48,1800.0,throttled=0x0,0.0,0.97,0,828
2026-07-11 20:59:46,test,1,640x480,30,0,7.2,7.9,6.0,7.8,6.9,2523.2,57.45,900.0,throttled=0x0,0.0,0.98,0,831
2026-07-11 20:59:47,test,1,640x480,30,0,8.1,12.6,7.8,7.8,5.9,2524.5,55.5,700.0,throttled=0x0,0.0,0.96,0,828
2026-07-11 20:59:48,test,1,640x480,30,0,6.8,10.6,5.8,6.8,3.9,2524.4,55.99,1800.0,throttled=0x0,0.0,0.96,0,828
2026-07-11 20:59:49,test,1,640x480,30,0,6.9,10.8,7.8,4.0,4.9,2525.1,55.99,1800.0,throttled=0x0,0.0,0.98,0,827
2026-07-11 20:59:50,test,1,640x480,30,0,6.2,8.7,6.9,5.0,4.0,2524.9,55.5,1800.0,throttled=0x0,0.0,0.98,0,827
2026-07-11 20:59:51,test,1,640x480,30,0,7.8,9.7,7.0,7.8,5.9,2524.9,55.5,1800.0,throttled=0x0,0.0,0.98,0,830
2026-07-11 20:59:52,test,1,640x480,30,0,5.8,4.9,5.9,8.7,4.0,2524.3,55.02,700.0,throttled=0x0,0.0,0.97,0,827
2026-07-11 20:59:53,test,1,640x480,30,0,7.7,6.7,5.8,13.3,4.8,2525.0,55.02,1800.0,throttled=0x0,0.0,0.96,0,827
2026-07-11 20:59:54,test,1,640x480,30,0,4.7,4.9,4.9,7.8,2.0,2525.0,55.5,1800.0,throttled=0x0,0.0,0.98,0,827
2026-07-11 20:59:55,test,1,640x480,30,0,5.6,5.9,6.9,4.0,4.9,2525.4,55.5,1800.0,throttled=0x0,0.0,0.98,0,827
2026-07-11 20:59:56,test,1,640x480,30,0,6.9,6.9,7.8,8.7,5.8,2525.6,54.53,1800.0,throttled=0x0,0.2,0.98,0,830
2026-07-11 20:59:57,test,1,640x480,30,0,5.7,4.0,6.0,5.9,5.0,2525.4,55.02,700.0,throttled=0x0,0.0,0.98,0,827
2026-07-11 20:59:58,test,1,640x480,30,0,6.5,3.9,5.7,11.4,5.7,2525.7,55.02,1800.0,throttled=0x0,0.7,0.96,0,827
2026-07-11 20:59:59,test,1,640x480,30,0,4.4,3.0,3.0,5.8,4.9,2525.9,55.02,1800.0,throttled=0x0,0.0,0.98,0,827
2026-07-11 21:00:01,test,1,640x480,30,0,6.4,5.0,6.8,7.8,6.9,2526.1,55.02,1800.0,throttled=0x0,0.0,0.98,0,827
2026-07-11 21:00:02,test,1,640x480,30,0,6.9,9.7,7.0,5.9,5.0,2527.8,55.02,1800.0,throttled=0x0,0.0,0.98,0,830
2026-07-11 21:00:03,test,1,640x480,30,0,6.2,4.0,8.8,5.9,4.0,2527.6,55.02,700.0,throttled=0x0,0.0,0.97,0,827
2026-07-11 21:00:04,test,1,640x480,30,0,7.4,5.8,14.2,5.7,4.9,2527.9,54.04,1800.0,throttled=0x0,3.4,0.95,0,827
2026-07-11 21:00:05,test,1,640x480,30,0,4.5,5.0,7.8,2.0,4.9,2527.8,55.02,1800.0,throttled=0x0,3.7,0.98,0,827
2026-07-11 21:00:06,test,1,640x480,30,0,6.8,5.8,9.7,6.9,4.9,2528.8,55.5,1800.0,throttled=0x0,0.0,0.98,0,827
2026-07-11 21:00:07,test,1,640x480,30,0,6.6,6.9,7.8,4.9,5.9,2528.4,54.04,1800.0,throttled=0x0,0.0,0.98,0,828
2026-07-11 21:00:08,test,1,640x480,30,0,6.4,5.0,6.9,5.9,5.9,2528.6,54.53,700.0,throttled=0x0,0.0,0.98,0,827
2026-07-11 21:00:09,test,1,640x480,30,0,7.5,5.8,9.7,9.4,6.7,2525.3,54.53,1800.0,throttled=0x0,0.0,0.96,0,827
2026-07-11 21:00:10,test,1,640x480,30,0,6.6,6.7,10.9,4.9,4.0,2525.1,54.04,1800.0,throttled=0x0,0.2,0.97,0,828
2026-07-11 21:00:11,test,1,640x480,30,0,7.1,5.8,5.8,7.7,7.9,2527.8,54.53,1800.0,throttled=0x0,0.0,0.98,0,831
2026-07-11 21:00:12,test,1,640x480,30,0,29.3,31.4,27.0,27.7,31.1,2520.5,55.02,1800.0,throttled=0x0,0.0,0.98,0,828
2026-07-11 21:00:13,test,1,640x480,30,0,5.0,4.0,5.8,3.0,7.0,2520.5,54.04,700.0,throttled=0x0,0.0,0.98,0,828
2026-07-11 21:00:14,test,1,640x480,30,0,13.2,14.6,8.6,20.2,11.3,2518.5,55.02,1800.0,throttled=0x0,0.0,0.96,0,828
2026-07-11 21:00:15,test,1,640x480,30,0,6.4,5.0,5.9,8.7,7.8,2505.9,54.53,1800.0,throttled=0x0,0.2,0.98,0,805
2026-07-11 21:00:16,test,1,640x480,30,0,7.1,5.0,7.0,3.0,9.8,2507.4,54.04,1800.0,throttled=0x0,0.0,0.98,0,808
2026-07-11 21:00:17,test,1,640x480,30,0,4.7,5.8,4.0,4.9,5.0,2507.6,54.04,1800.0,throttled=0x0,0.0,0.98,0,805
2026-07-11 21:00:18,test,1,640x480,30,0,5.2,5.0,4.9,5.8,5.9,2507.8,54.53,1800.0,throttled=0x0,0.0,0.98,0,804
2026-07-11 21:00:19,test,1,640x480,30,0,6.9,4.9,6.9,5.0,9.9,2508.1,55.02,1800.0,throttled=0x0,0.0,0.98,0,804
2026-07-11 21:00:20,test,1,640x480,30,0,11.0,11.7,7.9,10.6,12.0,2510.5,54.53,1800.0,throttled=0x0,3.9,0.98,0,809
2026-07-11 21:00:21,test,1,640x480,30,0,10.1,14.9,12.6,7.0,8.0,2517.4,54.53,1800.0,throttled=0x0,0.0,0.98,0,834
2026-07-11 21:00:22,test,1,640x480,30,0,5.2,5.0,4.0,5.9,5.9,2517.5,54.53,1800.0,throttled=0x0,0.0,0.98,0,830
2026-07-11 21:00:23,test,1,640x480,30,0,4.2,5.8,4.0,3.9,5.0,2517.0,54.04,1800.0,throttled=0x0,0.0,0.98,0,830
2026-07-11 21:00:24,test,1,640x480,30,0,9.8,7.8,10.5,7.8,11.3,2516.7,54.04,600.0,throttled=0x0,0.0,0.96,0,830
2026-07-11 21:00:25,test,1,640x480,30,0,10.4,9.8,12.3,8.7,11.8,2516.2,54.04,700.0,throttled=0x0,0.0,0.95,0,829
2026-07-11 21:00:26,test,1,640x480,30,0,7.2,4.8,4.9,6.7,11.7,2518.9,54.53,1800.0,throttled=0x0,0.2,0.96,0,832
2026-07-11 21:00:27,test,1,640x480,30,0,5.9,4.9,5.0,3.9,9.7,2518.6,53.56,1800.0,throttled=0x0,0.0,0.98,0,829
2026-07-11 21:00:28,test,1,640x480,30,0,5.4,6.9,5.8,4.9,4.0,2518.2,53.56,1800.0,throttled=0x0,0.0,0.98,0,829
2026-07-11 21:00:29,test,1,640x480,30,0,33.6,27.6,44.6,35.6,27.5,2521.5,53.56,1800.0,throttled=0x0,0.0,0.98,0,829
2026-07-11 21:00:30,test,1,640x480,30,0,32.4,39.6,28.0,24.5,37.4,2522.5,55.5,800.0,throttled=0x0,0.0,0.95,0,829
2026-07-11 21:00:31,test,1,640x480,30,0,70.7,69.9,72.5,72.6,68.6,2526.2,55.99,1800.0,throttled=0x0,0.0,0.95,0,835
2026-07-11 21:00:32,test,1,640x480,30,0,26.4,32.4,24.0,27.7,20.0,2526.7,54.53,1800.0,throttled=0x0,0.0,0.97,0,832
2026-07-11 21:00:33,test,1,640x480,30,0,47.5,42.4,44.4,53.4,49.0,2527.3,55.99,1800.0,throttled=0x0,0.5,0.97,0,832
2026-07-11 21:00:34,test,1,640x480,30,0,39.2,45.0,35.6,40.4,37.1,2528.8,55.5,1800.0,throttled=0x0,0.0,0.96,0,832
2026-07-11 21:00:36,test,1,640x480,30,0,26.6,28.7,25.7,26.0,27.2,2529.3,55.99,900.0,throttled=0x0,0.0,0.97,0,832
2026-07-11 21:00:37,test,1,640x480,30,0,49.4,49.0,56.3,48.0,43.6,2529.4,55.99,1800.0,throttled=0x0,0.0,0.96,0,835
2026-07-11 21:00:38,test,1,640x480,30,0,24.1,16.5,25.7,25.2,27.6,2530.2,56.97,1800.0,throttled=0x0,0.0,0.97,0,833
2026-07-11 21:00:39,test,1,640x480,30,0,38.3,41.2,42.7,34.7,36.6,2527.3,56.48,1800.0,throttled=0x0,0.3,0.97,0,831
2026-07-11 21:00:40,test,1,640x480,30,0,57.2,50.0,49.0,51.0,77.7,2521.2,56.48,1800.0,throttled=0x0,0.0,0.97,0,830
2026-07-11 21:00:41,test,1,640x480,30,0,43.1,42.4,44.4,44.6,40.2,2523.1,56.97,1100.0,throttled=0x0,0.0,0.97,0,830
2026-07-11 21:00:42,test,1,640x480,30,0,25.9,37.5,18.8,21.6,24.5,2524.3,56.97,1800.0,throttled=0x0,0.0,0.95,0,832
2026-07-11 21:00:43,test,1,640x480,30,0,19.6,18.6,25.5,24.0,12.0,2524.5,56.97,1800.0,throttled=0x0,0.0,0.96,0,830
2026-07-11 21:00:44,test,1,640x480,30,0,19.4,18.2,18.6,14.1,25.7,2523.6,57.45,1800.0,throttled=0x0,0.0,0.97,0,828
2026-07-11 21:00:45,test,1,640x480,30,0,27.8,22.5,31.3,33.3,25.2,2523.7,56.97,1800.0,throttled=0x0,0.0,0.96,0,828
2026-07-11 21:00:46,test,1,640x480,30,0,23.8,25.7,20.8,19.0,27.9,2525.4,55.5,1100.0,throttled=0x0,0.0,0.97,0,831
2026-07-11 21:00:47,test,1,640x480,30,0,22.9,21.6,19.0,24.3,25.5,2524.7,56.97,1800.0,throttled=0x0,0.0,0.95,0,828
2026-07-11 21:00:48,test,1,640x480,30,0,23.9,24.0,20.8,20.6,32.0,2527.0,56.97,1800.0,throttled=0x0,0.0,0.97,0,828
2026-07-11 21:00:49,test,1,640x480,30,0,20.0,20.2,20.0,21.2,18.8,2526.8,55.99,1800.0,throttled=0x0,0.0,0.97,0,828
2026-07-11 21:00:50,test,1,640x480,30,0,23.3,21.2,25.0,27.9,18.0,2528.1,55.5,1800.0,throttled=0x0,2.7,0.97,0,803
2026-07-11 21:00:51,test,1,640x480,30,0,32.4,33.3,28.2,33.3,35.3,2521.2,56.48,1800.0,throttled=0x0,0.0,0.96,0,806
2026-07-11 21:00:52,test,1,640x480,30,0,55.3,60.6,58.8,51.0,51.0,2521.5,56.97,1800.0,throttled=0x0,0.0,0.97,0,803
2026-07-11 21:00:53,test,1,640x480,30,0,22.5,19.6,22.8,25.0,21.6,2521.2,57.45,1800.0,throttled=0x0,0.0,0.97,0,803
2026-07-11 21:00:54,test,1,640x480,30,0,19.5,17.6,25.2,12.9,21.9,2518.9,56.48,1800.0,throttled=0x0,0.0,0.97,0,802
2026-07-11 21:00:55,test,1,640x480,30,0,17.0,14.9,19.0,15.2,18.8,2519.9,56.97,1800.0,throttled=0x0,0.0,0.98,0,798
2026-07-11 21:00:56,test,1,640x480,30,0,46.5,48.0,51.0,41.6,45.2,2514.3,57.45,1000.0,throttled=0x0,0.0,0.97,0,801
2026-07-11 21:00:57,test,1,640x480,30,0,21.0,21.7,20.6,23.1,19.4,2512.9,55.99,1800.0,throttled=0x0,0.0,0.96,0,798
2026-07-11 21:00:58,test,1,640x480,30,0,17.6,20.2,16.7,15.8,17.8,2513.6,57.45,1800.0,throttled=0x0,0.0,0.97,0,798
2026-07-11 21:00:59,test,1,640x480,30,0,16.7,22.3,14.0,16.8,12.7,2513.3,56.48,1800.0,throttled=0x0,0.5,0.97,0,798
2026-07-11 21:01:00,test,1,640x480,30,0,19.0,19.8,20.2,17.1,19.8,2513.9,55.99,1800.0,throttled=0x0,0.0,0.97,0,798
2026-07-11 21:01:01,test,1,640x480,30,0,44.1,47.5,46.5,39.8,42.4,2514.6,57.45,900.0,throttled=0x0,0.0,0.97,0,801
2026-07-11 21:01:02,test,1,640x480,30,0,50.0,47.6,50.5,48.5,53.3,2510.9,57.94,1800.0,throttled=0x0,0.0,0.95,0,798
2026-07-11 21:01:04,test,1,640x480,30,0,76.8,82.1,77.2,68.5,78.4,2488.7,57.94,1800.0,throttled=0x0,0.0,0.87,0,800
2026-07-11 21:01:05,test,1,640x480,30,0,44.1,50.5,40.6,36.7,49.0,2489.6,57.45,1800.0,throttled=0x0,0.0,0.96,0,800
2026-07-11 21:01:06,test,1,640x480,30,0,41.8,46.7,37.6,35.9,47.1,2492.0,58.91,1800.0,throttled=0x0,0.0,0.96,0,802
2026-07-11 21:01:07,test,1,640x480,30,0,52.5,51.5,48.0,60.8,49.0,2490.0,57.94,1800.0,throttled=0x0,0.0,0.97,0,800
2026-07-11 21:01:08,test,1,640x480,30,0,58.8,55.3,59.6,54.4,67.6,2490.5,59.4,1800.0,throttled=0x0,0.0,0.96,0,800
2026-07-11 21:01:09,test,1,640x480,30,0,48.7,50.0,47.1,48.1,49.0,2488.5,57.94,1800.0,throttled=0x0,0.0,0.96,0,800
2026-07-11 21:01:10,test,1,640x480,30,0,23.6,22.5,24.5,20.8,24.3,2487.0,57.94,1800.0,throttled=0x0,0.2,0.96,0,801
2026-07-11 21:01:11,test,1,640x480,30,0,31.8,36.5,30.7,31.4,28.3,2488.4,57.94,1800.0,throttled=0x0,0.0,0.97,0,805
2026-07-11 21:01:12,test,1,640x480,30,0,59.7,68.6,61.2,50.5,60.0,2488.7,57.45,1800.0,throttled=0x0,0.0,0.97,0,802
2026-07-11 21:01:13,test,1,640x480,30,0,29.7,36.3,28.3,27.0,27.1,2491.4,58.91,1800.0,throttled=0x0,0.0,0.97,0,802
2026-07-11 21:01:14,test,1,640x480,30,0,24.0,22.1,25.2,28.0,19.6,2492.1,57.45,1800.0,throttled=0x0,0.0,0.97,0,803
2026-07-11 21:01:15,test,1,640x480,30,0,19.7,17.3,18.2,22.8,19.8,2491.5,58.43,1800.0,throttled=0x0,0.0,0.98,0,803
2026-07-11 21:01:16,test,1,640x480,30,0,24.2,23.3,22.8,24.3,28.2,2490.4,57.94,1800.0,throttled=0x0,0.0,0.97,0,806
2026-07-11 21:01:17,test,1,640x480,30,0,23.1,21.6,24.3,22.5,24.8,2490.4,56.97,1000.0,throttled=0x0,0.0,0.96,0,803
2026-07-11 21:01:18,test,1,640x480,30,0,21.4,22.1,19.6,23.1,20.0,2488.5,57.45,1800.0,throttled=0x0,0.0,0.95,0,802
2026-07-11 21:01:19,test,1,640x480,30,0,19.0,21.8,15.0,21.6,17.8,2488.7,57.45,1800.0,throttled=0x0,0.0,0.98,0,801
2026-07-11 21:01:20,test,1,640x480,30,0,18.4,18.2,12.2,24.3,17.5,2486.2,56.97,1800.0,throttled=0x0,0.0,0.97,0,799
2026-07-11 21:01:21,test,1,640x480,30,0,22.8,21.0,27.9,21.4,22.3,2486.5,56.48,1800.0,throttled=0x0,0.0,0.97,0,802
2026-07-11 21:01:22,test,1,640x480,30,0,20.0,23.5,19.6,17.2,19.4,2487.3,56.97,900.0,throttled=0x0,0.0,0.97,0,799
2026-07-11 21:01:23,test,1,640x480,30,0,19.8,21.4,17.8,19.8,18.4,2486.8,57.94,1800.0,throttled=0x0,0.0,0.96,0,799
2026-07-11 21:01:24,test,1,640x480,30,0,22.1,22.5,22.8,23.5,21.0,2487.0,57.94,1800.0,throttled=0x0,0.0,0.97,0,799
2026-07-11 21:01:25,test,1,640x480,30,0,19.5,19.6,19.4,17.5,21.4,2485.8,56.48,1800.0,throttled=0x0,0.0,0.97,0,799
2026-07-11 21:01:26,test,1,640x480,30,0,20.0,20.0,22.8,20.4,17.2,2486.3,56.97,1800.0,throttled=0x0,0.0,0.97,0,802
2026-07-11 21:01:27,test,1,640x480,30,0,21.3,24.8,20.6,20.2,19.4,2486.7,56.97,900.0,throttled=0x0,0.0,0.96,0,799
2026-07-11 21:01:28,test,1,640x480,30,0,21.0,22.5,19.8,19.6,21.4,2486.2,55.99,1800.0,throttled=0x0,0.0,0.96,0,799
2026-07-11 21:01:29,test,1,640x480,30,0,19.9,19.8,27.5,16.8,15.0,2486.4,56.97,1800.0,throttled=0x0,0.0,0.97,0,799
2026-07-11 21:01:31,test,1,640x480,30,0,18.5,22.1,23.5,15.0,13.0,2483.6,57.45,1800.0,throttled=0x0,0.0,0.97,0,799
2026-07-11 21:01:32,test,1,640x480,30,0,22.6,18.8,25.5,22.3,24.0,2485.2,57.45,1800.0,throttled=0x0,0.2,0.97,0,802
2026-07-11 21:01:33,test,1,640x480,30,0,47.7,47.6,44.7,50.0,49.0,2481.0,56.48,1800.0,throttled=0x0,0.0,0.97,0,799
2026-07-11 21:01:34,test,1,640x480,30,0,19.0,17.0,17.2,20.8,19.8,2479.4,55.99,1800.0,throttled=0x0,0.0,0.97,0,799
2026-07-11 21:01:35,test,1,640x480,30,0,19.3,19.6,22.9,17.5,16.0,2476.3,56.97,1800.0,throttled=0x0,0.0,0.97,0,799
2026-07-11 21:01:36,test,1,640x480,30,0,21.9,23.5,15.3,20.2,27.4,2478.8,56.48,1800.0,throttled=0x0,0.0,0.97,0,800
2026-07-11 21:01:37,test,1,640x480,30,0,19.7,20.4,20.4,18.4,21.2,2477.7,57.45,1800.0,throttled=0x0,0.0,0.96,0,799
2026-07-11 21:01:38,test,1,640x480,30,0,21.5,26.5,17.2,20.4,22.8,2477.4,56.97,1000.0,throttled=0x0,0.0,0.96,0,799
2026-07-11 21:01:39,test,1,640x480,30,0,20.5,22.2,16.7,20.4,21.9,2477.4,56.97,1800.0,throttled=0x0,0.0,0.95,0,799
2026-07-11 21:01:40,test,1,640x480,30,0,18.6,16.2,17.0,22.1,18.2,2477.6,56.97,1800.0,throttled=0x0,0.0,0.98,0,798
2026-07-11 21:01:41,test,1,640x480,30,0,22.7,22.5,20.4,22.5,25.7,2479.4,57.45,1800.0,throttled=0x0,0.0,0.97,0,801
2026-07-11 21:01:42,test,1,640x480,30,0,21.8,24.5,20.6,21.8,19.4,2479.8,56.48,1800.0,throttled=0x0,0.0,0.97,0,798
2026-07-11 21:01:43,test,1,640x480,30,0,20.3,19.8,22.3,20.4,19.8,2479.9,56.97,900.0,throttled=0x0,0.0,0.96,0,798
2026-07-11 21:01:44,test,1,640x480,30,0,22.0,21.2,22.5,18.4,25.0,2479.1,57.45,1800.0,throttled=0x0,0.0,0.95,0,796
2026-07-11 21:01:45,test,1,640x480,30,0,21.9,24.3,23.1,23.8,17.3,2479.8,56.48,1800.0,throttled=0x0,0.0,0.97,0,796
2026-07-11 21:01:46,test,1,640x480,30,0,21.5,23.2,19.8,21.8,21.2,2480.9,55.99,1800.0,throttled=0x0,0.0,0.97,0,799
2026-07-11 21:01:47,test,1,640x480,30,0,21.6,26.9,21.4,18.8,17.6,2481.5,56.48,1800.0,throttled=0x0,0.0,0.97,0,796
2026-07-11 21:01:48,test,1,640x480,30,0,20.6,17.0,22.4,20.8,23.3,2481.1,56.97,900.0,throttled=0x0,0.2,0.97,0,796
2026-07-11 21:01:49,test,1,640x480,30,0,21.0,24.8,19.6,16.8,23.5,2481.2,56.97,1800.0,throttled=0x0,0.0,0.95,0,796
2026-07-11 21:01:50,test,1,640x480,30,0,18.4,19.0,23.0,17.5,14.0,2481.8,55.99,1800.0,throttled=0x0,0.0,0.97,0,796
2026-07-11 21:01:51,test,1,640x480,30,0,22.2,22.8,22.8,20.2,22.3,2482.9,56.48,1800.0,throttled=0x0,0.0,0.97,0,799
2026-07-11 21:01:52,test,1,640x480,30,0,20.2,17.0,21.0,21.7,21.4,2482.6,57.45,1800.0,throttled=0x0,0.0,0.97,0,796
2026-07-11 21:01:53,test,1,640x480,30,0,20.4,19.6,17.0,21.8,23.5,2482.9,57.94,1000.0,throttled=0x0,0.0,0.97,0,796
2026-07-11 21:01:54,test,1,640x480,30,0,21.9,24.3,21.5,21.6,20.4,2482.5,56.97,1800.0,throttled=0x0,0.0,0.96,0,796
2026-07-11 21:01:55,test,1,640x480,30,0,18.7,17.0,19.2,17.5,20.4,2482.2,55.99,1800.0,throttled=0x0,0.0,0.97,0,796
2026-07-11 21:01:56,test,1,640x480,30,0,22.5,23.5,20.0,23.8,22.5,2483.8,56.97,1800.0,throttled=0x0,0.0,0.97,0,799
2026-07-11 21:01:57,test,1,640x480,30,0,20.3,21.4,21.0,16.8,23.3,2484.3,55.99,1800.0,throttled=0x0,0.0,0.97,0,796
2026-07-11 21:01:58,test,1,640x480,30,0,22.8,22.8,21.6,20.4,25.0,2484.3,56.48,900.0,throttled=0x0,1.0,0.97,0,796
2026-07-11 21:01:59,test,1,640x480,30,0,21.2,20.6,21.4,19.4,25.2,2484.4,56.97,1800.0,throttled=0x0,0.0,0.96,0,796
2026-07-11 21:02:01,test,1,640x480,30,0,19.6,20.6,17.9,19.6,19.2,2484.3,57.94,1800.0,throttled=0x0,0.0,0.97,0,796
2026-07-11 21:02:02,test,1,640x480,30,0,23.5,26.9,23.0,23.3,20.0,2485.2,57.45,1800.0,throttled=0x0,0.0,0.97,0,799
2026-07-11 21:02:03,test,1,640x480,30,0,22.8,22.0,19.4,22.9,26.7,2485.1,56.48,1800.0,throttled=0x0,0.0,0.96,0,796
2026-07-11 21:02:04,test,1,640x480,30,0,20.0,21.2,19.2,20.0,20.2,2485.1,56.97,900.0,throttled=0x0,0.0,0.97,0,796
2026-07-11 21:02:05,test,1,640x480,30,0,20.5,23.1,20.2,16.5,21.9,2485.3,57.45,1800.0,throttled=0x0,0.0,0.95,0,796
2026-07-11 21:02:06,test,1,640x480,30,0,24.0,25.5,25.0,24.5,20.0,2487.5,57.94,1800.0,throttled=0x0,0.0,0.97,0,798
2026-07-11 21:02:07,test,1,640x480,30,0,26.0,28.4,25.7,27.3,23.8,2489.8,56.97,1800.0,throttled=0x0,0.2,0.96,0,803
2026-07-11 21:02:08,test,1,640x480,30,0,28.0,31.4,30.7,28.7,20.6,2500.4,57.45,1800.0,throttled=0x0,0.0,0.96,0,826
2026-07-11 21:02:09,test,1,640x480,30,0,19.4,25.2,18.3,16.8,18.6,2500.8,57.45,1000.0,throttled=0x0,0.0,0.97,0,825
2026-07-11 21:02:10,test,1,640x480,30,0,19.6,20.0,17.6,16.7,22.3,2500.2,56.97,1800.0,throttled=0x0,0.0,0.96,0,826
2026-07-11 21:02:11,test,1,640x480,30,0,25.4,24.5,26.0,28.2,23.8,2501.1,57.45,1800.0,throttled=0x0,0.0,0.97,0,829
2026-07-11 21:02:12,test,1,640x480,30,0,21.2,22.3,22.0,21.0,19.8,2501.5,56.97,1800.0,throttled=0x0,0.0,0.97,0,825
2026-07-11 21:02:13,test,1,640x480,30,0,21.0,25.2,21.4,15.2,22.1,2506.1,56.48,1800.0,throttled=0x0,0.0,0.97,0,825
2026-07-11 21:02:14,test,1,640x480,30,0,24.6,35.3,25.0,16.8,20.6,2505.9,55.5,1000.0,throttled=0x0,0.0,0.97,0,827
2026-07-11 21:02:15,test,1,640x480,30,0,21.3,17.5,23.3,21.9,21.4,2505.5,56.97,1800.0,throttled=0x0,0.0,0.96,0,827
2026-07-11 21:02:16,test,1,640x480,30,0,21.2,19.0,22.3,20.6,23.8,2505.5,56.97,1800.0,throttled=0x0,0.0,0.97,0,830
2026-07-11 21:02:17,test,1,640x480,30,0,21.4,17.8,18.4,23.8,25.7,2505.4,57.45,1800.0,throttled=0x0,0.0,0.97,0,826
2026-07-11 21:02:18,test,1,640x480,30,0,18.3,19.6,15.7,19.6,18.0,2505.2,56.48,1800.0,throttled=0x0,0.0,0.97,0,826
2026-07-11 21:02:19,test,1,640x480,30,0,19.4,18.8,20.2,19.8,19.0,2503.9,56.48,900.0,throttled=0x0,0.2,0.97,0,825
2026-07-11 21:02:20,test,1,640x480,30,0,20.0,19.6,21.0,20.2,20.2,2504.0,56.97,1800.0,throttled=0x0,0.0,0.95,0,825
2026-07-11 21:02:21,test,1,640x480,30,0,25.2,26.5,23.1,23.0,26.5,2505.1,56.97,1800.0,throttled=0x0,0.0,0.97,0,828
2026-07-11 21:02:22,test,1,640x480,30,0,20.4,19.8,18.6,22.5,21.4,2504.8,57.94,1800.0,throttled=0x0,0.0,0.97,0,825
2026-07-11 21:02:23,test,1,640x480,30,0,19.2,20.8,17.8,22.1,17.2,2503.1,56.97,1800.0,throttled=0x0,0.0,0.97,0,825
2026-07-11 21:02:24,test,1,640x480,30,0,21.9,19.6,20.6,22.2,23.3,2503.9,56.97,900.0,throttled=0x0,0.0,0.97,0,825
2026-07-11 21:02:25,test,1,640x480,30,0,23.4,28.7,23.1,21.4,21.2,2503.7,56.97,1800.0,throttled=0x0,0.0,0.95,0,825
2026-07-11 21:02:26,test,1,640x480,30,0,21.0,23.8,19.8,21.8,19.8,2506.7,57.45,1800.0,throttled=0x0,0.0,0.98,0,828
2026-07-11 21:02:27,test,1,640x480,30,0,18.9,21.6,19.8,16.0,17.3,2507.5,55.99,1800.0,throttled=0x0,0.0,0.97,0,825
2026-07-11 21:02:28,test,1,640x480,30,0,18.0,18.6,21.0,17.6,13.4,2506.0,56.97,1800.0,throttled=0x0,0.0,0.97,0,825
2026-07-11 21:02:29,test,1,640x480,30,0,19.1,23.8,14.6,16.8,22.3,2505.9,56.97,900.0,throttled=0x0,0.0,0.97,0,825
2026-07-11 21:02:31,test,1,640x480,30,0,20.4,20.8,20.8,17.5,21.4,2506.1,57.45,1800.0,throttled=0x0,0.0,0.95,0,825
2026-07-11 21:02:32,test,1,640x480,30,0,23.0,23.5,22.5,23.5,23.8,2506.7,57.94,1800.0,throttled=0x0,0.0,0.97,0,828
2026-07-11 21:02:33,test,1,640x480,30,0,19.3,21.2,17.0,15.7,21.8,2506.7,56.48,1800.0,throttled=0x0,0.0,0.97,0,825
2026-07-11 21:02:34,test,1,640x480,30,0,18.7,19.6,19.2,14.9,21.6,2505.4,57.94,1800.0,throttled=0x0,0.0,0.97,0,826
2026-07-11 21:02:35,test,1,640x480,30,0,19.6,20.6,22.2,13.7,20.0,2505.7,56.48,900.0,throttled=0x0,0.2,0.97,0,826
2026-07-11 21:02:36,test,1,640x480,30,0,25.0,24.8,27.4,25.0,24.3,2506.7,56.97,1800.0,throttled=0x0,0.0,0.96,0,828
2026-07-11 21:02:37,test,1,640x480,30,0,20.7,19.4,20.0,25.7,20.8,2507.1,57.45,1800.0,throttled=0x0,0.0,0.96,0,824
2026-07-11 21:02:38,test,1,640x480,30,0,20.8,23.5,19.8,18.2,19.4,2506.4,56.97,1800.0,throttled=0x0,0.0,0.97,0,824
2026-07-11 21:02:39,test,1,640x480,30,0,17.7,15.6,18.6,16.5,19.6,2506.7,57.45,1800.0,throttled=0x0,0.0,0.97,0,824
2026-07-11 21:02:40,test,1,640x480,30,0,19.5,18.0,21.2,21.0,16.7,2507.2,57.94,900.0,throttled=0x0,0.0,0.97,0,823
2026-07-11 21:02:41,test,1,640x480,30,0,24.2,23.1,24.0,28.6,20.6,2509.0,56.48,1800.0,throttled=0x0,0.0,0.96,0,826
2026-07-11 21:02:42,test,1,640x480,30,0,21.5,23.5,22.5,16.3,23.5,2509.5,56.97,1800.0,throttled=0x0,0.0,0.97,0,823
2026-07-11 21:02:43,test,1,640x480,30,0,19.9,17.7,22.5,19.8,20.2,2508.9,56.97,1800.0,throttled=0x0,0.0,0.97,0,823
2026-07-11 21:02:44,test,1,640x480,30,0,19.2,20.8,19.2,18.0,17.8,2509.3,55.5,1800.0,throttled=0x0,0.0,0.97,0,821
2026-07-11 21:02:45,test,1,640x480,30,0,20.1,19.0,23.8,17.6,21.6,2510.3,56.48,1800.0,throttled=0x0,0.0,0.97,0,821
2026-07-11 21:02:46,test,1,640x480,30,0,22.4,23.3,21.0,20.0,23.5,2511.5,55.99,1800.0,throttled=0x0,0.0,0.97,0,824
2026-07-11 21:02:47,test,1,640x480,30,0,21.3,18.0,19.4,25.2,24.0,2511.0,57.45,1800.0,throttled=0x0,0.0,0.96,0,821
2026-07-11 21:02:48,test,1,640x480,30,0,19.9,19.6,20.8,16.8,20.8,2511.0,56.97,1800.0,throttled=0x0,0.0,0.97,0,821
2026-07-11 21:02:49,test,1,640x480,30,0,39.1,43.1,39.8,36.3,38.8,2507.4,57.94,1800.0,throttled=0x0,0.0,0.97,0,821
2026-07-11 21:02:50,test,1,640x480,30,0,20.9,20.2,24.0,18.0,20.4,2507.6,57.94,1100.0,throttled=0x0,0.0,0.97,0,821
2026-07-11 21:02:51,test,1,640x480,30,0,24.3,27.2,25.2,22.3,21.8,2499.0,55.99,1800.0,throttled=0x0,0.2,0.96,0,801
2026-07-11 21:02:52,test,1,640x480,30,0,20.1,22.1,20.8,20.4,18.0,2499.2,56.97,1800.0,throttled=0x0,0.0,0.97,0,798
2026-07-11 21:02:53,test,1,640x480,30,0,18.2,19.8,19.4,16.0,15.8,2499.7,55.99,1800.0,throttled=0x0,0.0,0.97,0,798
2026-07-11 21:02:54,test,1,640x480,30,0,20.3,17.0,19.0,23.1,23.0,2499.6,56.48,1800.0,throttled=0x0,0.0,0.97,0,797
2026-07-11 21:02:55,test,1,640x480,30,0,19.4,22.4,14.1,22.8,17.2,2499.4,56.48,800.0,throttled=0x0,0.0,0.97,0,797
2026-07-11 21:02:56,test,1,640x480,30,0,22.3,20.2,24.5,20.6,23.8,2501.4,56.97,1800.0,throttled=0x0,0.0,0.95,0,800
2026-07-11 21:02:57,test,1,640x480,30,0,26.1,30.2,27.9,23.3,25.2,2503.2,56.48,1800.0,throttled=0x0,0.5,0.97,0,802
2026-07-11 21:02:58,test,1,640x480,30,0,27.9,26.9,26.3,22.2,35.0,2510.6,57.45,1800.0,throttled=0x0,0.0,0.97,0,824
2026-07-11 21:02:59,test,1,640x480,30,0,20.1,22.8,19.8,20.4,15.2,2511.5,56.48,1800.0,throttled=0x0,0.0,0.97,0,824
2026-07-11 21:03:01,test,1,640x480,30,0,19.7,17.2,23.5,20.6,20.0,2511.3,56.48,1000.0,throttled=0x0,0.0,0.97,0,824
2026-07-11 21:03:02,test,1,640x480,30,0,49.9,56.2,49.1,46.7,46.7,2497.1,56.97,1800.0,throttled=0x0,0.0,0.94,0,826
2026-07-11 21:03:03,test,1,640x480,30,0,22.2,27.2,21.4,19.6,21.2,2497.2,57.45,1800.0,throttled=0x0,0.0,0.97,0,823
2026-07-11 21:03:04,test,1,640x480,30,0,19.5,17.3,20.0,17.3,22.8,2496.7,58.91,1800.0,throttled=0x0,0.0,0.97,0,823
2026-07-11 21:03:05,test,1,640x480,30,0,19.3,17.0,23.6,17.8,18.0,2496.6,56.97,1800.0,throttled=0x0,0.0,0.97,0,823
2026-07-11 21:03:06,test,1,640x480,30,0,23.2,23.8,24.3,20.8,24.5,2497.2,57.94,1800.0,throttled=0x0,0.0,0.97,0,822
2026-07-11 21:03:07,test,1,640x480,30,0,19.4,17.8,17.0,22.9,19.8,2500.3,55.99,1800.0,throttled=0x0,0.0,0.96,0,823
2026-07-11 21:03:08,test,1,640x480,30,0,21.6,23.8,21.7,20.6,20.0,2498.8,57.45,1800.0,throttled=0x0,0.0,0.97,0,821
2026-07-11 21:03:09,test,1,640x480,30,0,18.5,17.3,21.4,19.0,15.8,2498.5,57.45,1800.0,throttled=0x0,0.0,0.97,0,821
2026-07-11 21:03:10,test,1,640x480,30,0,20.8,22.3,23.1,17.0,21.4,2498.7,57.45,1800.0,throttled=0x0,0.2,0.97,0,822
2026-07-11 21:03:11,test,1,640x480,30,0,24.6,25.7,25.2,23.5,23.0,2499.5,56.97,1800.0,throttled=0x0,0.0,0.97,0,825
2026-07-11 21:03:12,test,1,640x480,30,0,17.9,16.8,16.2,16.2,22.9,2499.5,57.45,1800.0,throttled=0x0,0.0,0.97,0,822
2026-07-11 21:03:13,test,1,640x480,30,0,20.4,20.8,20.6,17.8,21.4,2497.0,57.45,1800.0,throttled=0x0,0.0,0.97,0,822
2026-07-11 21:03:14,test,1,640x480,30,0,20.6,22.3,21.2,18.0,22.0,2497.0,56.97,1800.0,throttled=0x0,0.0,0.97,0,822
2026-07-11 21:03:15,test,1,640x480,30,0,19.4,21.0,21.2,21.0,15.7,2496.4,56.48,1800.0,throttled=0x0,0.0,0.97,0,822
2026-07-11 21:03:16,test,1,640x480,30,0,28.6,29.8,23.2,26.3,34.7,2498.7,56.48,1000.0,throttled=0x0,0.0,0.97,0,827
2026-07-11 21:03:17,test,1,640x480,30,0,23.0,25.2,27.1,17.8,21.6,2497.8,56.97,1800.0,throttled=0x0,0.0,0.95,0,824
2026-07-11 21:03:18,test,1,640x480,30,0,18.3,13.1,20.0,21.0,17.2,2497.2,56.97,1800.0,throttled=0x0,0.0,0.97,0,824
2026-07-11 21:03:19,test,1,640x480,30,0,18.7,18.8,20.6,16.7,19.2,2497.1,57.94,1800.0,throttled=0x0,0.0,0.97,0,824
2026-07-11 21:03:20,test,1,640x480,30,0,21.0,19.6,23.0,17.8,22.9,2496.6,56.48,1800.0,throttled=0x0,0.0,0.97,0,824
2026-07-11 21:03:21,test,1,640x480,30,0,20.9,20.2,28.0,16.0,20.4,2498.4,57.45,1000.0,throttled=0x0,0.0,0.97,0,826
2026-07-11 21:03:22,test,1,640x480,30,0,21.9,23.1,20.6,18.3,23.8,2497.6,56.48,1800.0,throttled=0x0,0.0,0.96,0,823
2026-07-11 21:03:23,test,1,640x480,30,0,17.4,18.6,14.1,20.6,17.6,2497.2,56.48,1800.0,throttled=0x0,0.0,0.98,0,823
2026-07-11 21:03:24,test,1,640x480,30,0,17.8,16.7,19.0,14.4,20.0,2497.0,55.5,1800.0,throttled=0x0,0.0,0.97,0,823
2026-07-11 21:03:25,test,1,640x480,30,0,18.0,21.4,15.0,17.2,20.2,2497.3,57.45,1800.0,throttled=0x0,0.0,0.97,0,823
2026-07-11 21:03:26,test,1,640x480,30,0,20.2,25.7,16.8,18.8,17.6,2499.1,56.97,800.0,throttled=0x0,0.2,0.97,0,826
2026-07-11 21:03:27,test,1,640x480,30,0,20.9,23.1,21.0,24.5,15.7,2498.2,56.97,1800.0,throttled=0x0,0.0,0.94,0,820
2026-07-11 21:03:28,test,1,640x480,30,0,22.3,25.7,23.3,18.4,23.3,2487.9,57.45,1800.0,throttled=0x0,0.2,0.96,0,798
2026-07-11 21:03:29,test,1,640x480,30,0,20.9,17.2,27.5,19.0,17.8,2486.8,56.97,1800.0,throttled=0x0,0.0,0.97,0,798
2026-07-11 21:03:30,test,1,640x480,30,0,19.5,21.9,21.4,14.7,19.8,2487.0,56.97,1800.0,throttled=0x0,0.0,0.97,0,798
2026-07-11 21:03:32,test,1,640x480,30,0,23.6,25.7,25.2,20.2,22.2,2488.2,57.45,1000.0,throttled=0x0,0.0,0.97,0,800
2026-07-11 21:03:33,test,1,640x480,30,0,23.2,22.6,22.3,24.3,25.2,2487.4,56.48,1800.0,throttled=0x0,0.0,0.95,0,797
2026-07-11 21:03:34,test,1,640x480,30,0,19.1,19.4,18.3,16.8,23.0,2488.1,57.94,1800.0,throttled=0x0,0.2,0.98,0,797
2026-07-11 21:03:35,test,1,640x480,30,0,16.2,17.2,14.1,17.5,15.0,2488.3,57.45,1800.0,throttled=0x0,0.0,0.98,0,797
2026-07-11 21:03:36,test,1,640x480,30,0,18.2,20.8,18.6,19.2,13.3,2489.7,57.94,1800.0,throttled=0x0,0.0,0.97,0,799
2026-07-11 21:03:37,test,1,640x480,30,0,23.4,24.5,23.3,23.1,22.3,2490.7,56.97,1000.0,throttled=0x0,0.0,0.97,0,800
2026-07-11 21:03:38,test,1,640x480,30,0,21.5,22.1,23.3,21.0,20.2,2490.5,56.48,1800.0,throttled=0x0,0.0,0.96,0,797
2026-07-11 21:03:39,test,1,640x480,30,0,19.5,18.8,19.6,21.4,18.0,2490.3,57.45,1800.0,throttled=0x0,0.0,0.97,0,796
2026-07-11 21:03:40,test,1,640x480,30,0,19.3,16.0,21.8,16.5,22.0,2489.7,57.45,1800.0,throttled=0x0,0.0,0.98,0,795
2026-07-11 21:03:41,test,1,640x480,30,0,24.9,26.7,26.7,21.6,25.0,2490.7,57.45,1800.0,throttled=0x0,0.0,0.97,0,798
2026-07-11 21:03:42,test,1,640x480,30,0,20.6,20.6,20.6,21.6,20.4,2490.3,56.48,900.0,throttled=0x0,0.0,0.96,0,795
2026-07-11 21:03:43,test,1,640x480,30,0,21.8,21.0,22.3,20.6,21.4,2490.2,57.94,1800.0,throttled=0x0,0.0,0.95,0,795
2026-07-11 21:03:44,test,1,640x480,30,0,27.9,30.0,29.8,26.7,29.0,2492.7,57.45,1800.0,throttled=0x0,0.2,0.97,0,801
2026-07-11 21:03:45,test,1,640x480,30,0,32.4,28.7,31.4,29.7,37.9,2502.1,57.94,1800.0,throttled=0x0,0.0,0.96,0,824
2026-07-11 21:03:46,test,1,640x480,30,0,27.7,29.3,23.0,29.1,28.2,2505.6,57.45,1800.0,throttled=0x0,0.0,0.97,0,825
2026-07-11 21:03:47,test,1,640x480,30,0,22.4,21.0,20.4,23.1,26.0,2505.7,56.48,900.0,throttled=0x0,0.0,0.97,0,822
2026-07-11 21:03:48,test,1,640x480,30,0,19.4,19.2,18.6,22.3,17.5,2505.6,56.97,1800.0,throttled=0x0,0.0,0.95,0,821
2026-07-11 21:03:49,test,1,640x480,30,0,20.8,21.4,19.6,20.4,21.0,2505.3,57.45,1800.0,throttled=0x0,0.2,0.97,0,821
2026-07-11 21:03:50,test,1,640x480,30,0,17.1,20.8,14.3,15.3,17.8,2504.5,57.45,1800.0,throttled=0x0,0.0,0.97,0,821
2026-07-11 21:03:51,test,1,640x480,30,0,20.5,22.1,17.6,21.0,22.0,2507.2,57.94,1800.0,throttled=0x0,0.0,0.98,0,824
2026-07-11 21:03:52,test,1,640x480,30,0,19.2,20.2,15.2,17.2,23.5,2506.5,56.48,1800.0,throttled=0x0,0.0,0.97,0,821
2026-07-11 21:03:53,test,1,640x480,30,0,21.9,26.7,19.6,23.2,19.6,2506.3,56.48,1800.0,throttled=0x0,0.0,0.97,0,823
2026-07-11 21:03:54,test,1,640x480,30,0,21.7,23.5,17.2,23.8,21.6,2506.7,56.48,1800.0,throttled=0x0,0.0,0.98,0,823
2026-07-11 21:03:55,test,1,640x480,30,0,19.3,22.8,16.7,16.8,20.2,2507.4,57.45,1800.0,throttled=0x0,0.0,0.97,0,823
2026-07-11 21:03:56,test,1,640x480,30,0,21.2,18.4,18.8,22.5,24.8,2508.5,57.45,1800.0,throttled=0x0,0.0,0.97,0,826
2026-07-11 21:03:57,test,1,640x480,30,0,20.6,18.8,24.5,19.4,20.0,2508.1,56.97,1000.0,throttled=0x0,0.0,0.96,0,823
2026-07-11 21:03:58,test,1,640x480,30,0,22.1,23.3,21.7,21.0,23.1,2506.7,55.5,1800.0,throttled=0x0,0.0,0.96,0,823
2026-07-11 21:03:59,test,1,640x480,30,0,20.8,17.0,22.3,25.0,17.8,2506.4,56.97,1800.0,throttled=0x0,0.0,0.97,0,823
2026-07-11 21:04:00,test,1,640x480,30,0,19.1,20.8,20.0,14.9,19.8,2505.7,57.94,1800.0,throttled=0x0,0.0,0.97,0,823
2026-07-11 21:04:02,test,1,640x480,30,0,21.1,21.8,16.8,24.5,22.8,2507.1,57.45,1800.0,throttled=0x0,0.0,0.97,0,826
2026-07-11 21:04:03,test,1,640x480,30,0,20.9,23.1,17.6,20.2,22.1,2507.1,57.94,900.0,throttled=0x0,0.0,0.96,0,823
2026-07-11 21:04:04,test,1,640x480,30,0,19.8,20.6,19.4,19.6,20.0,2506.8,56.97,1800.0,throttled=0x0,0.0,0.95,0,823
2026-07-11 21:04:05,test,1,640x480,30,0,18.9,13.7,20.6,21.9,20.2,2506.3,56.97,1800.0,throttled=0x0,0.0,0.97,0,823
2026-07-11 21:04:06,test,1,640x480,30,0,20.4,22.1,20.8,20.8,17.6,2505.6,57.94,1800.0,throttled=0x0,0.2,0.97,0,824
2026-07-11 21:04:07,test,1,640x480,30,0,23.5,21.6,24.8,25.0,22.1,2506.7,56.48,1800.0,throttled=0x0,0.0,0.96,0,826
2026-07-11 21:04:08,test,1,640x480,30,0,23.3,24.5,20.2,20.8,27.2,2506.6,57.94,1800.0,throttled=0x0,0.0,0.97,0,824
2026-07-11 21:04:09,test,1,640x480,30,0,19.3,22.0,19.6,18.0,18.3,2507.0,57.94,1800.0,throttled=0x0,0.0,0.98,0,824
2026-07-11 21:04:10,test,1,640x480,30,0,21.4,21.0,18.3,21.6,23.3,2506.3,56.48,1800.0,throttled=0x0,0.0,0.97,0,825
2026-07-11 21:04:11,test,1,640x480,30,0,23.7,22.8,27.4,24.3,21.4,2508.4,56.97,1800.0,throttled=0x0,0.0,0.97,0,828
2026-07-11 21:04:12,test,1,640x480,30,0,18.1,21.8,15.7,16.0,18.8,2509.2,56.97,1800.0,throttled=0x0,0.0,0.97,0,825
2026-07-11 21:04:13,test,1,640x480,30,0,43.9,44.6,39.2,47.1,44.7,2495.5,57.94,1000.0,throttled=0x0,0.0,0.97,0,825
2026-07-11 21:04:14,test,1,640x480,30,0,21.5,21.8,23.5,22.8,17.3,2494.2,57.94,1800.0,throttled=0x0,0.0,0.96,0,823
2026-07-11 21:04:15,test,1,640x480,30,0,19.2,19.0,14.3,25.0,19.6,2493.9,56.97,1800.0,throttled=0x0,1.2,0.97,0,824
2026-07-11 21:04:16,test,1,640x480,30,0,27.1,23.5,31.7,28.4,22.9,2494.8,57.45,1800.0,throttled=0x0,0.0,0.97,0,829
2026-07-11 21:04:17,test,1,640x480,30,0,19.9,22.1,20.2,17.0,20.8,2494.6,57.45,1800.0,throttled=0x0,0.0,0.97,0,826
2026-07-11 21:04:18,test,1,640x480,30,0,19.7,20.6,17.5,19.6,21.0,2494.7,56.97,900.0,throttled=0x0,0.0,0.97,0,826
2026-07-11 21:04:19,test,1,640x480,30,0,20.8,21.5,14.7,24.0,22.9,2494.9,57.94,1800.0,throttled=0x0,0.0,0.95,0,826
2026-07-11 21:04:20,test,1,640x480,30,0,19.8,16.3,24.5,17.0,21.2,2495.1,56.48,1800.0,throttled=0x0,0.0,0.97,0,826
2026-07-11 21:04:21,test,1,640x480,30,0,24.2,25.5,25.3,21.2,24.0,2495.4,56.97,1800.0,throttled=0x0,0.0,0.97,0,829
2026-07-11 21:04:22,test,1,640x480,30,0,18.8,15.8,20.0,21.8,18.2,2495.4,57.45,1800.0,throttled=0x0,0.0,0.97,0,826
2026-07-11 21:04:23,test,1,640x480,30,0,19.0,18.4,16.7,17.5,23.1,2494.8,56.97,1200.0,throttled=0x0,0.0,0.97,0,824
2026-07-11 21:04:24,test,1,640x480,30,0,20.1,21.0,19.2,17.2,23.3,2494.9,56.97,1800.0,throttled=0x0,0.0,0.96,0,824
2026-07-11 21:04:25,test,1,640x480,30,0,18.5,16.7,20.4,16.5,19.2,2494.8,56.97,1800.0,throttled=0x0,0.0,0.97,0,824
2026-07-11 21:04:26,test,1,640x480,30,0,22.1,24.3,20.6,24.3,20.2,2496.3,57.94,1800.0,throttled=0x0,0.0,0.97,0,827
2026-07-11 21:04:27,test,1,640x480,30,0,19.5,17.6,19.4,20.4,21.4,2496.4,57.45,1800.0,throttled=0x0,0.0,0.97,0,824
2026-07-11 21:04:28,test,1,640x480,30,0,18.7,19.4,17.6,19.8,18.0,2496.2,57.45,900.0,throttled=0x0,0.0,0.97,0,822
2026-07-11 21:04:29,test,1,640x480,30,0,21.9,23.5,25.0,19.0,21.0,2496.7,57.45,1800.0,throttled=0x0,0.2,0.96,0,822
2026-07-11 21:04:30,test,1,640x480,30,0,19.2,21.2,15.8,16.7,20.8,2496.7,56.97,1800.0,throttled=0x0,0.0,0.97,0,822
2026-07-11 21:04:31,test,1,640x480,30,0,17.9,18.0,20.6,14.6,19.8,2498.6,58.43,1800.0,throttled=0x0,0.0,0.98,0,825
2026-07-11 21:04:32,test,1,640x480,30,0,20.3,19.6,21.8,19.0,20.4,2498.7,58.43,1800.0,throttled=0x0,0.0,0.97,0,822
2026-07-11 21:04:34,test,1,640x480,30,0,18.4,23.5,12.9,17.8,20.8,2497.4,57.45,900.0,throttled=0x0,0.0,0.97,0,822
2026-07-11 21:04:35,test,1,640x480,30,0,21.5,23.3,20.8,20.2,21.7,2497.5,57.45,1800.0,throttled=0x0,0.0,0.95,0,822
2026-07-11 21:04:36,test,1,640x480,30,0,20.2,21.8,19.8,23.4,15.5,2497.6,56.97,1800.0,throttled=0x0,0.0,0.97,0,822
2026-07-11 21:04:37,test,1,640x480,30,0,21.6,17.8,19.2,20.8,26.9,2498.5,57.45,1800.0,throttled=0x0,0.0,0.97,0,825
2026-07-11 21:04:38,test,1,640x480,30,0,19.5,16.5,21.8,22.5,17.8,2497.5,57.45,1800.0,throttled=0x0,0.0,0.97,0,822
2026-07-11 21:04:39,test,1,640x480,30,0,21.6,15.5,23.0,23.5,24.5,2497.7,57.94,1000.0,throttled=0x0,0.0,0.97,0,822
2026-07-11 21:04:40,test,1,640x480,30,0,20.0,20.6,23.1,20.4,16.8,2497.4,57.94,1800.0,throttled=0x0,0.0,0.96,0,821
2026-07-11 21:04:41,test,1,640x480,30,0,23.2,26.2,24.5,23.0,18.6,2500.2,57.45,1800.0,throttled=0x0,0.0,0.97,0,824
2026-07-11 21:04:42,test,1,640x480,30,0,18.5,18.0,18.0,23.5,15.0,2499.1,56.97,1800.0,throttled=0x0,0.2,0.97,0,821
2026-07-11 21:04:43,test,1,640x480,30,0,19.8,20.6,18.6,17.0,21.6,2499.7,56.97,1800.0,throttled=0x0,0.0,0.98,0,821
2026-07-11 21:04:44,test,1,640x480,30,0,22.1,25.2,20.0,20.4,21.6,2499.0,57.45,900.0,throttled=0x0,0.0,0.97,0,822
2026-07-11 21:04:45,test,1,640x480,30,0,27.0,25.0,22.5,31.1,30.1,2499.5,57.45,1800.0,throttled=0x0,0.0,0.96,0,822
2026-07-11 21:04:46,test,1,640x480,30,0,24.0,23.0,25.5,25.5,23.0,2501.3,57.45,1800.0,throttled=0x0,0.0,0.98,0,823
2026-07-11 21:04:47,test,1,640x480,30,0,21.5,21.2,21.2,24.5,17.0,2502.3,57.94,1800.0,throttled=0x0,0.0,0.97,0,820
2026-07-11 21:04:48,test,1,640x480,30,0,19.0,19.0,18.6,19.0,19.6,2501.8,57.94,1800.0,throttled=0x0,2.9,0.97,0,820
2026-07-11 21:04:49,test,1,640x480,30,0,19.1,19.6,16.5,15.7,24.5,2501.8,56.48,900.0,throttled=0x0,0.0,0.97,0,820
2026-07-11 21:04:50,test,1,640x480,30,0,23.1,23.1,24.3,21.0,23.5,2501.5,57.45,1800.0,throttled=0x0,0.0,0.95,0,820
2026-07-11 21:04:51,test,1,640x480,30,0,22.3,23.2,21.2,24.5,22.0,2502.8,56.97,1800.0,throttled=0x0,0.2,0.97,0,823
2026-07-11 21:04:52,test,1,640x480,30,0,19.0,20.6,15.2,20.2,18.4,2502.0,57.45,1800.0,throttled=0x0,0.0,0.97,0,820
2026-07-11 21:04:53,test,1,640x480,30,0,17.7,18.0,17.8,20.6,15.0,2502.1,57.94,1800.0,throttled=0x0,0.0,0.97,0,820
2026-07-11 21:04:54,test,1,640x480,30,0,22.1,21.4,22.3,21.8,23.3,2502.3,56.97,1000.0,throttled=0x0,0.0,0.97,0,820
2026-07-11 21:04:55,test,1,640x480,30,0,27.1,26.7,25.0,33.7,24.0,2502.4,57.45,1800.0,throttled=0x0,0.0,0.96,0,820
2026-07-11 21:04:56,test,1,640x480,30,0,26.1,25.3,31.7,27.0,18.0,2506.1,57.45,1800.0,throttled=0x0,0.0,0.98,0,824
2026-07-11 21:04:57,test,1,640x480,30,0,21.4,20.0,17.5,28.2,19.8,2505.9,57.94,1800.0,throttled=0x0,0.0,0.97,0,821
2026-07-11 21:04:58,test,1,640x480,30,0,21.9,22.5,23.5,21.6,20.4,2505.3,57.45,1800.0,throttled=0x0,0.0,0.97,0,821
2026-07-11 21:04:59,test,1,640x480,30,0,20.6,19.8,20.8,20.2,21.8,2504.9,56.97,900.0,throttled=0x0,0.2,0.97,0,821
2026-07-11 21:05:00,test,1,640x480,30,0,20.2,21.4,23.3,17.3,19.6,2504.7,57.45,1800.0,throttled=0x0,0.0,0.97,0,821
2026-07-11 21:05:01,test,1,640x480,30,0,20.4,21.6,20.4,18.0,21.6,2507.4,57.94,1800.0,throttled=0x0,0.0,0.97,0,824
2026-07-11 21:05:02,test,1,640x480,30,0,19.3,15.0,19.0,18.6,24.5,2506.5,56.97,1800.0,throttled=0x0,0.0,0.97,0,821
2026-07-11 21:05:03,test,1,640x480,30,0,19.2,16.5,20.2,18.4,21.6,2505.7,58.43,1800.0,throttled=0x0,0.0,0.97,0,821
2026-07-11 21:05:05,test,1,640x480,30,0,20.8,18.2,18.8,26.9,19.6,2505.4,55.99,1000.0,throttled=0x0,0.0,0.97,0,821
2026-07-11 21:05:06,test,1,640x480,30,0,22.6,21.0,20.4,23.8,22.9,2505.5,57.94,1800.0,throttled=0x0,0.0,0.95,0,821
2026-07-11 21:05:07,test,1,640x480,30,0,21.8,22.2,22.3,18.2,26.0,2507.6,57.94,1800.0,throttled=0x0,0.0,0.97,0,824
2026-07-11 21:05:08,test,1,640x480,30,0,20.0,22.3,21.6,14.0,21.4,2507.4,57.45,1800.0,throttled=0x0,0.0,0.97,0,821
2026-07-11 21:05:09,test,1,640x480,30,0,22.1,23.0,18.0,21.4,25.2,2506.9,57.94,1800.0,throttled=0x0,0.0,0.97,0,821
2026-07-11 21:05:10,test,1,640x480,30,0,20.0,24.5,21.0,18.2,18.6,2506.6,56.48,1100.0,throttled=0x0,0.0,0.97,0,822
2026-07-11 21:05:11,test,1,640x480,30,0,25.2,24.0,25.0,25.0,24.5,2507.6,58.43,1800.0,throttled=0x0,0.0,0.96,0,825
2026-07-11 21:05:12,test,1,640x480,30,0,20.6,19.6,23.6,20.4,19.6,2507.8,56.48,1800.0,throttled=0x0,0.0,0.96,0,822
2026-07-11 21:05:13,test,1,640x480,30,0,18.0,20.6,22.5,15.2,15.2,2507.3,57.45,1800.0,throttled=0x0,0.0,0.97,0,822
2026-07-11 21:05:14,test,1,640x480,30,0,17.9,16.3,17.6,21.8,13.3,2507.6,56.97,1800.0,throttled=0x0,0.0,0.97,0,821
2026-07-11 21:05:15,test,1,640x480,30,0,16.7,13.4,18.4,21.8,15.0,2507.5,57.45,900.0,throttled=0x0,0.0,0.97,0,821
2026-07-11 21:05:16,test,1,640x480,30,0,33.5,40.4,34.0,26.2,32.0,2509.8,57.45,1800.0,throttled=0x0,0.0,0.96,0,826
2026-07-11 21:05:17,test,1,640x480,30,0,21.5,22.8,22.5,23.2,18.6,2507.6,57.45,1800.0,throttled=0x0,0.2,0.98,0,823
2026-07-11 21:05:18,test,1,640x480,30,0,19.0,24.0,18.4,19.4,12.1,2508.1,57.45,1800.0,throttled=0x0,0.0,0.97,0,823
2026-07-11 21:05:19,test,1,640x480,30,0,17.2,18.4,20.6,15.8,13.3,2508.0,58.43,1800.0,throttled=0x0,0.0,0.97,0,823
2026-07-11 21:05:20,test,1,640x480,30,0,21.4,25.0,20.0,20.0,21.9,2507.8,58.43,900.0,throttled=0x0,0.0,0.97,0,823
2026-07-11 21:05:21,test,1,640x480,30,0,23.2,23.5,21.8,22.1,25.2,2508.6,57.45,1800.0,throttled=0x0,0.0,0.95,0,826
2026-07-11 21:05:22,test,1,640x480,30,0,19.2,20.6,16.7,22.3,16.0,2509.0,57.45,1800.0,throttled=0x0,0.0,0.97,0,823
2026-07-11 21:05:23,test,1,640x480,30,0,19.3,18.2,21.6,17.2,19.8,2509.8,57.45,1800.0,throttled=0x0,0.0,0.97,0,823
2026-07-11 21:05:24,test,1,640x480,30,0,18.2,17.0,17.3,14.3,24.3,2509.8,56.48,1800.0,throttled=0x0,0.3,0.98,0,824
2026-07-11 21:05:25,test,1,640x480,30,0,19.7,19.2,19.4,23.5,17.2,2509.3,56.97,1200.0,throttled=0x0,0.0,0.97,0,825
2026-07-11 21:05:26,test,1,640x480,30,0,23.1,25.2,24.2,24.0,19.8,2498.6,57.45,1800.0,throttled=0x0,3.7,0.96,0,805
2026-07-11 21:05:27,test,1,640x480,30,0,19.0,15.2,22.5,19.4,17.8,2498.2,57.94,1800.0,throttled=0x0,0.0,0.97,0,802
2026-07-11 21:05:28,test,1,640x480,30,0,20.1,20.8,22.9,17.8,20.4,2498.1,56.97,1800.0,throttled=0x0,0.0,0.97,0,802
2026-07-11 21:05:29,test,1,640x480,30,0,18.4,18.8,15.3,18.6,18.2,2497.5,56.97,1800.0,throttled=0x0,0.0,0.97,0,802
2026-07-11 21:05:30,test,1,640x480,30,0,19.8,20.6,20.6,20.6,18.6,2497.3,56.48,900.0,throttled=0x0,0.0,0.97,0,801
2026-07-11 21:05:31,test,1,640x480,30,0,23.7,29.9,20.4,22.3,21.8,2500.3,58.43,1800.0,throttled=0x0,0.0,0.96,0,804
2026-07-11 21:05:32,test,1,640x480,30,0,21.0,20.0,25.0,20.4,19.4,2500.5,58.43,1800.0,throttled=0x0,0.0,0.97,0,801
2026-07-11 21:05:33,test,1,640x480,30,0,18.6,15.8,15.7,17.8,24.0,2499.6,56.48,1800.0,throttled=0x0,0.0,0.97,0,801
2026-07-11 21:05:34,test,1,640x480,30,0,17.5,18.2,15.2,16.8,19.0,2499.3,57.45,1800.0,throttled=0x0,0.0,0.97,0,801
2026-07-11 21:05:36,test,1,640x480,30,0,21.0,25.7,17.6,18.0,22.5,2499.3,56.97,900.0,throttled=0x0,0.0,0.97,0,801
2026-07-11 21:05:37,test,1,640x480,30,0,24.1,22.5,25.0,22.4,26.4,2500.3,56.48,1800.0,throttled=0x0,0.0,0.95,0,805
2026-07-11 21:05:38,test,1,640x480,30,0,18.4,18.6,15.8,21.0,19.8,2500.3,58.43,1800.0,throttled=0x0,0.0,0.97,0,802
2026-07-11 21:05:39,test,1,640x480,30,0,21.5,27.2,20.2,17.0,20.4,2501.1,57.94,1800.0,throttled=0x0,0.2,0.98,0,802
2026-07-11 21:05:40,test,1,640x480,30,0,18.2,22.3,14.9,17.8,17.8,2501.0,56.97,1800.0,throttled=0x0,0.0,0.97,0,801
2026-07-11 21:05:41,test,1,640x480,30,0,22.4,23.0,25.0,20.8,20.0,2501.2,57.94,1800.0,throttled=0x0,0.0,0.97,0,801
2026-07-11 21:05:42,test,1,640x480,30,0,23.2,23.8,23.8,18.8,26.2,2501.7,58.43,1800.0,throttled=0x0,0.0,0.96,0,804
2026-07-11 21:05:43,test,1,640x480,30,0,20.4,21.6,17.8,18.8,24.0,2501.7,56.97,1800.0,throttled=0x0,0.0,0.97,0,801
2026-07-11 21:05:44,test,1,640x480,30,0,19.7,17.8,22.1,18.0,21.0,2501.4,57.45,1800.0,throttled=0x0,0.0,0.97,0,801
2026-07-11 21:05:45,test,1,640x480,30,0,18.5,19.2,17.3,21.0,16.5,2501.6,57.94,1800.0,throttled=0x0,0.0,0.97,0,801
2026-07-11 21:05:46,test,1,640x480,30,0,25.4,21.8,27.2,27.2,24.8,2502.1,56.97,1800.0,throttled=0x0,0.0,0.97,0,799
2026-07-11 21:05:47,test,1,640x480,30,0,19.5,22.1,19.6,14.1,21.8,2503.1,57.45,1800.0,throttled=0x0,0.0,0.98,0,796
2026-07-11 21:05:48,test,1,640x480,30,0,18.7,17.8,21.2,18.8,17.2,2503.2,56.97,1800.0,throttled=0x0,0.0,0.97,0,796
2026-07-11 21:05:49,test,1,640x480,30,0,19.4,21.8,26.7,14.1,16.0,2503.6,58.43,1800.0,throttled=0x0,0.0,0.97,0,796
2026-07-11 21:05:50,test,1,640x480,30,0,17.4,20.2,14.0,18.8,15.0,2504.2,58.43,1800.0,throttled=0x0,0.0,0.97,0,796
2026-07-11 21:05:51,test,1,640x480,30,0,23.9,26.7,23.5,22.0,23.8,2505.8,56.48,1800.0,throttled=0x0,2.2,0.97,0,799
2026-07-11 21:05:52,test,1,640x480,30,0,18.5,18.4,15.5,21.2,19.6,2505.6,55.99,1800.0,throttled=0x0,0.0,0.97,0,795
2026-07-11 21:05:53,test,1,640x480,30,0,19.3,19.2,17.6,21.2,18.3,2506.0,56.48,1800.0,throttled=0x0,0.0,0.97,0,795
2026-07-11 21:05:54,test,1,640x480,30,0,20.0,22.0,21.4,16.2,21.4,2504.9,56.97,1800.0,throttled=0x0,0.0,0.97,0,795
2026-07-11 21:05:55,test,1,640x480,30,0,18.9,19.4,17.8,18.8,18.6,2507.0,57.45,1800.0,throttled=0x0,0.0,0.97,0,795
2026-07-11 21:05:56,test,1,640x480,30,0,24.6,29.7,20.6,22.8,25.2,2509.1,57.45,1800.0,throttled=0x0,0.0,0.97,0,798
2026-07-11 21:05:57,test,1,640x480,30,0,21.3,20.8,19.6,21.6,22.5,2509.6,57.45,1800.0,throttled=0x0,0.2,0.97,0,795
2026-07-11 21:05:58,test,1,640x480,30,0,17.6,20.2,14.9,18.0,17.6,2509.0,57.94,1800.0,throttled=0x0,0.0,0.97,0,795
2026-07-11 21:05:59,test,1,640x480,30,0,19.7,19.2,18.6,21.6,19.4,2508.7,57.45,1800.0,throttled=0x0,0.0,0.97,0,795
2026-07-11 21:06:00,test,1,640x480,30,0,19.1,21.9,17.6,18.3,20.6,2508.7,57.94,1800.0,throttled=0x0,0.0,0.98,0,795
2026-07-11 21:06:01,test,1,640x480,30,0,24.4,27.2,26.7,21.0,22.0,2510.4,55.99,1200.0,throttled=0x0,0.0,0.97,0,798
2026-07-11 21:06:02,test,1,640x480,30,0,20.7,21.0,20.4,23.0,18.4,2510.8,57.94,1800.0,throttled=0x0,0.0,0.96,0,795
2026-07-11 21:06:03,test,1,640x480,30,0,19.1,19.2,17.2,22.1,15.8,2511.0,56.97,1800.0,throttled=0x0,0.0,0.97,0,795
2026-07-11 21:06:04,test,1,640x480,30,0,19.8,19.0,18.6,16.3,25.7,2511.0,57.94,1800.0,throttled=0x0,0.0,0.98,0,795
2026-07-11 21:06:05,test,1,640x480,30,0,20.8,19.0,18.0,22.0,24.3,2511.2,57.94,1800.0,throttled=0x0,0.0,0.97,0,795
2026-07-11 21:06:06,test,1,640x480,30,0,20.3,18.8,25.0,17.8,19.6,2513.4,57.45,900.0,throttled=0x0,0.0,0.97,0,796
2026-07-11 21:06:08,test,1,640x480,30,0,23.4,23.4,25.0,21.0,22.5,2513.2,57.45,1800.0,throttled=0x0,0.2,0.96,0,793
2026-07-11 21:06:09,test,1,640x480,30,0,22.4,23.5,20.8,22.3,22.8,2512.7,57.94,1800.0,throttled=0x0,0.0,0.97,0,794
2026-07-11 21:06:10,test,1,640x480,30,0,20.0,22.3,16.2,22.5,21.4,2513.2,57.94,1800.0,throttled=0x0,0.0,0.97,0,795
2026-07-11 21:06:11,test,1,640x480,30,0,18.5,18.4,24.0,16.5,14.0,2513.5,57.94,1800.0,throttled=0x0,0.0,0.97,0,795
2026-07-11 21:06:12,test,1,640x480,30,0,24.4,30.1,22.8,19.4,24.2,2513.9,56.97,1200.0,throttled=0x0,0.0,0.97,0,798
2026-07-11 21:06:13,test,1,640x480,30,0,19.0,21.8,17.2,20.4,17.5,2513.4,57.45,1800.0,throttled=0x0,0.0,0.96,0,795
2026-07-11 21:06:14,test,1,640x480,30,0,19.0,17.8,21.8,14.7,21.6,2514.0,57.94,1800.0,throttled=0x0,0.0,0.97,0,795
2026-07-11 21:06:15,test,1,640x480,30,0,20.7,20.8,19.8,23.1,20.0,2514.3,57.45,1800.0,throttled=0x0,0.0,0.97,0,795
2026-07-11 21:06:16,test,1,640x480,30,0,29.3,32.0,29.8,26.0,28.7,2515.2,58.43,1800.0,throttled=0x0,0.0,0.97,0,800
2026-07-11 21:06:17,test,1,640x480,30,0,21.7,24.0,21.2,19.2,22.5,2516.1,58.43,900.0,throttled=0x0,0.0,0.97,0,797
2026-07-11 21:06:18,test,1,640x480,30,0,23.4,25.0,22.0,26.2,18.8,2517.2,56.97,1800.0,throttled=0x0,0.0,0.97,0,797
2026-07-11 21:06:19,test,1,640x480,30,0,45.5,47.4,50.5,44.3,42.2,2517.6,58.91,1800.0,throttled=0x0,0.0,0.97,0,797
2026-07-11 21:06:20,test,1,640x480,30,0,63.4,58.8,62.7,66.0,65.4,2518.5,59.4,1800.0,throttled=0x0,0.2,0.95,0,797
2026-07-11 21:06:21,test,1,640x480,30,0,49.8,45.5,55.2,49.5,48.6,2496.3,58.43,1800.0,throttled=0x0,0.0,0.97,0,802
2026-07-11 21:06:22,test,1,640x480,30,0,85.5,88.2,85.1,85.3,83.2,2508.8,59.89,1800.0,throttled=0x0,5.8,0.96,0,806
2026-07-11 21:06:23,test,1,640x480,30,0,84.0,84.5,80.8,83.7,85.4,2513.0,60.37,1800.0,throttled=0x0,0.0,0.96,0,833
2026-07-11 21:06:24,test,1,640x480,30,0,44.0,46.5,41.7,38.8,49.5,2528.8,59.4,1800.0,throttled=0x0,0.0,0.95,0,827
2026-07-11 21:06:25,test,1,640x480,30,0,85.9,86.1,86.8,87.9,84.1,2072.7,60.37,1800.0,throttled=0x0,3.6,0.93,0,663
2026-07-11 21:06:26,test,1,640x480,30,0,42.6,46.5,36.4,49.5,37.9,1794.0,60.37,1800.0,throttled=0x0,5.9,0.97,0,583
2026-07-11 21:06:27,test,1,640x480,30,0,20.1,19.6,16.3,24.5,21.0,1790.5,59.4,1800.0,throttled=0x0,0.0,0.98,0,580
2026-07-11 21:06:28,test,1,640x480,30,0,39.8,42.6,40.0,36.4,39.2,1790.4,59.89,1800.0,throttled=0x0,0.0,0.98,0,581
2026-07-11 21:06:29,test,1,640x480,30,0,35.2,34.4,36.0,40.4,30.0,1788.3,59.4,1800.0,throttled=0x0,0.0,0.97,0,581
2026-07-11 21:06:30,test,1,640x480,30,0,20.5,21.7,14.7,25.7,18.6,1787.6,60.37,1800.0,throttled=0x0,0.0,0.98,0,580
2026-07-11 21:06:31,test,1,640x480,30,0,13.8,14.0,14.7,14.7,12.5,1786.7,58.91,1800.0,throttled=0x0,0.0,0.98,0,583
2026-07-11 21:06:32,test,1,640x480,30,0,13.2,13.1,11.2,14.6,13.9,1781.2,57.94,900.0,throttled=0x0,0.0,0.97,0,580
2026-07-11 21:06:33,test,1,640x480,30,0,16.6,20.6,18.1,12.5,15.4,1780.8,57.94,1800.0,throttled=0x0,0.0,0.96,0,580
2026-07-11 21:06:34,test,1,640x480,30,0,20.8,27.2,22.0,20.6,15.0,1781.0,57.94,1800.0,throttled=0x0,0.2,0.98,0,580
2026-07-11 21:06:35,test,1,640x480,30,0,38.7,40.0,42.2,38.2,33.3,1775.2,58.43,1800.0,throttled=0x0,0.0,0.98,0,580
2026-07-11 21:06:36,test,1,640x480,30,0,15.7,17.0,16.7,14.1,15.0,1775.0,57.94,1800.0,throttled=0x0,0.0,0.98,0,581
2026-07-11 21:06:37,test,1,640x480,30,0,25.8,24.5,26.7,28.3,23.5,1768.4,59.89,1800.0,throttled=0x0,0.0,0.98,0,580
2026-07-11 21:06:39,test,1,640x480,30,0,39.4,41.2,39.8,39.2,37.9,1769.4,59.89,1800.0,throttled=0x0,1.2,0.94,0,580
2026-07-11 21:06:40,test,1,640x480,30,0,29.4,31.4,27.6,27.5,30.7,1765.0,58.43,1800.0,throttled=0x0,9.5,0.98,0,574
2026-07-11 21:06:41,test,1,640x480,30,0,18.2,20.2,20.8,15.2,18.2,1765.2,58.91,1800.0,throttled=0x0,0.0,0.97,0,574
2026-07-11 21:06:42,test,1,640x480,30,0,30.0,30.0,33.7,26.7,28.7,1768.1,59.4,1800.0,throttled=0x0,0.0,0.97,0,578
2026-07-11 21:06:43,test,1,640x480,30,0,21.9,24.3,20.0,25.0,18.8,1767.4,57.94,900.0,throttled=0x0,0.0,0.96,0,575
2026-07-11 21:06:44,test,1,640x480,30,0,42.9,51.5,38.8,40.6,39.8,1785.1,58.43,1800.0,throttled=0x0,0.0,0.96,0,575
2026-07-11 21:06:45,test,1,640x480,30,0,75.1,80.2,73.8,71.4,76.2,1786.3,58.91,1800.0,throttled=0x0,1.2,0.97,0,581
2026-07-11 21:06:46,test,1,640x480,30,0,33.1,31.3,37.4,33.3,27.7,1788.9,59.4,1800.0,throttled=0x0,0.0,0.96,0,578
2026-07-11 21:06:47,test,1,640x480,30,0,44.4,49.5,44.1,39.0,45.1,1793.1,57.94,1800.0,throttled=0x0,0.0,0.97,0,575
2026-07-11 21:06:48,test,1,640x480,30,0,19.8,18.2,17.3,21.0,22.8,1782.1,58.91,900.0,throttled=0x0,0.0,0.97,0,575
2026-07-11 21:06:49,test,1,640x480,30,0,23.0,25.2,21.6,22.1,23.1,1782.5,59.4,1800.0,throttled=0x0,0.0,0.95,0,575
2026-07-11 21:06:50,test,1,640x480,30,0,19.9,17.6,19.0,22.8,20.6,1782.3,59.4,1800.0,throttled=0x0,3.2,0.97,0,575
2026-07-11 21:06:51,test,1,640x480,30,0,20.5,20.6,19.2,20.2,21.6,1779.7,58.91,1800.0,throttled=0x0,0.0,0.97,0,578
2026-07-11 21:06:52,test,1,640x480,30,0,18.9,16.7,20.6,22.0,18.6,1781.8,58.91,1800.0,throttled=0x0,0.0,0.97,0,575
2026-07-11 21:06:53,test,1,640x480,30,0,20.1,21.4,20.2,16.7,20.4,1779.5,58.91,900.0,throttled=0x0,0.0,0.97,0,573
2026-07-11 21:06:54,test,1,640x480,30,0,19.7,21.6,20.2,20.4,17.1,1778.3,57.94,1800.0,throttled=0x0,0.0,0.96,0,573
2026-07-11 21:06:55,test,1,640x480,30,0,43.5,46.5,41.6,41.6,44.7,1739.5,59.4,1800.0,throttled=0x0,0.0,0.97,0,569
2026-07-11 21:06:56,test,1,640x480,30,0,22.3,20.2,21.0,24.3,22.5,1736.1,58.91,1800.0,throttled=0x0,0.0,0.97,0,572
2026-07-11 21:06:57,test,1,640x480,30,0,19.2,18.4,22.8,20.2,16.8,1732.0,59.4,1800.0,throttled=0x0,0.0,0.97,0,569
2026-07-11 21:06:58,test,1,640x480,30,0,18.3,24.3,13.0,15.2,19.8,1730.9,58.43,900.0,throttled=0x0,0.0,0.97,0,569
2026-07-11 21:06:59,test,1,640x480,30,0,22.3,23.1,22.5,21.6,22.3,1729.4,58.43,1800.0,throttled=0x0,4.4,0.95,0,569
2026-07-11 21:07:00,test,1,640x480,30,0,20.0,20.6,17.3,24.0,15.7,1727.4,58.91,1800.0,throttled=0x0,0.0,0.97,0,569
2026-07-11 21:07:01,test,1,640x480,30,0,20.3,23.1,22.0,18.0,20.0,1729.1,59.4,1800.0,throttled=0x0,0.0,0.97,0,572
2026-07-11 21:07:02,test,1,640x480,30,0,18.3,16.8,15.2,17.2,21.2,1728.7,58.43,1800.0,throttled=0x0,0.0,0.97,0,569
2026-07-11 21:07:03,test,1,640x480,30,0,27.0,23.8,27.5,29.5,28.0,1727.7,57.45,1800.0,throttled=0x0,0.0,0.97,0,569
2026-07-11 21:07:04,test,1,640x480,30,0,47.7,50.5,45.2,50.0,45.4,1722.7,58.43,1800.0,throttled=0x0,0.0,0.95,0,569
2026-07-11 21:07:05,test,1,640x480,30,0,17.1,17.2,16.8,18.8,16.2,1722.8,58.43,1800.0,throttled=0x0,0.0,0.97,0,569
2026-07-11 21:07:06,test,1,640x480,30,0,22.1,20.6,23.5,23.1,21.6,1723.6,58.91,1800.0,throttled=0x0,0.0,0.97,0,572
2026-07-11 21:07:07,test,1,640x480,30,0,18.5,16.2,15.0,24.0,18.2,1723.3,59.4,1800.0,throttled=0x0,0.0,0.97,0,569
2026-07-11 21:07:08,test,1,640x480,30,0,21.6,19.6,22.5,21.8,20.8,1721.4,58.91,1000.0,throttled=0x0,0.0,0.97,0,569
2026-07-11 21:07:10,test,1,640x480,30,0,19.5,16.8,21.0,23.1,18.8,1722.0,57.45,1800.0,throttled=0x0,0.2,0.96,0,569
2026-07-11 21:07:11,test,1,640x480,30,0,20.4,20.8,23.0,22.4,15.7,1722.7,58.43,1800.0,throttled=0x0,0.0,0.97,0,569
2026-07-11 21:07:12,test,1,640x480,30,0,22.2,20.4,21.6,23.8,22.8,1724.6,58.91,1800.0,throttled=0x0,0.0,0.97,0,572
2026-07-11 21:07:13,test,1,640x480,30,0,20.0,19.2,18.8,22.5,17.0,1724.4,58.43,1800.0,throttled=0x0,0.0,0.97,0,569
2026-07-11 21:07:14,test,1,640x480,30,0,21.2,23.5,15.8,20.8,26.2,1724.1,58.43,1200.0,throttled=0x0,0.0,0.97,0,569
2026-07-11 21:07:15,test,1,640x480,30,0,19.7,16.2,18.0,21.8,23.5,1724.2,57.45,1800.0,throttled=0x0,0.0,0.97,0,568
2026-07-11 21:07:16,test,1,640x480,30,0,20.4,18.6,21.4,17.0,23.1,1724.3,59.4,1800.0,throttled=0x0,0.0,0.97,0,569
2026-07-11 21:07:17,test,1,640x480,30,0,19.6,18.0,18.1,18.6,23.1,1724.9,58.91,1800.0,throttled=0x0,0.0,0.96,0,568
2026-07-11 21:07:18,test,1,640x480,30,0,21.2,24.0,20.6,19.8,20.8,1725.6,58.91,1800.0,throttled=0x0,0.0,0.97,0,568
2026-07-11 21:07:19,test,1,640x480,30,0,18.5,22.3,15.8,18.6,18.4,1726.1,58.43,900.0,throttled=0x0,0.0,0.97,0,568
2026-07-11 21:07:20,test,1,640x480,30,0,22.9,25.5,21.4,23.8,20.8,1727.1,58.91,1800.0,throttled=0x0,0.0,0.95,0,568
2026-07-11 21:07:21,test,1,640x480,30,0,22.2,19.8,25.3,20.4,23.8,1727.5,57.94,1800.0,throttled=0x0,0.0,0.98,0,571
2026-07-11 21:07:22,test,1,640x480,30,0,21.0,20.8,21.4,21.6,19.8,1728.0,57.45,1800.0,throttled=0x0,0.2,0.97,0,568
2026-07-11 21:07:23,test,1,640x480,30,0,18.2,20.8,17.8,15.8,17.6,1728.5,57.94,1800.0,throttled=0x0,0.0,0.97,0,568
2026-07-11 21:07:24,test,1,640x480,30,0,18.9,18.6,21.6,17.2,17.0,1729.1,57.94,900.0,throttled=0x0,0.0,0.97,0,568
2026-07-11 21:07:25,test,1,640x480,30,0,23.4,28.8,19.6,23.6,23.1,1732.7,58.91,1800.0,throttled=0x0,0.0,0.95,0,568
2026-07-11 21:07:26,test,1,640x480,30,0,22.1,23.2,19.0,20.0,27.2,1735.1,57.45,1800.0,throttled=0x0,0.0,0.97,0,571
2026-07-11 21:07:27,test,1,640x480,30,0,17.7,18.4,20.6,15.2,16.0,1735.4,56.97,1800.0,throttled=0x0,0.0,0.97,0,568
2026-07-11 21:07:28,test,1,640x480,30,0,17.4,18.6,17.5,17.8,14.9,1734.1,57.45,1800.0,throttled=0x0,0.0,0.97,0,568
2026-07-11 21:07:29,test,1,640x480,30,0,19.8,22.3,18.6,20.4,17.9,1733.1,56.48,1000.0,throttled=0x0,0.0,0.97,0,568
2026-07-11 21:07:30,test,1,640x480,30,0,19.3,18.2,20.4,17.5,21.9,1733.2,55.99,1800.0,throttled=0x0,0.0,0.96,0,568
2026-07-11 21:07:31,test,1,640x480,30,0,20.7,23.1,21.0,18.8,20.0,1735.2,56.97,1800.0,throttled=0x0,0.0,0.97,0,571
2026-07-11 21:07:32,test,1,640x480,30,0,21.0,19.6,23.3,21.4,19.6,1734.6,56.48,1800.0,throttled=0x0,0.0,0.97,0,568
2026-07-11 21:07:33,test,1,640x480,30,0,18.9,15.2,18.8,22.6,19.4,1733.9,56.48,1800.0,throttled=0x0,0.0,0.97,0,568
2026-07-11 21:07:34,test,1,640x480,30,0,20.8,20.8,19.4,21.0,20.6,1733.9,55.99,900.0,throttled=0x0,0.2,0.97,0,568
2026-07-11 21:07:35,test,1,640x480,30,0,18.2,18.8,17.0,14.9,22.1,1734.4,55.99,1800.0,throttled=0x0,0.0,0.96,0,568
2026-07-11 21:07:36,test,1,640x480,30,0,20.6,23.8,17.0,22.5,19.8,1735.3,55.5,1800.0,throttled=0x0,0.0,0.97,0,571
2026-07-11 21:07:37,test,1,640x480,30,0,21.0,21.6,16.8,23.1,23.1,1735.3,54.53,1800.0,throttled=0x0,0.0,0.97,0,568
2026-07-11 21:07:38,test,1,640x480,30,0,15.4,21.8,12.4,12.2,13.1,1736.0,54.53,1800.0,throttled=0x0,0.0,0.97,0,568
2026-07-11 21:07:39,test,1,640x480,30,0,21.3,21.0,23.6,27.2,14.9,1736.3,54.53,900.0,throttled=0x0,0.0,0.96,0,568
2026-07-11 21:07:41,test,1,640x480,30,0,20.3,18.4,18.4,20.6,22.2,1735.9,54.04,1800.0,throttled=0x0,0.0,0.96,0,568
2026-07-11 21:07:42,test,1,640x480,30,0,20.6,21.6,19.0,22.5,18.4,1736.5,54.53,1800.0,throttled=0x0,0.0,0.98,0,571
2026-07-11 21:07:43,test,1,640x480,30,0,16.9,19.8,14.9,16.2,19.0,1737.6,52.58,1800.0,throttled=0x0,0.0,0.97,0,568
2026-07-11 21:07:44,test,1,640x480,30,0,19.3,20.0,15.8,18.8,22.5,1738.2,52.58,1800.0,throttled=0x0,0.0,0.97,0,568
2026-07-11 21:07:45,test,1,640x480,30,0,20.2,17.3,15.7,21.8,24.3,1738.5,50.63,1000.0,throttled=0x0,0.0,0.97,0,567
2026-07-11 21:07:46,test,1,640x480,30,0,20.4,17.8,22.8,20.4,21.7,1739.0,51.12,1800.0,throttled=0x0,0.0,0.96,0,569
2026-07-11 21:07:47,test,1,640x480,30,0,19.8,18.6,21.8,16.7,22.8,1739.4,50.15,1800.0,throttled=0x0,0.0,0.97,0,570
2026-07-11 21:07:48,test,1,640x480,30,0,20.2,21.6,15.2,22.1,20.2,1739.3,50.15,1800.0,throttled=0x0,0.0,0.97,0,566
2026-07-11 21:07:49,test,1,640x480,30,0,19.1,19.0,18.0,17.6,21.8,1739.5,48.69,1800.0,throttled=0x0,0.0,0.97,0,566
2026-07-11 21:07:50,test,1,640x480,30,0,18.8,20.6,16.0,19.8,19.0,1740.0,48.2,900.0,throttled=0x0,0.0,0.97,0,566
2026-07-11 21:07:51,test,1,640x480,30,0,24.0,27.6,21.4,24.0,23.8,1742.3,49.17,1800.0,throttled=0x0,0.0,0.96,0,569
2026-07-11 21:07:52,test,1,640x480,30,0,21.5,24.3,19.8,19.8,21.8,1742.8,48.69,1800.0,throttled=0x0,0.0,0.97,0,566
2026-07-11 21:07:53,test,1,640x480,30,0,17.2,19.8,16.0,15.8,17.8,1742.7,47.71,1800.0,throttled=0x0,0.0,0.97,0,566
2026-07-11 21:07:54,test,1,640x480,30,0,17.6,18.4,15.7,17.0,17.8,1742.7,47.23,1800.0,throttled=0x0,0.0,0.97,0,566
2026-07-11 21:07:55,test,1,640x480,30,0,20.7,21.6,20.2,19.6,25.2,1743.0,46.74,900.0,throttled=0x0,0.2,0.97,0,566
2026-07-11 21:07:56,test,1,640x480,30,0,24.7,28.2,22.8,21.4,24.3,1744.0,47.71,1800.0,throttled=0x0,0.0,0.95,0,569
2026-07-11 21:07:57,test,1,640x480,30,0,21.5,22.1,26.0,18.1,20.4,1744.3,47.23,1800.0,throttled=0x0,0.0,0.97,0,566
2026-07-11 21:07:58,test,1,640x480,30,0,16.5,21.6,11.3,17.8,14.0,1744.8,45.76,1800.0,throttled=0x0,0.0,0.97,0,566
2026-07-11 21:07:59,test,1,640x480,30,0,17.3,16.3,13.3,17.8,21.4,1745.1,46.74,1800.0,throttled=0x0,0.0,0.97,0,566
2026-07-11 21:08:00,test,1,640x480,30,0,19.2,15.3,24.3,21.0,16.8,1745.4,45.76,1200.0,throttled=0x0,0.0,0.97,0,566
2026-07-11 21:08:01,test,1,640x480,30,0,20.6,18.6,18.6,25.0,18.0,1747.7,47.23,1800.0,throttled=0x0,0.0,0.96,0,569
2026-07-11 21:08:02,test,1,640x480,30,0,18.7,21.4,20.0,20.0,14.7,1747.5,47.71,1800.0,throttled=0x0,0.0,0.97,0,566
2026-07-11 21:08:03,test,1,640x480,30,0,16.9,17.2,18.3,19.2,13.9,1748.2,47.23,1800.0,throttled=0x0,0.0,0.97,0,566
2026-07-11 21:08:04,test,1,640x480,30,0,19.2,17.5,23.3,19.4,16.5,1748.3,46.74,1800.0,throttled=0x0,0.0,0.97,0,566
2026-07-11 21:08:05,test,1,640x480,30,0,16.4,14.0,16.8,18.0,17.5,1748.2,45.76,800.0,throttled=0x0,0.2,0.97,0,566
2026-07-11 21:08:06,test,1,640x480,30,0,20.0,18.8,24.8,19.0,15.8,1751.2,45.76,1800.0,throttled=0x0,0.0,0.96,0,569
2026-07-11 21:08:07,test,1,640x480,30,0,17.7,22.3,13.6,17.0,17.8,1750.1,45.76,1800.0,throttled=0x0,0.0,0.97,0,566
2026-07-11 21:08:08,test,1,640x480,30,0,45.1,44.1,49.0,44.1,43.6,1738.0,46.25,1800.0,throttled=0x0,0.7,0.97,0,567
2026-07-11 21:08:09,test,1,640x480,30,0,20.2,21.0,21.2,21.6,18.3,1737.9,45.76,1800.0,throttled=0x0,0.0,0.95,0,571
2026-07-11 21:08:10,test,1,640x480,30,0,17.1,13.1,18.6,18.6,17.0,1737.0,46.74,900.0,throttled=0x0,0.0,0.97,0,571
2026-07-11 21:08:12,test,1,640x480,30,0,19.7,18.6,15.0,17.8,27.6,1736.3,45.28,1800.0,throttled=0x0,0.0,0.96,0,574
2026-07-11 21:08:13,test,1,640x480,30,0,16.7,16.3,15.0,17.8,16.7,1736.2,45.76,1800.0,throttled=0x0,0.0,0.97,0,571
2026-07-11 21:08:14,test,1,640x480,30,0,18.9,19.2,17.8,18.8,18.6,1736.1,44.79,1800.0,throttled=0x0,0.0,0.97,0,571
2026-07-11 21:08:15,test,1,640x480,30,0,18.1,18.2,21.0,16.2,19.0,1735.6,45.28,1800.0,throttled=0x0,3.0,0.97,0,570
2026-07-11 21:08:16,test,1,640x480,30,0,18.6,16.8,19.6,15.8,23.8,1735.8,45.28,1100.0,throttled=0x0,0.0,0.97,0,570
2026-07-11 21:08:17,test,1,640x480,30,0,24.1,26.5,23.8,21.2,22.3,1737.2,45.28,1800.0,throttled=0x0,0.0,0.95,0,573
2026-07-11 21:08:18,test,1,640x480,30,0,19.2,21.6,14.6,17.8,23.0,1738.3,45.28,1800.0,throttled=0x0,0.0,0.98,0,570
2026-07-11 21:08:19,test,1,640x480,30,0,18.4,17.0,21.9,20.6,14.3,1737.6,45.28,1800.0,throttled=0x0,0.0,0.97,0,566
2026-07-11 21:08:20,test,1,640x480,30,0,17.2,17.3,17.8,18.1,16.3,1737.8,45.28,1800.0,throttled=0x0,0.0,0.98,0,566
2026-07-11 21:08:21,test,1,640x480,30,0,24.1,25.2,25.7,24.0,20.2,1738.1,46.25,900.0,throttled=0x0,0.2,0.97,0,569
2026-07-11 21:08:22,test,1,640x480,30,0,20.1,23.0,17.8,20.6,19.6,1738.7,46.74,1800.0,throttled=0x0,0.0,0.96,0,566
2026-07-11 21:08:23,test,1,640x480,30,0,16.2,15.3,15.0,21.6,14.3,1738.0,46.25,1800.0,throttled=0x0,0.0,0.97,0,566
2026-07-11 21:08:24,test,1,640x480,30,0,18.9,20.0,21.2,18.6,14.7,1738.4,45.76,1800.0,throttled=0x0,0.0,0.97,0,566
2026-07-11 21:08:25,test,1,640x480,30,0,19.3,16.0,20.8,22.9,18.2,1738.1,46.74,1800.0,throttled=0x0,0.0,0.97,0,566
2026-07-11 21:08:26,test,1,640x480,30,0,22.6,21.2,22.2,22.2,22.5,1739.2,46.74,1000.0,throttled=0x0,0.0,0.97,0,569
2026-07-11 21:08:27,test,1,640x480,30,0,20.7,23.6,19.4,21.0,19.6,1738.8,47.23,1800.0,throttled=0x0,0.0,0.95,0,566
2026-07-11 21:08:28,test,1,640x480,30,0,18.2,19.8,18.2,22.1,15.0,1739.2,47.71,1800.0,throttled=0x0,0.2,0.97,0,566
2026-07-11 21:08:29,test,1,640x480,30,0,21.1,18.2,21.6,22.0,20.8,1738.2,47.71,1800.0,throttled=0x0,0.0,0.97,0,566
2026-07-11 21:08:30,test,1,640x480,30,0,18.7,23.8,16.3,13.9,19.0,1738.0,47.23,1800.0,throttled=0x0,0.0,0.97,0,566
2026-07-11 21:08:31,test,1,640x480,30,0,21.0,18.0,19.0,22.0,26.9,1737.7,46.74,1000.0,throttled=0x0,0.0,0.97,0,569
2026-07-11 21:08:32,test,1,640x480,30,0,22.5,25.2,22.9,19.8,20.6,1737.7,48.2,1800.0,throttled=0x0,0.0,0.96,0,566
2026-07-11 21:08:33,test,1,640x480,30,0,17.0,16.5,13.0,19.8,17.3,1738.2,47.71,1800.0,throttled=0x0,0.2,0.97,0,566
2026-07-11 21:08:34,test,1,640x480,30,0,18.7,17.6,19.8,19.6,18.0,1737.8,47.71,1800.0,throttled=0x0,0.0,0.97,0,565
2026-07-11 21:08:35,test,1,640x480,30,0,17.5,18.4,12.1,20.2,18.6,1737.2,47.23,1800.0,throttled=0x0,0.0,0.97,0,565
2026-07-11 21:08:36,test,1,640x480,30,0,19.8,21.6,19.0,19.2,19.8,1738.1,48.2,800.0,throttled=0x0,0.0,0.97,0,568
2026-07-11 21:08:37,test,1,640x480,30,0,21.3,21.9,26.7,18.0,17.6,1738.0,48.2,1800.0,throttled=0x0,0.0,0.96,0,565
2026-07-11 21:08:38,test,1,640x480,30,0,17.1,14.0,20.6,18.6,17.5,1737.2,48.2,1800.0,throttled=0x0,0.0,0.97,0,565
2026-07-11 21:08:39,test,1,640x480,30,0,18.0,19.8,17.0,18.0,17.0,1737.5,47.23,1800.0,throttled=0x0,0.0,0.98,0,565
2026-07-11 21:08:40,test,1,640x480,30,0,18.5,16.5,24.8,18.6,13.1,1738.2,48.69,1800.0,throttled=0x0,0.0,0.97,0,565
2026-07-11 21:08:41,test,1,640x480,30,0,20.5,20.8,23.3,20.0,16.3,1739.6,49.17,900.0,throttled=0x0,0.0,0.97,0,568
2026-07-11 21:08:43,test,1,640x480,30,0,21.0,22.3,20.4,26.9,15.5,1739.1,48.2,1800.0,throttled=0x0,0.0,0.94,0,565
2026-07-11 21:08:44,test,1,640x480,30,0,19.8,19.8,22.4,17.6,19.2,1738.4,48.2,1800.0,throttled=0x0,0.0,0.98,0,565
2026-07-11 21:08:45,test,1,640x480,30,0,17.9,21.9,12.2,21.4,17.2,1738.1,49.17,1800.0,throttled=0x0,0.0,0.97,0,565
2026-07-11 21:08:46,test,1,640x480,30,0,17.3,17.8,18.6,17.0,15.0,1739.2,49.66,1800.0,throttled=0x0,0.2,0.98,0,565
2026-07-11 21:08:47,test,1,640x480,30,0,23.0,22.2,24.0,23.5,23.0,1740.1,49.17,1800.0,throttled=0x0,0.0,0.96,0,568
2026-07-11 21:08:48,test,1,640x480,30,0,18.0,13.3,16.5,21.2,19.2,1739.2,48.2,1800.0,throttled=0x0,0.0,0.98,0,565
2026-07-11 21:08:49,test,1,640x480,30,0,17.7,19.8,20.6,12.1,19.0,1739.3,48.69,1800.0,throttled=0x0,0.0,0.97,0,565
2026-07-11 21:08:50,test,1,640x480,30,0,17.6,18.4,17.6,18.1,15.2,1739.4,48.69,1800.0,throttled=0x0,0.0,0.97,0,565
2026-07-11 21:08:51,test,1,640x480,30,0,21.9,21.8,18.8,23.8,22.5,1739.1,49.66,1800.0,throttled=0x0,0.0,0.97,0,567
2026-07-11 21:08:52,test,1,640x480,30,0,20.4,17.3,21.4,21.4,22.2,1740.0,49.17,1200.0,throttled=0x0,0.0,0.97,0,565
2026-07-11 21:08:53,test,1,640x480,30,0,17.1,15.3,16.7,17.8,17.6,1739.9,49.17,1800.0,throttled=0x0,0.0,0.96,0,565
2026-07-11 21:08:54,test,1,640x480,30,0,19.3,18.2,18.4,18.8,21.6,1739.7,48.2,1800.0,throttled=0x0,0.0,0.97,0,565
2026-07-11 21:08:55,test,1,640x480,30,0,20.0,20.6,18.4,22.0,18.8,1740.4,48.69,1800.0,throttled=0x0,0.0,0.97,0,565
2026-07-11 21:08:56,test,1,640x480,30,0,22.8,23.2,22.3,25.2,21.4,1741.9,49.17,1800.0,throttled=0x0,0.0,0.97,0,568
2026-07-11 21:08:57,test,1,640x480,30,0,18.0,14.0,23.1,19.4,14.0,1741.9,50.15,1000.0,throttled=0x0,0.0,0.97,0,565
2026-07-11 21:08:58,test,1,640x480,30,0,21.3,21.2,23.5,20.8,20.6,1742.0,49.66,1800.0,throttled=0x0,0.0,0.96,0,565
2026-07-11 21:08:59,test,1,640x480,30,0,19.6,17.5,18.8,26.5,15.8,1742.3,50.63,1800.0,throttled=0x0,0.0,0.97,0,565
2026-07-11 21:09:00,test,1,640x480,30,0,18.1,15.3,23.1,17.6,15.8,1743.0,50.15,1800.0,throttled=0x0,0.0,0.98,0,565
2026-07-11 21:09:01,test,1,640x480,30,0,22.1,21.2,23.0,21.2,21.4,1746.1,50.15,1800.0,throttled=0x0,0.0,0.97,0,568
2026-07-11 21:09:02,test,1,640x480,30,0,19.5,19.0,25.2,18.4,17.5,1746.6,49.17,900.0,throttled=0x0,0.0,0.97,0,565
2026-07-11 21:09:03,test,1,640x480,30,0,21.5,23.3,19.6,19.6,22.5,1746.7,49.17,1800.0,throttled=0x0,0.2,0.96,0,565
2026-07-11 21:09:04,test,1,640x480,30,0,17.0,16.5,14.0,18.6,18.6,1746.1,49.66,1800.0,throttled=0x0,0.0,0.97,0,565
2026-07-11 21:09:05,test,1,640x480,30,0,18.3,18.0,16.0,19.8,19.2,1746.3,51.12,1800.0,throttled=0x0,0.0,0.97,0,565
2026-07-11 21:09:06,test,1,640x480,30,0,21.3,20.2,19.8,23.8,22.1,1748.2,50.15,1800.0,throttled=0x0,0.0,0.97,0,568
2026-07-11 21:09:07,test,1,640x480,30,0,18.8,16.8,18.8,21.8,19.0,1748.0,49.66,900.0,throttled=0x0,0.0,0.97,0,565
2026-07-11 21:09:08,test,1,640x480,30,0,19.5,17.1,21.0,20.6,17.6,1748.5,49.66,1800.0,throttled=0x0,0.0,0.96,0,565
2026-07-11 21:09:09,test,1,640x480,30,0,18.0,17.2,17.5,12.9,24.8,1747.4,50.63,1800.0,throttled=0x0,0.0,0.98,0,565
2026-07-11 21:09:10,test,1,640x480,30,0,19.2,20.4,18.4,17.2,19.2,1747.4,51.61,1800.0,throttled=0x0,0.0,0.97,0,565
2026-07-11 21:09:11,test,1,640x480,30,0,19.2,17.2,22.5,17.0,21.8,1748.6,51.61,1800.0,throttled=0x0,0.0,0.97,0,568
2026-07-11 21:09:12,test,1,640x480,30,0,19.1,20.6,16.7,19.8,18.6,1748.9,50.15,900.0,throttled=0x0,0.0,0.97,0,565
2026-07-11 21:09:13,test,1,640x480,30,0,22.8,23.8,21.6,24.8,21.0,1747.5,50.63,1800.0,throttled=0x0,0.0,0.95,0,565
2026-07-11 21:09:15,test,1,640x480,30,0,17.0,14.7,16.0,19.6,17.8,1748.2,50.15,1800.0,throttled=0x0,0.2,0.97,0,565
2026-07-11 21:09:16,test,1,640x480,30,0,19.1,19.6,22.3,18.0,16.3,1748.6,51.61,1800.0,throttled=0x0,0.0,0.97,0,565
2026-07-11 21:09:17,test,1,640x480,30,0,19.5,21.6,22.8,17.8,16.8,1750.6,50.63,1800.0,throttled=0x0,0.0,0.98,0,568
2026-07-11 21:09:18,test,1,640x480,30,0,18.3,19.6,21.4,18.0,14.1,1749.5,50.63,800.0,throttled=0x0,0.0,0.97,0,565
2026-07-11 21:09:19,test,1,640x480,30,0,20.9,21.7,20.4,22.9,17.3,1749.3,50.63,1800.0,throttled=0x0,0.0,0.95,0,565
2026-07-11 21:09:20,test,1,640x480,30,0,16.8,17.2,16.3,19.0,15.7,1749.4,51.12,1800.0,throttled=0x0,0.0,0.97,0,565
2026-07-11 21:09:21,test,1,640x480,30,0,20.5,21.0,17.5,23.5,20.0,1750.9,51.12,1800.0,throttled=0x0,0.0,0.98,0,565
2026-07-11 21:09:22,test,1,640x480,30,0,20.1,18.4,20.0,21.0,19.4,1750.5,51.61,1800.0,throttled=0x0,0.0,0.97,0,568
2026-07-11 21:09:23,test,1,640x480,30,0,19.2,19.0,21.2,21.0,16.8,1750.3,51.12,1000.0,throttled=0x0,0.0,0.97,0,564
2026-07-11 21:09:24,test,1,640x480,30,0,20.5,20.2,20.8,20.4,20.6,1751.1,52.09,1800.0,throttled=0x0,0.0,0.96,0,565
2026-07-11 21:09:25,test,1,640x480,30,0,19.6,18.0,15.0,24.0,21.0,1751.3,51.12,1800.0,throttled=0x0,0.0,0.98,0,565
2026-07-11 21:09:26,test,1,640x480,30,0,23.8,26.0,22.5,23.8,23.2,1752.3,51.12,1800.0,throttled=0x0,0.0,0.97,0,568
2026-07-11 21:09:27,test,1,640x480,30,0,18.9,20.0,15.8,17.0,22.5,1750.9,51.61,1800.0,throttled=0x0,0.0,0.97,0,565
2026-07-11 21:09:28,test,1,640x480,30,0,20.2,23.3,20.2,19.0,18.6,1751.0,51.61,900.0,throttled=0x0,0.0,0.97,0,565
2026-07-11 21:09:29,test,1,640x480,30,0,22.2,15.8,19.6,26.7,26.2,1750.5,51.61,1800.0,throttled=0x0,0.0,0.95,0,565
2026-07-11 21:09:30,test,1,640x480,30,0,17.7,17.5,17.6,18.8,16.0,1750.4,50.63,1800.0,throttled=0x0,0.0,0.97,0,565
2026-07-11 21:09:31,test,1,640x480,30,0,23.1,21.8,24.0,21.6,24.0,1752.8,52.58,1800.0,throttled=0x0,0.0,0.97,0,568
2026-07-11 21:09:32,test,1,640x480,30,0,19.1,22.1,20.6,17.3,17.0,1753.1,52.58,1800.0,throttled=0x0,0.0,0.98,0,565
2026-07-11 21:09:33,test,1,640x480,30,0,19.5,22.0,19.8,18.6,17.8,1753.0,51.12,800.0,throttled=0x0,0.2,0.97,0,565
2026-07-11 21:09:34,test,1,640x480,30,0,19.5,19.0,21.8,16.8,20.8,1753.0,51.12,1800.0,throttled=0x0,0.2,0.95,0,565
2026-07-11 21:09:35,test,1,640x480,30,0,18.6,15.0,18.4,20.2,19.8,1753.9,51.61,1800.0,throttled=0x0,0.0,0.97,0,565
2026-07-11 21:09:36,test,1,640x480,30,0,19.8,18.8,21.8,16.2,21.6,1755.5,51.12,1800.0,throttled=0x0,0.0,0.97,0,568
2026-07-11 21:09:37,test,1,640x480,30,0,17.5,19.6,16.0,19.6,15.8,1754.7,52.09,1800.0,throttled=0x0,0.0,0.97,0,565
2026-07-11 21:09:38,test,1,640x480,30,0,18.6,18.2,19.8,21.2,14.1,1754.7,52.09,1000.0,throttled=0x0,0.0,0.97,0,565
2026-07-11 21:09:39,test,1,640x480,30,0,19.7,22.3,18.1,18.4,21.6,1754.7,51.61,1800.0,throttled=0x0,0.2,0.96,0,565
2026-07-11 21:09:40,test,1,640x480,30,0,18.9,18.8,20.4,16.8,19.0,1754.9,52.09,1800.0,throttled=0x0,0.0,0.98,0,565
2026-07-11 21:09:41,test,1,640x480,30,0,19.6,21.6,17.6,20.8,18.0,1757.5,52.58,1800.0,throttled=0x0,0.0,0.97,0,568
2026-07-11 21:09:42,test,1,640x480,30,0,20.6,21.8,19.0,19.0,22.5,1757.6,52.58,1800.0,throttled=0x0,0.0,0.97,0,565
2026-07-11 21:09:43,test,1,640x480,30,0,19.6,21.2,20.2,19.0,18.0,1757.3,53.07,900.0,throttled=0x0,0.0,0.97,0,565
2026-07-11 21:09:44,test,1,640x480,30,0,21.4,21.8,21.0,19.4,22.9,1757.5,52.09,1800.0,throttled=0x0,0.0,0.95,0,564
2026-07-11 21:09:45,test,1,640x480,30,0,17.4,16.7,20.0,18.8,13.7,1757.7,52.58,1800.0,throttled=0x0,0.0,0.97,0,564
2026-07-11 21:09:47,test,1,640x480,30,0,20.1,16.0,21.8,20.6,22.8,1760.2,52.09,1800.0,throttled=0x0,0.0,0.97,0,567
2026-07-11 21:09:48,test,1,640x480,30,0,17.4,16.8,19.0,14.3,19.8,1761.3,52.58,1800.0,throttled=0x0,0.0,0.97,0,564
2026-07-11 21:09:49,test,1,640x480,30,0,16.2,21.0,11.1,12.2,18.4,1761.0,51.61,800.0,throttled=0x0,0.0,0.97,0,564
2026-07-11 21:09:50,test,1,640x480,30,0,55.0,57.0,51.9,54.2,56.2,1757.0,53.07,1800.0,throttled=0x0,0.0,0.94,0,564
2026-07-11 21:09:51,test,1,640x480,30,0,25.5,24.0,30.1,23.8,25.7,1746.0,52.58,1800.0,throttled=0x0,0.0,0.95,0,566
2026-07-11 21:09:52,test,1,640x480,30,0,22.0,23.8,23.1,20.8,20.6,1745.7,50.63,1800.0,throttled=0x0,0.2,0.96,0,567
2026-07-11 21:09:53,test,1,640x480,30,0,18.6,17.0,18.4,23.1,14.9,1745.5,51.12,1800.0,throttled=0x0,0.0,0.98,0,564
2026-07-11 21:09:54,test,1,640x480,30,0,20.0,20.0,23.8,18.8,17.2,1744.2,50.63,900.0,throttled=0x0,0.0,0.97,0,564
2026-07-11 21:09:55,test,1,640x480,30,0,19.9,19.4,27.1,17.6,17.0,1744.5,51.61,1800.0,throttled=0x0,0.0,0.96,0,564
2026-07-11 21:09:56,test,1,640x480,30,0,21.3,21.0,23.5,19.4,18.6,1745.1,52.09,1800.0,throttled=0x0,0.0,0.97,0,567
2026-07-11 21:09:57,test,1,640x480,30,0,27.2,24.5,26.7,27.7,30.4,1745.4,51.61,1800.0,throttled=0x0,0.0,0.97,0,564
2026-07-11 21:09:58,test,1,640x480,30,0,4.9,3.9,5.9,5.9,4.9,1744.7,51.61,1800.0,throttled=0x0,0.0,0.98,0,564
2026-07-11 21:09:59,test,1,640x480,30,0,5.1,6.8,6.9,3.9,3.0,1744.5,52.09,800.0,throttled=0x0,0.0,0.98,0,564
2026-07-11 21:10:00,test,1,640x480,30,0,6.3,5.7,5.9,5.9,7.5,1744.5,51.61,1800.0,throttled=0x0,0.0,0.95,0,564
2026-07-11 21:10:01,test,1,640x480,30,0,5.4,4.0,5.9,5.9,4.9,1746.2,51.12,1800.0,throttled=0x0,0.0,0.98,0,567
2026-07-11 21:10:02,test,1,640x480,30,0,4.2,4.0,4.9,5.0,3.0,1745.7,50.63,1800.0,throttled=0x0,0.0,0.98,0,564
2026-07-11 21:10:03,test,1,640x480,30,0,4.4,4.0,4.0,5.9,4.9,1745.3,50.63,1800.0,throttled=0x0,0.0,0.98,0,564
2026-07-11 21:10:04,test,1,640x480,30,0,4.2,2.9,2.0,7.7,4.9,1745.3,51.12,700.0,throttled=0x0,0.0,0.98,0,564
2026-07-11 21:10:05,test,1,640x480,30,0,4.8,4.8,5.0,6.7,2.0,1745.3,51.61,1800.0,throttled=0x0,0.0,0.96,0,564
2026-07-11 21:10:06,test,1,640x480,30,0,6.2,3.9,4.9,7.8,7.9,1746.3,51.12,1800.0,throttled=0x0,0.0,0.98,0,567
2026-07-11 21:10:07,test,1,640x480,30,0,4.7,3.0,3.9,5.8,5.0,1746.1,51.12,1800.0,throttled=0x0,0.0,0.98,0,564
2026-07-11 21:10:08,test,1,640x480,30,0,4.7,3.0,3.0,7.8,3.9,1745.8,49.66,1800.0,throttled=0x0,0.0,0.98,0,564
2026-07-11 21:10:09,test,1,640x480,30,0,3.7,3.0,3.9,4.0,5.9,1745.8,50.63,700.0,throttled=0x0,0.2,0.98,0,564
2026-07-11 21:10:10,test,1,640x480,30,0,7.0,3.9,9.5,7.8,6.9,1745.8,51.12,700.0,throttled=0x0,0.0,0.96,0,564
2026-07-11 21:10:11,test,1,640x480,30,0,7.4,5.8,3.9,10.6,7.5,1746.3,51.12,1800.0,throttled=0x0,0.0,0.96,0,567
2026-07-11 21:10:12,test,1,640x480,30,0,4.7,5.8,3.0,5.8,4.9,1746.1,51.12,1800.0,throttled=0x0,0.0,0.98,0,564
2026-07-11 21:10:13,test,1,640x480,30,0,3.7,4.9,3.9,5.0,1.0,1746.1,51.12,1800.0,throttled=0x0,0.0,0.98,0,564
2026-07-11 21:10:14,test,1,640x480,30,0,3.9,3.9,4.9,4.9,3.9,1745.3,51.61,1800.0,throttled=0x0,0.0,0.98,0,564
2026-07-11 21:10:15,test,1,640x480,30,0,3.7,3.0,2.0,4.9,3.0,1745.0,50.63,700.0,throttled=0x0,0.0,0.98,0,564
2026-07-11 21:10:16,test,1,640x480,30,0,6.3,7.6,3.9,9.7,5.8,1745.4,50.63,1800.0,throttled=0x0,0.0,0.96,0,567
2026-07-11 21:10:17,test,1,640x480,30,0,4.2,3.0,4.0,6.9,0.0,1745.2,51.12,1800.0,throttled=0x0,0.0,0.98,0,564
2026-07-11 21:10:18,test,1,640x480,30,0,4.2,2.9,5.8,5.0,4.0,1745.1,51.61,1800.0,throttled=0x0,0.0,0.98,0,564
2026-07-11 21:10:19,test,1,640x480,30,0,4.9,6.8,7.7,3.9,2.9,1745.1,51.61,1800.0,throttled=0x0,0.2,0.98,0,564
2026-07-11 21:10:20,test,1,640x480,30,0,3.0,1.0,5.9,4.0,1.0,1745.7,52.58,700.0,throttled=0x0,0.0,0.98,0,564
2026-07-11 21:10:22,test,1,640x480,30,0,6.1,6.7,8.8,2.9,4.9,1746.1,51.12,1800.0,throttled=0x0,0.0,0.96,0,567
2026-07-11 21:10:23,test,1,640x480,30,0,3.7,3.0,5.9,3.0,3.9,1746.4,51.12,1800.0,throttled=0x0,0.0,0.98,0,564
2026-07-11 21:10:24,test,1,640x480,30,0,3.9,3.9,5.0,4.0,2.0,1746.3,50.63,1800.0,throttled=0x0,0.0,0.98,0,564
2026-07-11 21:10:25,test,1,640x480,30,0,3.0,3.0,4.0,3.0,2.0,1746.4,50.63,1800.0,throttled=0x0,0.0,0.98,0,564
2026-07-11 21:10:26,test,1,640x480,30,0,3.0,2.0,4.0,3.0,4.0,1746.4,51.12,700.0,throttled=0x0,0.0,0.98,0,564
2026-07-11 21:10:27,test,1,640x480,30,0,8.2,5.0,9.7,9.7,5.8,1754.4,51.61,1800.0,throttled=0x0,0.0,0.96,0,567
2026-07-11 21:10:28,test,1,640x480,30,0,4.0,4.0,4.0,4.9,4.0,1754.4,50.63,1800.0,throttled=0x0,0.0,0.98,0,564
2026-07-11 21:10:29,test,1,640x480,30,0,3.7,3.0,3.9,3.9,3.9,1753.7,51.61,1800.0,throttled=0x0,0.0,0.98,0,564
2026-07-11 21:10:30,test,1,640x480,30,0,4.7,4.8,6.8,4.0,3.0,1753.7,49.66,1800.0,throttled=0x0,0.0,0.98,0,564
2026-07-11 21:10:31,test,1,640x480,30,0,5.7,5.0,6.9,4.9,6.7,1754.8,51.61,1800.0,throttled=0x0,0.2,0.98,0,567
2026-07-11 21:10:32,test,1,640x480,30,0,5.1,3.0,7.8,3.9,3.9,1753.8,51.61,1800.0,throttled=0x0,0.0,0.96,0,564
2026-07-11 21:10:33,test,1,640x480,30,0,4.4,3.9,4.9,5.8,4.9,1753.3,51.12,1800.0,throttled=0x0,0.0,0.98,0,564
2026-07-11 21:10:34,test,1,640x480,30,0,3.5,1.0,5.9,2.0,4.9,1752.0,51.61,1800.0,throttled=0x0,0.0,0.98,0,564
2026-07-11 21:10:35,test,1,640x480,30,0,4.2,2.9,4.9,3.0,5.9,1751.6,51.61,1800.0,throttled=0x0,0.0,0.98,0,564
2026-07-11 21:10:36,test,1,640x480,30,0,5.4,3.9,7.8,4.9,5.1,1751.9,51.12,700.0,throttled=0x0,0.0,0.98,0,567
2026-07-11 21:10:37,test,1,640x480,30,0,6.8,2.9,5.8,7.7,11.2,1751.4,50.15,1800.0,throttled=0x0,0.0,0.96,0,564
2026-07-11 21:10:38,test,1,640x480,30,0,4.2,4.9,2.9,3.0,5.0,1749.6,50.63,1800.0,throttled=0x0,0.0,0.98,0,564
2026-07-11 21:10:39,test,1,640x480,30,0,4.2,4.9,3.0,2.0,5.9,1749.4,50.63,1800.0,throttled=0x0,0.0,0.98,0,564
2026-07-11 21:10:40,test,1,640x480,30,0,3.9,3.9,3.0,3.0,5.8,1749.2,51.12,1800.0,throttled=0x0,0.0,0.98,0,564
2026-07-11 21:10:41,test,1,640x480,30,0,5.2,5.9,4.0,5.9,5.9,1749.3,50.63,700.0,throttled=0x0,0.0,0.98,0,567
2026-07-11 21:10:42,test,1,640x480,30,0,8.2,4.9,8.6,5.9,11.5,1748.9,51.61,1000.0,throttled=0x0,0.2,0.96,0,564
2026-07-11 21:10:43,test,1,640x480,30,0,4.9,4.9,4.0,2.9,8.7,1749.1,50.63,1800.0,throttled=0x0,0.0,0.97,0,564
2026-07-11 21:10:44,test,1,640x480,30,0,2.8,2.0,2.9,1.0,5.1,1749.3,51.61,1800.0,throttled=0x0,0.0,0.98,0,564
2026-07-11 21:10:45,test,1,640x480,30,0,4.4,4.0,4.9,4.9,4.0,1749.1,51.61,1800.0,throttled=0x0,0.0,0.98,0,564
2026-07-11 21:10:46,test,1,640x480,30,0,5.2,6.9,3.0,5.8,6.9,1750.1,51.12,1800.0,throttled=0x0,0.0,0.98,0,568
2026-07-11 21:10:47,test,1,640x480,30,0,3.5,2.0,4.0,2.0,5.0,1750.1,50.15,700.0,throttled=0x0,0.0,0.98,0,565
2026-07-11 21:10:48,test,1,640x480,30,0,5.5,4.7,2.9,5.6,8.7,1750.1,51.12,1800.0,throttled=0x0,0.0,0.96,0,565
2026-07-11 21:10:49,test,1,640x480,30,0,3.0,3.0,2.0,3.0,2.0,1750.1,52.09,1800.0,throttled=0x0,0.0,0.98,0,565
2026-07-11 21:10:50,test,1,640x480,30,0,3.0,1.0,2.0,4.0,6.8,1750.1,50.63,1800.0,throttled=0x0,0.0,0.98,0,565
2026-07-11 21:10:51,test,1,640x480,30,0,5.9,2.0,4.0,6.9,8.8,1751.3,52.09,1800.0,throttled=0x0,0.0,0.98,0,568
2026-07-11 21:10:52,test,1,640x480,30,0,4.4,5.8,4.9,2.0,5.9,1750.8,51.12,700.0,throttled=0x0,0.0,0.98,0,565
2026-07-11 21:10:53,test,1,640x480,30,0,5.3,4.8,2.9,4.8,8.7,1750.6,50.63,1800.0,throttled=0x0,0.0,0.96,0,565
2026-07-11 21:10:54,test,1,640x480,30,0,4.2,4.9,4.9,2.0,5.0,1750.8,51.61,1800.0,throttled=0x0,0.0,0.98,0,565
2026-07-11 21:10:55,test,1,640x480,30,0,3.2,2.0,5.0,2.0,5.0,1750.8,51.12,1800.0,throttled=0x0,0.0,0.98,0,565
2026-07-11 21:10:56,test,1,640x480,30,0,5.2,4.0,5.9,4.0,6.9,1750.8,51.61,1800.0,throttled=0x0,0.0,0.98,0,568
2026-07-11 21:10:57,test,1,640x480,30,0,3.9,3.9,3.0,5.9,3.0,1750.4,51.12,700.0,throttled=0x0,0.0,0.98,0,565
2026-07-11 21:10:58,test,1,640x480,30,0,7.7,11.8,6.7,3.9,7.8,1750.6,51.12,600.0,throttled=0x0,0.0,0.95,0,565
2026-07-11 21:11:00,test,1,640x480,30,0,5.3,4.7,5.9,6.6,2.9,1750.4,50.15,1800.0,throttled=0x0,0.0,0.95,0,565
2026-07-11 21:11:01,test,1,640x480,30,0,3.5,3.0,5.8,3.9,3.9,1750.7,50.63,1800.0,throttled=0x0,0.2,0.98,0,565
2026-07-11 21:11:02,test,1,640x480,30,0,5.4,5.0,5.9,4.0,5.8,1751.9,50.15,1800.0,throttled=0x0,0.0,0.98,0,568
2026-07-11 21:11:03,test,1,640x480,30,0,5.1,3.9,6.9,4.9,4.0,1752.3,51.61,1800.0,throttled=0x0,0.0,0.98,0,565
2026-07-11 21:11:04,test,1,640x480,30,0,4.7,3.9,6.8,5.0,4.8,1752.2,51.12,700.0,throttled=0x0,0.0,0.97,0,565
2026-07-11 21:11:05,test,1,640x480,30,0,7.9,4.8,8.7,8.5,8.7,1752.8,51.12,600.0,throttled=0x0,0.0,0.96,0,565
2026-07-11 21:11:06,test,1,640x480,30,0,8.2,5.8,11.7,8.6,6.7,1752.9,51.12,700.0,throttled=0x0,0.0,0.95,0,567
2026-07-11 21:11:07,test,1,640x480,30,0,6.9,3.8,5.7,8.7,6.8,1752.9,50.15,1800.0,throttled=0x0,0.0,0.96,0,568
2026-07-11 21:11:08,test,1,640x480,30,0,4.4,6.7,4.9,4.0,4.0,1752.9,50.63,1800.0,throttled=0x0,0.0,0.98,0,565
2026-07-11 21:11:09,test,1,640x480,30,0,4.6,3.9,4.9,6.8,3.0,1752.7,50.63,1800.0,throttled=0x0,0.0,0.98,0,565
2026-07-11 21:11:10,test,1,640x480,30,0,4.2,3.9,6.9,3.0,4.8,1752.4,51.12,1800.0,throttled=0x0,0.0,0.98,0,565
2026-07-11 21:11:11,test,1,640x480,30,0,5.0,5.9,5.9,3.0,4.1,1754.6,51.61,700.0,throttled=0x0,0.0,0.98,0,568
2026-07-11 21:11:12,test,1,640x480,30,0,6.8,5.0,7.8,4.9,8.7,1754.6,50.63,800.0,throttled=0x0,0.0,0.96,0,565
2026-07-11 21:11:13,test,1,640x480,30,0,6.8,3.9,10.7,4.0,9.5,1754.6,50.15,600.0,throttled=0x0,0.2,0.96,0,565
2026-07-11 21:11:14,test,1,640x480,30,0,6.0,6.7,5.8,7.8,4.8,1754.4,51.61,1800.0,throttled=0x0,0.0,0.96,0,565
2026-07-11 21:11:15,test,1,640x480,30,0,5.3,2.0,5.8,8.6,2.9,1754.4,51.61,1800.0,throttled=0x0,0.0,0.98,0,565
2026-07-11 21:11:16,test,1,640x480,30,0,5.0,5.0,3.0,5.9,5.9,1754.4,51.12,1800.0,throttled=0x0,0.0,0.98,0,568
2026-07-11 21:11:17,test,1,640x480,30,0,4.0,3.0,4.9,4.0,4.9,1753.9,51.12,1800.0,throttled=0x0,0.0,0.98,0,565
2026-07-11 21:11:18,test,1,640x480,30,0,3.7,2.0,3.9,4.9,4.9,1754.1,51.61,700.0,throttled=0x0,0.0,0.98,0,565
2026-07-11 21:11:19,test,1,640x480,30,0,5.5,5.7,5.8,6.8,2.9,1754.3,50.63,1800.0,throttled=0x0,0.0,0.96,0,565
2026-07-11 21:11:20,test,1,640x480,30,0,4.0,3.0,3.0,5.9,4.0,1754.2,51.12,1800.0,throttled=0x0,0.0,0.98,0,565
2026-07-11 21:11:21,test,1,640x480,30,0,5.9,5.8,7.8,5.9,5.8,1756.4,51.12,1800.0,throttled=0x0,0.0,0.98,0,568
2026-07-11 21:11:22,test,1,640x480,30,0,3.7,4.0,3.9,3.0,3.9,1756.3,51.12,1800.0,throttled=0x0,0.0,0.98,0,565
2026-07-11 21:11:23,test,1,640x480,30,0,3.7,1.0,4.0,4.0,3.0,1755.8,51.12,700.0,throttled=0x0,0.0,0.98,0,565
2026-07-11 21:11:24,test,1,640x480,30,0,7.2,6.9,6.7,8.7,7.7,1755.8,51.61,700.0,throttled=0x0,0.0,0.96,0,565
2026-07-11 21:11:25,test,1,640x480,30,0,5.5,6.7,4.8,5.9,3.8,1756.0,51.61,1800.0,throttled=0x0,0.2,0.96,0,565
2026-07-11 21:11:26,test,1,640x480,30,0,4.7,5.0,6.9,5.0,3.0,1757.0,51.61,1800.0,throttled=0x0,0.0,0.98,0,567
2026-07-11 21:11:27,test,1,640x480,30,0,4.7,3.0,3.0,5.8,5.8,1756.5,50.63,1800.0,throttled=0x0,0.0,0.98,0,564
2026-07-11 21:11:28,test,1,640x480,30,0,3.9,6.7,3.0,5.1,2.0,1756.2,51.61,1800.0,throttled=0x0,0.0,0.98,0,564
2026-07-11 21:11:29,test,1,640x480,30,0,3.5,2.0,2.9,4.0,4.0,1756.2,51.61,700.0,throttled=0x0,0.0,0.98,0,564
2026-07-11 21:11:30,test,1,640x480,30,0,6.7,6.6,5.7,4.8,10.6,1756.2,50.63,1800.0,throttled=0x0,0.0,0.96,0,564
2026-07-11 21:11:31,test,1,640x480,30,0,5.0,3.9,5.0,4.0,7.0,1757.6,51.61,1800.0,throttled=0x0,0.0,0.98,0,567
2026-07-11 21:11:32,test,1,640x480,30,0,3.7,2.0,5.0,2.0,5.0,1756.9,51.61,1800.0,throttled=0x0,0.0,0.98,0,564
2026-07-11 21:11:33,test,1,640x480,30,0,3.2,3.0,4.0,2.0,4.9,1756.6,51.12,1800.0,throttled=0x0,0.0,0.98,0,564
2026-07-11 21:11:34,test,1,640x480,30,0,3.7,2.0,5.0,2.9,5.0,1756.8,51.61,700.0,throttled=0x0,0.0,0.98,0,562
2026-07-11 21:11:36,test,1,640x480,30,0,7.2,8.7,6.7,4.9,6.7,1757.1,52.09,700.0,throttled=0x0,0.0,0.95,0,562
2026-07-11 21:11:37,test,1,640x480,30,0,6.8,9.8,6.7,5.8,6.7,1759.4,51.61,1800.0,throttled=0x0,0.0,0.97,0,565
2026-07-11 21:11:38,test,1,640x480,30,0,4.9,7.6,4.0,4.9,4.0,1759.2,52.09,1800.0,throttled=0x0,0.0,0.98,0,562
2026-07-11 21:11:39,test,1,640x480,30,0,4.2,5.9,2.0,3.9,4.0,1759.2,51.12,1800.0,throttled=0x0,0.0,0.98,0,562
2026-07-11 21:11:40,test,1,640x480,30,0,3.7,4.0,5.0,3.0,3.0,1759.2,52.58,1800.0,throttled=0x0,0.0,0.98,0,562
2026-07-11 21:11:41,test,1,640x480,30,0,4.4,2.0,3.0,3.9,7.6,1759.2,51.61,700.0,throttled=0x0,0.0,0.98,0,562
2026-07-11 21:11:42,test,1,640x480,30,0,8.5,14.2,8.7,6.9,4.9,1759.6,51.61,1800.0,throttled=0x0,0.0,0.96,0,565
2026-07-11 21:11:43,test,1,640x480,30,0,4.4,4.0,4.0,5.8,4.0,1759.1,51.61,1800.0,throttled=0x0,0.2,0.98,0,562
2026-07-11 21:11:44,test,1,640x480,30,0,3.5,3.0,3.9,3.0,2.9,1759.1,51.12,1800.0,throttled=0x0,0.0,0.98,0,562
2026-07-11 21:11:45,test,1,640x480,30,0,4.2,3.0,5.8,4.9,3.9,1758.9,51.61,1800.0,throttled=0x0,0.0,0.98,0,562
2026-07-11 21:11:46,test,1,640x480,30,0,5.7,5.9,5.9,5.9,4.0,1759.0,51.12,700.0,throttled=0x0,0.0,0.98,0,565
2026-07-11 21:11:47,test,1,640x480,30,0,7.3,11.5,7.8,4.9,5.8,1758.9,51.12,800.0,throttled=0x0,0.0,0.96,0,562
2026-07-11 21:11:48,test,1,640x480,30,0,4.4,1.9,7.8,1.9,5.8,1759.0,51.61,1800.0,throttled=0x0,0.0,0.96,0,562
2026-07-11 21:11:49,test,1,640x480,30,0,4.2,3.9,5.8,3.0,5.0,1759.0,51.12,1800.0,throttled=0x0,0.0,0.98,0,562
2026-07-11 21:11:50,test,1,640x480,30,0,3.7,2.0,4.0,2.0,4.9,1758.8,51.12,1800.0,throttled=0x0,0.0,0.98,0,562
2026-07-11 21:11:51,test,1,640x480,30,0,5.0,4.0,5.9,5.0,5.9,1760.6,51.61,1800.0,throttled=0x0,0.0,0.98,0,565
2026-07-11 21:11:52,test,1,640x480,30,0,4.0,1.0,5.0,4.9,4.0,1759.4,50.63,700.0,throttled=0x0,0.0,0.98,0,562
2026-07-11 21:11:53,test,1,640x480,30,0,6.3,7.8,5.8,8.5,4.9,1759.4,51.61,1800.0,throttled=0x0,0.0,0.96,0,562
2026-07-11 21:11:54,test,1,640x480,30,0,3.9,5.0,4.9,3.0,2.9,1759.4,52.58,1800.0,throttled=0x0,0.0,0.98,0,562
2026-07-11 21:11:55,test,1,640x480,30,0,3.7,4.0,5.0,1.0,3.0,1759.4,52.09,1800.0,throttled=0x0,0.2,0.98,0,562
2026-07-11 21:11:56,test,1,640x480,30,0,5.9,8.9,4.9,4.0,6.7,1761.6,51.12,1800.0,throttled=0x0,0.0,0.98,0,565
2026-07-11 21:11:57,test,1,640x480,30,0,4.2,4.0,5.9,3.9,4.0,1763.3,51.12,700.0,throttled=0x0,0.0,0.98,0,562
2026-07-11 21:11:58,test,1,640x480,30,0,4.8,8.7,2.9,4.8,1.9,1763.0,50.63,1800.0,throttled=0x0,0.0,0.96,0,562
2026-07-11 21:11:59,test,1,640x480,30,0,3.7,4.0,4.0,2.0,4.9,1762.8,51.12,1800.0,throttled=0x0,0.0,0.98,0,562
2026-07-11 21:12:00,test,1,640x480,30,0,3.7,4.9,4.9,3.0,2.0,1762.8,51.61,1800.0,throttled=0x0,0.0,0.98,0,562
2026-07-11 21:12:01,test,1,640x480,30,0,4.5,4.1,6.9,5.0,2.0,1764.2,52.58,1800.0,throttled=0x0,0.0,0.98,0,565
2026-07-11 21:12:02,test,1,640x480,30,0,4.0,3.0,3.0,4.9,4.0,1763.6,52.09,700.0,throttled=0x0,0.0,0.98,0,562
2026-07-11 21:12:03,test,1,640x480,30,0,6.8,11.4,3.9,5.0,7.7,1763.2,52.09,700.0,throttled=0x0,0.0,0.96,0,562
2026-07-11 21:12:04,test,1,640x480,30,0,5.3,9.4,3.8,4.8,4.9,1763.2,50.63,1800.0,throttled=0x0,0.0,0.96,0,562
2026-07-11 21:12:05,test,1,640x480,30,0,3.7,3.0,3.0,4.9,1.0,1763.2,51.12,1800.0,throttled=0x0,0.0,0.98,0,562
2026-07-11 21:12:06,test,1,640x480,30,0,5.0,7.0,3.9,4.0,6.9,1765.1,51.61,1800.0,throttled=0x0,0.0,0.98,0,565
2026-07-11 21:12:07,test,1,640x480,30,0,4.2,5.0,2.0,3.0,4.9,1764.7,52.09,1800.0,throttled=0x0,0.2,0.98,0,562
2026-07-11 21:12:08,test,1,640x480,30,0,3.5,3.0,2.9,5.8,2.9,1764.2,52.09,700.0,throttled=0x0,0.5,0.98,0,562
2026-07-11 21:12:09,test,1,640x480,30,0,7.4,6.7,8.6,4.9,7.7,1764.2,51.12,1800.0,throttled=0x0,0.0,0.96,0,562
2026-07-11 21:12:10,test,1,640x480,30,0,3.5,3.9,5.0,5.0,2.0,1764.2,51.61,1800.0,throttled=0x0,0.0,0.98,0,562
2026-07-11 21:12:11,test,1,640x480,30,0,7.6,5.9,8.7,7.8,8.7,1767.8,51.61,1800.0,throttled=0x0,0.0,0.98,0,565
2026-07-11 21:12:12,test,1,640x480,30,0,4.4,4.9,5.9,2.0,3.0,1767.5,51.61,1800.0,throttled=0x0,0.0,0.97,0,562
2026-07-11 21:12:13,test,1,640x480,30,0,6.4,4.0,5.0,11.8,5.8,1767.0,52.09,700.0,throttled=0x0,0.2,0.98,0,562
2026-07-11 21:12:15,test,1,640x480,30,0,8.0,3.0,19.0,6.8,3.9,1766.9,51.61,1800.0,throttled=0x0,0.0,0.96,0,562
2026-07-11 21:12:16,test,1,640x480,30,0,4.2,3.0,5.8,3.0,3.9,1766.9,51.12,1800.0,throttled=0x0,0.0,0.98,0,562
2026-07-11 21:12:17,test,1,640x480,30,0,5.9,4.0,5.0,5.9,7.8,1767.8,51.12,1800.0,throttled=0x0,0.0,0.98,0,565
2026-07-11 21:12:18,test,1,640x480,30,0,4.2,3.9,6.9,3.0,3.0,1767.9,51.61,1800.0,throttled=0x0,0.0,0.98,0,562
2026-07-11 21:12:19,test,1,640x480,30,0,3.7,4.0,5.0,4.0,4.0,1767.8,51.12,700.0,throttled=0x0,0.0,0.98,0,562
2026-07-11 21:12:20,test,1,640x480,30,0,8.2,3.8,11.4,5.7,10.6,1767.3,51.12,600.0,throttled=0x0,0.0,0.96,0,562
2026-07-11 21:12:21,test,1,640x480,30,0,8.4,8.7,6.7,7.6,10.7,1767.6,51.12,700.0,throttled=0x0,0.0,0.95,0,563
2026-07-11 21:12:22,test,1,640x480,30,0,5.8,8.7,3.9,3.8,7.8,1768.4,50.63,1800.0,throttled=0x0,0.0,0.96,0,565
2026-07-11 21:12:23,test,1,640x480,30,0,5.7,0.0,11.9,5.0,4.0,1768.1,51.61,1800.0,throttled=0x0,0.0,0.98,0,562
2026-07-11 21:12:24,test,1,640x480,30,0,3.7,2.0,2.9,4.9,4.0,1767.9,51.61,1800.0,throttled=0x0,0.0,0.98,0,562
2026-07-11 21:12:25,test,1,640x480,30,0,3.7,5.9,2.9,2.0,4.0,1768.1,51.61,1800.0,throttled=0x0,0.2,0.98,0,562
2026-07-11 21:12:26,test,1,640x480,30,0,5.7,5.0,6.9,5.9,7.8,1768.1,51.61,700.0,throttled=0x0,0.0,0.98,0,565
2026-07-11 21:12:27,test,1,640x480,30,0,7.0,5.8,4.9,6.7,9.7,1768.1,51.12,700.0,throttled=0x0,0.0,0.96,0,562
2026-07-11 21:12:28,test,1,640x480,30,0,9.0,15.0,5.8,6.7,7.9,1768.3,52.09,1800.0,throttled=0x0,0.0,0.96,0,562
2026-07-11 21:12:29,test,1,640x480,30,0,4.5,4.9,5.9,5.0,4.0,1768.3,51.61,1800.0,throttled=0x0,0.0,0.98,0,562
2026-07-11 21:12:30,test,1,640x480,30,0,3.9,4.0,3.0,2.0,3.8,1768.3,52.09,1800.0,throttled=0x0,0.0,0.97,0,562
2026-07-11 21:12:31,test,1,640x480,30,0,5.0,5.9,4.9,3.9,7.8,1767.8,52.58,1800.0,throttled=0x0,0.0,0.98,0,565
2026-07-11 21:12:32,test,1,640x480,30,0,4.0,4.0,3.0,3.9,4.0,1768.1,51.12,1800.0,throttled=0x0,0.0,0.98,0,562
2026-07-11 21:12:33,test,1,640x480,30,0,5.4,5.0,4.0,5.0,5.9,1768.1,51.61,1000.0,throttled=0x0,0.0,0.98,0,562
2026-07-11 21:12:34,test,1,640x480,30,0,7.7,8.7,9.5,9.6,4.9,1767.8,51.12,800.0,throttled=0x0,0.0,0.97,0,562
2026-07-11 21:12:35,test,1,640x480,30,0,7.3,9.5,5.0,6.9,7.7,1767.8,51.12,900.0,throttled=0x0,0.0,0.96,0,562
2026-07-11 21:12:36,test,1,640x480,30,0,10.2,11.7,7.8,10.7,11.8,1768.3,50.63,700.0,throttled=0x0,0.0,0.96,0,565
2026-07-11 21:12:37,test,1,640x480,30,0,5.3,7.7,2.9,4.9,4.8,1768.6,51.12,1800.0,throttled=0x0,0.0,0.96,0,562
2026-07-11 21:12:38,test,1,640x480,30,0,3.5,4.0,4.0,3.9,2.0,1768.3,51.12,1800.0,throttled=0x0,0.0,0.98,0,562
2026-07-11 21:12:39,test,1,640x480,30,0,4.2,5.9,2.0,3.0,4.9,1768.3,51.12,1800.0,throttled=0x0,0.0,0.98,0,562
2026-07-11 21:12:40,test,1,640x480,30,0,4.2,5.9,4.9,4.0,2.9,1768.1,51.61,1800.0,throttled=0x0,0.0,0.98,0,562
2026-07-11 21:12:41,test,1,640x480,30,0,14.2,11.7,20.8,11.4,10.8,1793.1,52.09,700.0,throttled=0x0,0.0,0.93,0,567
2026-07-11 21:12:42,test,1,640x480,30,0,40.5,40.2,36.1,40.0,46.3,1772.9,51.61,1800.0,throttled=0x0,0.0,0.94,0,564
2026-07-11 21:12:43,test,1,640x480,30,0,4.2,1.0,3.0,7.9,4.0,1769.8,51.61,1800.0,throttled=0x0,0.2,0.98,0,564
2026-07-11 21:12:44,test,1,640x480,30,0,4.0,4.0,2.0,6.7,4.9,1764.6,51.12,1800.0,throttled=0x0,0.0,0.98,0,564
2026-07-11 21:12:45,test,1,640x480,30,0,4.9,5.8,2.9,7.8,3.0,1757.6,51.61,1800.0,throttled=0x0,0.0,0.97,0,564
2026-07-11 21:12:46,test,1,640x480,30,0,6.6,5.9,6.9,7.8,6.8,1758.2,51.61,700.0,throttled=0x0,0.0,0.97,0,567
2026-07-11 21:12:48,test,1,640x480,30,0,4.6,4.8,1.0,4.8,6.7,1757.7,51.12,1800.0,throttled=0x0,0.0,0.96,0,564
2026-07-11 21:12:49,test,1,640x480,30,0,3.9,4.9,4.0,3.9,3.0,1755.0,51.61,1800.0,throttled=0x0,0.0,0.98,0,564
2026-07-11 21:12:50,test,1,640x480,30,0,4.2,3.0,3.0,4.0,5.8,1753.9,51.61,1800.0,throttled=0x0,0.2,0.98,0,564
2026-07-11 21:12:51,test,1,640x480,30,0,3.5,3.9,4.0,5.0,2.0,1753.0,52.09,1800.0,throttled=0x0,0.0,0.98,0,564
2026-07-11 21:12:52,test,1,640x480,30,0,6.0,5.0,6.9,7.9,4.0,1753.7,51.61,700.0,throttled=0x0,0.0,0.98,0,567
2026-07-11 21:12:53,test,1,640x480,30,0,10.3,9.7,5.8,13.5,11.4,1751.5,51.61,1000.0,throttled=0x0,0.0,0.96,0,564
2026-07-11 21:12:54,test,1,640x480,30,0,6.8,4.9,4.9,6.9,10.7,1751.1,52.58,1800.0,throttled=0x0,0.0,0.97,0,564
2026-07-11 21:12:55,test,1,640x480,30,0,4.4,3.0,4.9,7.8,2.0,1751.3,51.12,1800.0,throttled=0x0,0.2,0.98,0,564
2026-07-11 21:12:56,test,1,640x480,30,0,5.7,3.0,7.0,5.8,5.9,1751.3,52.58,1800.0,throttled=0x0,0.0,0.98,0,567
2026-07-11 21:12:57,test,1,640x480,30,0,4.7,4.0,2.9,6.0,5.8,1750.7,52.58,1800.0,throttled=0x0,0.0,0.98,0,563
2026-07-11 21:12:58,test,1,640x480,30,0,4.0,2.9,5.9,5.0,2.0,1750.5,52.09,1800.0,throttled=0x0,0.0,0.98,0,563
2026-07-11 21:12:59,test,1,640x480,30,0,7.9,8.8,6.8,11.4,6.9,1750.3,51.61,700.0,throttled=0x0,0.0,0.97,0,563
2026-07-11 21:13:00,test,1,640x480,30,0,5.7,7.7,3.8,2.0,6.7,1750.7,52.09,1800.0,throttled=0x0,0.0,0.96,0,563
2026-07-11 21:13:01,test,1,640x480,30,0,5.9,7.8,5.8,5.9,5.9,1751.2,51.61,1800.0,throttled=0x0,0.0,0.98,0,566
2026-07-11 21:13:02,test,1,640x480,30,0,4.2,4.0,3.0,4.9,5.9,1751.2,51.12,1800.0,throttled=0x0,0.0,0.98,0,563
2026-07-11 21:13:03,test,1,640x480,30,0,5.1,4.9,4.0,2.9,6.9,1750.9,51.12,1800.0,throttled=0x0,0.0,0.98,0,563
2026-07-11 21:13:04,test,1,640x480,30,0,4.7,5.9,3.9,4.0,5.0,1750.9,52.09,700.0,throttled=0x0,0.0,0.98,0,563
2026-07-11 21:13:05,test,1,640x480,30,0,7.2,7.8,5.8,9.3,6.7,1750.6,51.61,1800.0,throttled=0x0,0.0,0.96,0,563
2026-07-11 21:13:06,test,1,640x480,30,0,5.9,6.9,5.9,5.1,4.9,1751.2,51.12,1800.0,throttled=0x0,0.0,0.98,0,566
2026-07-11 21:13:07,test,1,640x480,30,0,4.7,7.7,3.0,4.0,3.9,1751.4,52.58,1800.0,throttled=0x0,0.0,0.98,0,563
2026-07-11 21:13:08,test,1,640x480,30,0,4.4,5.0,2.9,3.9,6.7,1751.3,51.12,1800.0,throttled=0x0,0.0,0.98,0,563
2026-07-11 21:13:09,test,1,640x480,30,0,4.4,5.0,3.9,5.0,3.0,1750.6,52.09,700.0,throttled=0x0,0.0,0.98,0,563
2026-07-11 21:13:10,test,1,640x480,30,0,8.6,9.6,7.5,8.6,9.6,1750.6,51.12,600.0,throttled=0x0,0.0,0.96,0,563
2026-07-11 21:13:11,test,1,640x480,30,0,7.9,10.6,5.7,6.7,7.6,1751.8,53.07,1800.0,throttled=0x0,0.0,0.95,0,566
2026-07-11 21:13:12,test,1,640x480,30,0,4.5,4.0,5.9,4.0,4.9,1751.8,51.61,1800.0,throttled=0x0,0.0,0.98,0,563
2026-07-11 21:13:13,test,1,640x480,30,0,3.7,5.9,3.0,2.0,5.0,1751.3,51.61,1800.0,throttled=0x0,0.2,0.98,0,563
2026-07-11 21:13:14,test,1,640x480,30,0,3.7,4.9,5.0,1.0,3.9,1751.4,51.12,1800.0,throttled=0x0,0.0,0.98,0,562
2026-07-11 21:13:15,test,1,640x480,30,0,4.2,4.0,3.0,3.1,3.9,1751.4,51.61,700.0,throttled=0x0,0.0,0.98,0,562
2026-07-11 21:13:16,test,1,640x480,30,0,9.0,11.5,10.7,8.6,6.8,1753.2,51.61,1800.0,throttled=0x0,0.0,0.96,0,565
2026-07-11 21:13:17,test,1,640x480,30,0,5.4,6.9,4.9,3.9,4.0,1752.2,51.61,1800.0,throttled=0x0,0.0,0.98,0,562
2026-07-11 21:13:18,test,1,640x480,30,0,4.2,5.0,3.9,3.9,5.8,1751.7,52.09,1800.0,throttled=0x0,0.0,0.98,0,563
2026-07-11 21:13:19,test,1,640x480,30,0,3.2,4.9,3.0,3.0,2.0,1751.5,52.09,1800.0,throttled=0x0,0.0,0.98,0,563
2026-07-11 21:13:20,test,1,640x480,30,0,3.7,3.0,3.0,2.0,5.8,1751.7,52.09,1800.0,throttled=0x0,0.0,0.98,0,563
2026-07-11 21:13:21,test,1,640x480,30,0,7.2,7.8,8.0,4.9,7.9,1752.4,52.09,600.0,throttled=0x0,0.0,0.98,0,566
2026-07-11 21:13:22,test,1,640x480,30,0,5.5,7.7,5.7,2.9,5.7,1751.9,51.12,1800.0,throttled=0x0,0.0,0.95,0,563
2026-07-11 21:13:23,test,1,640x480,30,0,4.9,5.9,4.0,4.9,6.0,1751.9,51.12,1800.0,throttled=0x0,0.2,0.98,0,563
2026-07-11 21:13:25,test,1,640x480,30,0,4.8,5.1,5.0,4.2,5.0,1751.4,52.58,1800.0,throttled=0x0,7.2,0.84,0,563
2026-07-11 21:13:26,test,1,640x480,30,0,3.5,5.8,2.0,2.0,4.0,1751.4,51.61,1800.0,throttled=0x0,0.0,0.98,0,563
2026-07-11 21:13:27,test,1,640x480,30,0,6.9,8.9,5.0,6.9,5.9,1752.1,51.61,700.0,throttled=0x0,0.0,0.98,0,566
2026-07-11 21:13:28,test,1,640x480,30,0,6.3,9.6,3.9,5.8,4.9,1751.8,51.61,1800.0,throttled=0x0,0.0,0.96,0,563
2026-07-11 21:13:29,test,1,640x480,30,0,3.7,5.9,4.0,2.9,2.9,1751.8,51.61,1800.0,throttled=0x0,0.0,0.98,0,563
2026-07-11 21:13:30,test,1,640x480,30,0,4.2,5.9,2.0,2.9,5.9,1751.8,51.61,1800.0,throttled=0x0,0.0,0.98,0,563
2026-07-11 21:13:31,test,1,640x480,30,0,5.0,5.9,5.9,4.0,4.0,1752.4,50.63,1800.0,throttled=0x0,0.0,0.98,0,566
2026-07-11 21:13:32,test,1,640x480,30,0,4.9,7.8,3.0,3.9,4.9,1752.4,51.61,700.0,throttled=0x0,0.0,0.98,0,563
2026-07-11 21:13:33,test,1,640x480,30,0,4.1,5.8,3.9,2.0,4.8,1752.4,52.09,1800.0,throttled=0x0,0.0,0.96,0,563
2026-07-11 21:13:34,test,1,640x480,30,0,4.7,6.9,4.0,3.9,4.9,1752.2,52.09,1800.0,throttled=0x0,0.0,0.98,0,563
2026-07-11 21:13:35,test,1,640x480,30,0,3.7,5.0,4.9,2.0,3.9,1752.2,52.09,1800.0,throttled=0x0,0.0,0.98,0,563
2026-07-11 21:13:36,test,1,640x480,30,0,5.4,6.9,3.0,5.9,4.9,1753.1,52.09,1800.0,throttled=0x0,0.2,0.98,0,566
2026-07-11 21:13:37,test,1,640x480,30,0,4.2,5.0,3.0,1.0,5.0,1753.4,51.61,700.0,throttled=0x0,0.0,0.98,0,563
2026-07-11 21:13:38,test,1,640x480,30,0,6.8,7.7,7.8,7.5,5.8,1753.4,51.61,1800.0,throttled=0x0,0.0,0.96,0,563
2026-07-11 21:13:39,test,1,640x480,30,0,4.2,4.0,5.8,2.9,5.8,1753.8,51.61,1800.0,throttled=0x0,0.0,0.98,0,563
2026-07-11 21:13:40,test,1,640x480,30,0,4.4,2.0,5.1,2.9,5.9,1753.6,52.09,1800.0,throttled=0x0,0.0,0.98,0,563
2026-07-11 21:13:41,test,1,640x480,30,0,6.7,6.9,7.8,7.9,5.0,1753.8,52.09,1800.0,throttled=0x0,0.0,0.98,0,566
2026-07-11 21:13:42,test,1,640x480,30,0,4.7,3.9,5.9,5.9,3.9,1753.9,51.12,700.0,throttled=0x0,0.0,0.98,0,563
2026-07-11 21:13:43,test,1,640x480,30,0,5.0,4.8,5.9,4.8,3.8,1754.1,51.61,1800.0,throttled=0x0,0.0,0.96,0,563
2026-07-11 21:13:44,test,1,640x480,30,0,3.2,3.0,4.9,5.0,2.0,1754.1,51.61,1800.0,throttled=0x0,0.0,0.98,0,563
2026-07-11 21:13:45,test,1,640x480,30,0,4.9,1.0,4.9,4.9,6.8,1754.1,52.09,1800.0,throttled=0x0,0.0,0.98,0,563
2026-07-11 21:13:46,test,1,640x480,30,0,5.0,3.9,6.0,6.9,3.0,1754.3,51.61,1800.0,throttled=0x0,0.0,0.98,0,566
2026-07-11 21:13:47,test,1,640x480,30,0,4.4,2.0,5.0,5.0,5.8,1754.1,52.58,700.0,throttled=0x0,0.0,0.98,0,563
2026-07-11 21:13:48,test,1,640x480,30,0,4.8,6.6,5.9,3.8,2.9,1754.1,52.09,1800.0,throttled=0x0,0.0,0.96,0,563
2026-07-11 21:13:49,test,1,640x480,30,0,3.2,2.0,3.9,2.0,4.0,1754.0,51.61,1800.0,throttled=0x0,0.0,0.98,0,563
2026-07-11 21:13:50,test,1,640x480,30,0,3.5,2.0,2.9,3.0,6.0,1754.0,51.61,1800.0,throttled=0x0,0.0,0.98,0,563
2026-07-11 21:13:51,test,1,640x480,30,0,5.2,5.9,1.0,4.0,9.7,1755.6,52.09,1800.0,throttled=0x0,0.0,0.98,0,565
2026-07-11 21:13:52,test,1,640x480,30,0,4.0,3.0,4.9,3.9,5.0,1756.1,52.58,700.0,throttled=0x0,0.0,0.98,0,562
2026-07-11 21:13:53,test,1,640x480,30,0,5.1,3.8,3.9,2.9,9.5,1755.6,52.58,1800.0,throttled=0x0,0.0,0.96,0,562
2026-07-11 21:13:54,test,1,640x480,30,0,4.7,4.9,3.9,3.0,5.9,1755.5,52.58,1800.0,throttled=0x0,0.2,0.98,0,562
2026-07-11 21:13:55,test,1,640x480,30,0,3.7,5.8,5.0,3.0,3.0,1755.5,52.58,1800.0,throttled=0x0,0.0,0.98,0,562
2026-07-11 21:13:56,test,1,640x480,30,0,5.2,4.0,4.0,3.0,7.0,1756.0,52.58,1800.0,throttled=0x0,0.0,0.98,0,565
2026-07-11 21:13:57,test,1,640x480,30,0,3.7,2.9,3.0,3.9,5.0,1756.2,52.09,700.0,throttled=0x0,0.0,0.98,0,562
2026-07-11 21:13:58,test,1,640x480,30,0,6.3,8.6,4.9,5.7,8.7,1756.2,52.09,1800.0,throttled=0x0,0.0,0.96,0,562
2026-07-11 21:13:59,test,1,640x480,30,0,4.0,2.0,4.0,3.0,5.0,1756.5,51.61,1800.0,throttled=0x0,0.0,0.98,0,562
2026-07-11 21:14:01,test,1,640x480,30,0,3.5,3.9,5.0,1.0,4.0,1756.2,52.58,1800.0,throttled=0x0,0.0,0.98,0,562
2026-07-11 21:14:02,test,1,640x480,30,0,5.4,5.0,8.7,4.0,6.0,1757.5,52.09,1800.0,throttled=0x0,0.0,0.98,0,563
2026-07-11 21:14:03,test,1,640x480,30,0,4.2,3.0,3.0,4.9,5.9,1757.7,51.61,700.0,throttled=0x0,0.0,0.98,0,560
2026-07-11 21:14:04,test,1,640x480,30,0,8.2,7.7,5.8,5.8,10.8,1757.7,50.63,700.0,throttled=0x0,0.0,0.95,0,560
2026-07-11 21:14:05,test,1,640x480,30,0,5.0,3.9,3.8,5.7,7.6,1757.7,51.61,1800.0,throttled=0x0,0.2,0.96,0,560
2026-07-11 21:14:06,test,1,640x480,30,0,4.0,2.9,3.9,4.9,4.0,1757.7,53.07,1800.0,throttled=0x0,0.0,0.98,0,561
2026-07-11 21:14:07,test,1,640x480,30,0,6.0,6.1,4.0,6.9,6.9,1758.0,51.61,1800.0,throttled=0x0,0.0,0.98,0,565
2026-07-11 21:14:08,test,1,640x480,30,0,4.7,4.0,5.0,5.0,4.9,1758.2,52.09,1800.0,throttled=0x0,0.0,0.98,0,562
2026-07-11 21:14:09,test,1,640x480,30,0,3.5,2.0,4.0,3.9,3.9,1757.9,52.09,700.0,throttled=0x0,0.0,0.98,0,562
2026-07-11 21:14:10,test,1,640x480,30,0,8.0,8.6,5.9,6.7,10.5,1758.4,51.12,800.0,throttled=0x0,0.0,0.96,0,562
2026-07-11 21:14:11,test,1,640x480,30,0,10.6,12.5,14.0,7.8,8.7,1759.3,51.12,1100.0,throttled=0x0,0.0,0.95,0,565
2026-07-11 21:14:12,test,1,640x480,30,0,6.9,5.8,6.8,5.9,7.9,1759.7,51.61,1800.0,throttled=0x0,0.0,0.97,0,562
2026-07-11 21:14:13,test,1,640x480,30,0,4.7,4.9,6.9,2.0,5.9,1760.0,51.12,1800.0,throttled=0x0,0.0,0.98,0,562
2026-07-11 21:14:14,test,1,640x480,30,0,4.2,3.0,2.9,2.0,6.9,1760.0,51.61,1800.0,throttled=0x0,0.0,0.98,0,562
2026-07-11 21:14:15,test,1,640x480,30,0,4.4,5.8,5.8,4.0,5.0,1759.3,51.61,1800.0,throttled=0x0,0.0,0.98,0,562
2026-07-11 21:14:16,test,1,640x480,30,0,5.9,6.9,4.9,4.9,7.0,1759.6,51.61,700.0,throttled=0x0,0.2,0.98,0,565
2026-07-11 21:14:17,test,1,640x480,30,0,7.7,3.9,10.4,6.7,9.6,1759.9,51.61,1800.0,throttled=0x0,0.0,0.95,0,562
2026-07-11 21:14:18,test,1,640x480,30,0,4.2,3.0,5.9,4.0,3.9,1759.8,51.61,1800.0,throttled=0x0,0.0,0.98,0,562
2026-07-11 21:14:19,test,1,640x480,30,0,3.2,2.0,3.0,6.9,1.0,1759.8,51.61,1800.0,throttled=0x0,0.0,0.98,0,562
2026-07-11 21:14:20,test,1,640x480,30,0,3.7,3.0,5.0,2.0,4.9,1759.8,51.61,1800.0,throttled=0x0,0.0,0.98,0,562
2026-07-11 21:14:21,test,1,640x480,30,0,5.5,5.0,7.9,5.0,4.0,1760.7,51.61,700.0,throttled=0x0,0.0,0.98,0,565
2026-07-11 21:14:22,test,1,640x480,30,0,28.0,25.7,29.8,26.9,28.8,1750.6,51.12,1800.0,throttled=0x0,0.0,0.96,0,562
2026-07-11 21:14:23,test,1,640x480,30,0,4.7,5.9,4.0,4.9,3.9,1749.6,52.58,1800.0,throttled=0x0,0.0,0.98,0,562
2026-07-11 21:14:24,test,1,640x480,30,0,4.4,3.9,4.9,3.9,5.9,1748.7,53.07,1800.0,throttled=0x0,0.0,0.98,0,561
2026-07-11 21:14:25,test,1,640x480,30,0,4.2,4.0,4.9,4.0,3.0,1748.7,53.07,1800.0,throttled=0x0,0.0,0.98,0,561
2026-07-11 21:14:26,test,1,640x480,30,0,5.2,5.0,5.8,4.0,5.1,1748.6,51.61,700.0,throttled=0x0,0.0,0.97,0,565
2026-07-11 21:14:27,test,1,640x480,30,0,8.7,6.7,7.6,6.8,13.5,1748.6,52.58,700.0,throttled=0x0,0.0,0.96,0,562
2026-07-11 21:14:28,test,1,640x480,30,0,5.1,6.5,1.9,2.9,9.7,1748.8,51.61,1800.0,throttled=0x0,0.0,0.96,0,562
2026-07-11 21:14:29,test,1,640x480,30,0,3.7,4.0,2.9,2.9,5.0,1748.8,51.61,1800.0,throttled=0x0,0.0,0.98,0,562
2026-07-11 21:14:30,test,1,640x480,30,0,3.7,2.0,4.9,2.9,6.0,1749.0,51.61,1800.0,throttled=0x0,0.0,0.98,0,562
2026-07-11 21:14:31,test,1,640x480,30,0,5.4,3.0,4.0,6.9,5.1,1749.3,52.58,1800.0,throttled=0x0,0.0,0.98,0,565
2026-07-11 21:14:32,test,1,640x480,30,0,3.5,3.0,3.9,2.0,6.9,1749.0,52.09,700.0,throttled=0x0,0.0,0.98,0,562
2026-07-11 21:14:33,test,1,640x480,30,0,5.1,3.9,4.8,4.9,6.8,1748.8,51.61,1800.0,throttled=0x0,0.0,0.95,0,562
2026-07-11 21:14:34,test,1,640x480,30,0,4.2,2.0,4.0,3.9,5.9,1748.8,53.56,1800.0,throttled=0x0,0.2,0.98,0,562
2026-07-11 21:14:35,test,1,640x480,30,0,4.4,3.0,4.9,5.0,5.9,1748.5,52.09,1800.0,throttled=0x0,0.0,0.98,0,562
2026-07-11 21:14:36,test,1,640x480,30,0,5.0,4.9,5.0,4.0,5.9,1749.8,52.09,1800.0,throttled=0x0,0.0,0.98,0,565
2026-07-11 21:14:38,test,1,640x480,30,0,4.2,5.0,4.0,4.9,3.0,1749.8,52.09,700.0,throttled=0x0,0.0,0.98,0,562
2026-07-11 21:14:39,test,1,640x480,30,0,6.6,5.8,5.9,4.0,9.6,1749.7,52.09,1000.0,throttled=0x0,0.0,0.96,0,562
2026-07-11 21:14:40,test,1,640x480,30,0,7.8,6.9,7.7,5.8,11.8,1749.4,52.09,900.0,throttled=0x0,0.0,0.96,0,562
2026-07-11 21:14:41,test,1,640x480,30,0,7.0,6.7,3.9,9.6,8.7,1749.4,51.12,600.0,throttled=0x0,0.0,0.96,0,562
2026-07-11 21:14:42,test,1,640x480,30,0,9.8,8.7,9.5,9.5,10.6,1750.1,51.61,1800.0,throttled=0x0,0.0,0.95,0,565
2026-07-11 21:14:43,test,1,640x480,30,0,4.0,3.9,5.0,2.0,4.0,1750.6,52.09,1800.0,throttled=0x0,0.0,0.98,0,562
2026-07-11 21:14:44,test,1,640x480,30,0,3.5,1.0,4.8,4.9,4.0,1750.5,51.61,1800.0,throttled=0x0,0.0,0.98,0,562
2026-07-11 21:14:45,test,1,640x480,30,0,4.9,5.8,4.9,4.9,4.9,1750.5,51.61,1800.0,throttled=0x0,0.0,0.98,0,562
2026-07-11 21:14:46,test,1,640x480,30,0,6.2,7.0,4.0,4.9,6.8,1751.6,52.09,700.0,throttled=0x0,0.0,0.98,0,565
2026-07-11 21:14:47,test,1,640x480,30,0,8.2,5.8,5.9,12.3,10.5,1751.4,52.09,800.0,throttled=0x0,2.6,0.95,0,562
2026-07-11 21:14:48,test,1,640x480,30,0,5.3,4.8,3.9,4.8,6.8,1751.3,52.09,1800.0,throttled=0x0,0.0,0.96,0,562
2026-07-11 21:14:49,test,1,640x480,30,0,4.0,3.0,3.0,5.0,4.0,1751.3,52.09,1800.0,throttled=0x0,0.0,0.98,0,562
2026-07-11 21:14:50,test,1,640x480,30,0,3.7,4.0,3.9,2.0,5.0,1751.3,52.09,1800.0,throttled=0x0,0.0,0.98,0,562
2026-07-11 21:14:51,test,1,640x480,30,0,5.2,6.9,4.0,6.9,5.0,1752.5,52.58,1800.0,throttled=0x0,0.0,0.98,0,565
2026-07-11 21:14:52,test,1,640x480,30,0,4.9,3.0,4.9,3.9,6.9,1752.0,52.58,700.0,throttled=0x0,0.0,0.98,0,562
2026-07-11 21:14:53,test,1,640x480,30,0,6.7,3.9,6.7,8.6,7.6,1751.8,51.61,1800.0,throttled=0x0,0.2,0.95,0,562
2026-07-11 21:14:54,test,1,640x480,30,0,4.2,4.0,4.9,1.0,6.8,1751.7,52.58,1800.0,throttled=0x0,0.0,0.98,0,562
2026-07-11 21:14:55,test,1,640x480,30,0,5.1,4.9,6.9,2.9,4.0,1752.2,52.58,1800.0,throttled=0x0,0.0,0.98,0,562
2026-07-11 21:14:56,test,1,640x480,30,0,5.7,4.0,7.8,6.9,5.0,1754.4,52.09,1800.0,throttled=0x0,0.0,0.98,0,565
2026-07-11 21:14:57,test,1,640x480,30,0,5.1,4.0,9.6,3.9,3.9,1753.9,51.61,700.0,throttled=0x0,0.0,0.98,0,562
2026-07-11 21:14:58,test,1,640x480,30,0,7.5,5.7,8.7,3.9,10.6,1753.7,52.09,600.0,throttled=0x0,0.0,0.96,0,562
2026-07-11 21:14:59,test,1,640x480,30,0,6.4,6.7,5.8,4.8,9.5,1753.9,52.09,1800.0,throttled=0x0,0.0,0.95,0,562
2026-07-11 21:15:00,test,1,640x480,30,0,5.1,6.7,4.0,4.0,6.7,1753.6,51.61,1800.0,throttled=0x0,0.0,0.98,0,562
2026-07-11 21:15:01,test,1,640x480,30,0,4.5,5.0,6.9,4.0,1.0,1754.3,52.09,1800.0,throttled=0x0,0.0,0.98,0,565
2026-07-11 21:15:02,test,1,640x480,30,0,4.4,5.0,5.0,3.9,4.9,1754.3,52.09,1800.0,throttled=0x0,0.0,0.98,0,562
2026-07-11 21:15:03,test,1,640x480,30,0,4.0,3.0,6.0,3.9,2.0,1754.0,52.58,700.0,throttled=0x0,0.0,0.98,0,562
2026-07-11 21:15:04,test,1,640x480,30,0,7.9,10.5,9.6,6.7,4.8,1754.0,52.58,700.0,throttled=0x0,0.2,0.96,0,562
2026-07-11 21:15:05,test,1,640x480,30,0,7.2,5.8,12.4,5.9,3.9,1754.4,51.12,600.0,throttled=0x0,0.0,0.96,0,562
2026-07-11 21:15:06,test,1,640x480,30,0,7.9,7.6,9.7,5.8,7.7,1754.8,51.61,1800.0,throttled=0x0,0.0,0.95,0,565
2026-07-11 21:15:07,test,1,640x480,30,0,4.7,3.0,6.8,3.9,5.8,1754.7,51.12,1800.0,throttled=0x0,0.0,0.98,0,562
2026-07-11 21:15:08,test,1,640x480,30,0,3.5,3.0,5.0,3.0,4.9,1754.6,50.63,1800.0,throttled=0x0,0.0,0.98,0,562
2026-07-11 21:15:09,test,1,640x480,30,0,3.7,2.0,5.9,3.9,2.0,1754.4,50.63,1800.0,throttled=0x0,0.0,0.98,0,562
2026-07-11 21:15:10,test,1,640x480,30,0,4.7,4.9,5.0,5.9,3.0,1754.4,52.09,700.0,throttled=0x0,0.0,0.98,0,562
2026-07-11 21:15:12,test,1,640x480,30,0,6.8,6.7,6.7,2.9,9.8,1754.7,50.63,1800.0,throttled=0x0,0.0,0.95,0,565
2026-07-11 21:15:13,test,1,640x480,30,0,4.2,5.8,4.9,2.0,4.0,1754.8,50.63,1800.0,throttled=0x0,0.0,0.98,0,562
2026-07-11 21:15:14,test,1,640x480,30,0,3.7,2.0,4.0,3.9,5.0,1754.5,50.63,1800.0,throttled=0x0,0.0,0.98,0,562
2026-07-11 21:15:15,test,1,640x480,30,0,3.7,2.0,4.9,3.9,5.0,1754.8,51.61,1800.0,throttled=0x0,0.0,0.98,0,562
2026-07-11 21:15:16,test,1,640x480,30,0,5.6,5.9,6.8,3.0,4.9,1754.5,51.12,700.0,throttled=0x0,0.2,0.98,0,563
2026-07-11 21:15:17,test,1,640x480,30,0,6.7,7.5,7.7,5.8,7.5,1754.9,50.15,1800.0,throttled=0x0,0.0,0.96,0,566
2026-07-11 21:15:18,test,1,640x480,30,0,4.7,4.0,4.0,4.0,5.8,1755.2,51.12,1800.0,throttled=0x0,0.0,0.98,0,563
2026-07-11 21:15:19,test,1,640x480,30,0,5.1,4.0,5.8,4.9,6.7,1755.2,50.15,1800.0,throttled=0x0,0.0,0.98,0,563
2026-07-11 21:15:20,test,1,640x480,30,0,4.4,4.9,5.8,4.0,3.9,1755.3,51.12,1800.0,throttled=0x0,0.0,0.98,0,563
2026-07-11 21:15:21,test,1,640x480,30,0,5.2,4.0,5.9,4.0,5.0,1756.4,50.63,700.0,throttled=0x0,0.0,0.98,0,563
2026-07-11 21:15:22,test,1,640x480,30,0,6.6,3.9,8.7,8.7,6.8,1756.3,51.12,1800.0,throttled=0x0,0.0,0.96,0,566
2026-07-11 21:15:23,test,1,640x480,30,0,4.7,5.0,4.0,3.9,4.9,1756.3,52.09,1800.0,throttled=0x0,0.0,0.98,0,563
2026-07-11 21:15:24,test,1,640x480,30,0,3.5,2.0,3.9,4.9,3.0,1756.3,51.12,1800.0,throttled=0x0,0.0,0.98,0,563
2026-07-11 21:15:25,test,1,640x480,30,0,4.5,3.0,5.0,5.0,3.0,1756.5,51.61,1800.0,throttled=0x0,0.0,0.98,0,563
2026-07-11 21:15:26,test,1,640x480,30,0,5.0,6.9,7.0,3.0,4.9,1757.2,51.12,700.0,throttled=0x0,0.0,0.98,0,566
2026-07-11 21:15:27,test,1,640x480,30,0,6.5,4.8,9.5,6.8,5.7,1757.2,51.61,1800.0,throttled=0x0,0.0,0.96,0,563
2026-07-11 21:15:28,test,1,640x480,30,0,4.9,5.8,4.0,5.9,3.0,1757.2,52.09,1800.0,throttled=0x0,0.2,0.98,0,563
2026-07-11 21:15:29,test,1,640x480,30,0,5.4,4.9,5.8,6.9,3.0,1757.0,51.12,1800.0,throttled=0x0,0.0,0.98,0,563
2026-07-11 21:15:30,test,1,640x480,30,0,4.7,4.0,4.9,5.0,5.8,1757.0,52.09,1800.0,throttled=0x0,0.0,0.98,0,563
2026-07-11 21:15:31,test,1,640x480,30,0,7.1,7.7,7.8,6.7,6.0,1758.4,51.12,700.0,throttled=0x0,0.0,0.97,0,566
2026-07-11 21:15:32,test,1,640x480,30,0,5.7,3.8,9.5,4.8,4.8,1758.9,51.61,1800.0,throttled=0x0,0.0,0.96,0,563
2026-07-11 21:15:33,test,1,640x480,30,0,4.0,3.0,6.0,3.0,3.9,1758.5,51.12,1800.0,throttled=0x0,0.0,0.98,0,563
2026-07-11 21:15:34,test,1,640x480,30,0,4.0,3.0,5.9,2.9,3.0,1758.5,51.61,1800.0,throttled=0x0,3.2,0.98,0,562
2026-07-11 21:15:35,test,1,640x480,30,0,4.2,3.0,4.9,6.7,2.9,1757.8,52.09,1800.0,throttled=0x0,0.0,0.98,0,562
2026-07-11 21:15:36,test,1,640x480,30,0,5.2,5.8,5.1,4.0,7.8,1758.0,51.12,700.0,throttled=0x0,0.0,0.98,0,566
2026-07-11 21:15:37,test,1,640x480,30,0,8.6,9.5,13.3,4.9,4.9,1757.9,51.12,600.0,throttled=0x0,0.0,0.95,0,563
2026-07-11 21:15:38,test,1,640x480,30,0,5.7,5.7,5.8,4.8,7.6,1757.9,51.12,1800.0,throttled=0x0,0.0,0.95,0,563
2026-07-11 21:15:39,test,1,640x480,30,0,4.9,5.8,3.9,3.0,6.9,1757.4,50.63,1800.0,throttled=0x0,0.2,0.98,0,563
2026-07-11 21:15:40,test,1,640x480,30,0,3.7,3.0,3.0,4.0,4.9,1757.4,52.09,1800.0,throttled=0x0,0.0,0.98,0,562
2026-07-11 21:15:41,test,1,640x480,30,0,6.2,5.9,5.0,5.9,8.8,1758.2,51.61,1800.0,throttled=0x0,0.0,0.98,0,565
2026-07-11 21:15:42,test,1,640x480,30,0,4.9,1.0,4.9,3.9,5.9,1758.7,52.58,700.0,throttled=0x0,0.0,0.98,0,562
2026-07-11 21:15:43,test,1,640x480,30,0,7.2,8.7,6.7,6.7,8.6,1759.7,52.09,800.0,throttled=0x0,0.0,0.96,0,562
2026-07-11 21:15:44,test,1,640x480,30,0,6.0,6.6,3.9,5.7,7.7,1759.4,52.58,1800.0,throttled=0x0,0.0,0.95,0,562
2026-07-11 21:15:45,test,1,640x480,30,0,3.7,4.0,3.0,2.0,5.9,1759.7,52.09,1800.0,throttled=0x0,0.0,0.98,0,563
2026-07-11 21:15:46,test,1,640x480,30,0,5.5,5.0,4.9,5.9,6.9,1759.9,51.61,1800.0,throttled=0x0,0.0,0.98,0,566
2026-07-11 21:15:47,test,1,640x480,30,0,5.2,5.1,4.0,3.0,6.9,1759.7,52.09,1800.0,throttled=0x0,0.0,0.98,0,563
2026-07-11 21:15:48,test,1,640x480,30,0,3.9,4.0,3.9,2.0,5.8,1759.7,51.61,700.0,throttled=0x0,0.0,0.97,0,563
2026-07-11 21:15:50,test,1,640x480,30,0,5.0,3.8,3.9,4.8,8.6,1759.4,53.07,1800.0,throttled=0x0,0.0,0.96,0,563
2026-07-11 21:15:51,test,1,640x480,30,0,26.4,24.8,24.8,24.8,29.7,1749.9,51.61,1800.0,throttled=0x0,0.0,0.98,0,563
2026-07-11 21:15:52,test,1,640x480,30,0,4.5,4.0,5.9,4.9,5.9,1750.4,53.07,1800.0,throttled=0x0,0.2,0.98,0,565
2026-07-11 21:15:53,test,1,640x480,30,0,4.7,3.0,5.9,4.0,3.9,1750.6,52.58,1800.0,throttled=0x0,0.0,0.98,0,562
2026-07-11 21:15:54,test,1,640x480,30,0,3.7,4.9,7.8,2.0,1.0,1749.9,51.61,700.0,throttled=0x0,0.2,0.98,0,562
2026-07-11 21:15:55,test,1,640x480,30,0,7.8,7.8,9.8,4.9,7.7,1749.2,53.07,700.0,throttled=0x0,0.0,0.96,0,562
2026-07-11 21:15:56,test,1,640x480,30,0,7.7,5.9,11.3,7.8,6.7,1749.2,52.58,700.0,throttled=0x0,0.0,0.96,0,565
2026-07-11 21:15:57,test,1,640x480,30,0,7.5,10.6,6.9,4.9,4.9,1750.3,52.09,1800.0,throttled=0x0,0.0,0.96,0,565
2026-07-11 21:15:58,test,1,640x480,30,0,4.0,5.0,5.0,5.0,3.0,1750.3,52.09,1800.0,throttled=0x0,0.2,0.98,0,562
2026-07-11 21:15:59,test,1,640x480,30,0,4.0,3.0,6.8,3.0,4.0,1750.3,52.09,1800.0,throttled=0x0,0.0,0.98,0,562
2026-07-11 21:16:00,test,1,640x480,30,0,3.9,4.0,5.0,2.0,4.8,1750.3,51.61,1800.0,throttled=0x0,0.0,0.98,0,562
2026-07-11 21:16:01,test,1,640x480,30,0,5.2,5.0,5.9,5.9,4.0,1750.5,51.12,700.0,throttled=0x0,0.0,0.98,0,565
2026-07-11 21:16:02,test,1,640x480,30,0,9.1,10.5,9.4,4.9,11.4,1750.5,51.61,700.0,throttled=0x0,0.0,0.96,0,562
2026-07-11 21:16:03,test,1,640x480,30,0,6.2,4.8,6.9,3.8,8.6,1750.5,51.61,1800.0,throttled=0x0,0.0,0.96,0,562
2026-07-11 21:16:04,test,1,640x480,30,0,3.2,4.0,2.9,2.0,4.0,1750.5,52.58,1800.0,throttled=0x0,0.0,0.98,0,562
2026-07-11 21:16:05,test,1,640x480,30,0,4.2,5.0,3.0,5.0,5.0,1750.7,51.12,1800.0,throttled=0x0,0.0,0.98,0,562
2026-07-11 21:16:06,test,1,640x480,30,0,6.4,4.9,7.8,6.8,6.9,1750.7,52.58,1800.0,throttled=0x0,0.0,0.98,0,565
2026-07-11 21:16:07,test,1,640x480,30,0,4.7,4.9,3.0,4.9,4.0,1750.9,51.12,700.0,throttled=0x0,0.0,0.98,0,562
2026-07-11 21:16:08,test,1,640x480,30,0,5.1,3.9,4.8,5.8,6.7,1750.9,51.61,1800.0,throttled=0x0,0.0,0.96,0,562
2026-07-11 21:16:09,test,1,640x480,30,0,4.4,5.0,2.9,5.8,4.9,1750.9,52.58,1800.0,throttled=0x0,0.0,0.98,0,562
2026-07-11 21:16:10,test,1,640x480,30,0,3.5,4.0,3.0,2.0,4.0,1750.6,51.61,1800.0,throttled=0x0,0.2,0.98,0,563
2026-07-11 21:16:11,test,1,640x480,30,0,5.7,8.9,3.0,6.8,4.9,1751.4,51.12,1800.0,throttled=0x0,0.0,0.98,0,566
2026-07-11 21:16:12,test,1,640x480,30,0,4.2,3.9,2.0,5.9,3.0,1751.5,52.09,700.0,throttled=0x0,0.0,0.98,0,563
2026-07-11 21:16:13,test,1,640x480,30,0,5.5,5.8,3.8,7.7,4.8,1750.7,52.58,1800.0,throttled=0x0,0.0,0.96,0,563
2026-07-11 21:16:14,test,1,640x480,30,0,3.5,4.0,2.0,3.9,5.8,1750.5,52.58,1800.0,throttled=0x0,0.0,0.98,0,563
2026-07-11 21:16:15,test,1,640x480,30,0,5.1,4.9,3.0,3.9,6.8,1750.5,51.12,1800.0,throttled=0x0,0.0,0.98,0,563
2026-07-11 21:16:16,test,1,640x480,30,0,5.2,4.0,3.9,4.0,8.0,1750.8,51.61,1800.0,throttled=0x0,3.5,0.98,0,566
2026-07-11 21:16:17,test,1,640x480,30,0,4.0,2.0,3.9,4.9,6.8,1750.8,52.09,700.0,throttled=0x0,0.0,0.98,0,563
2026-07-11 21:16:18,test,1,640x480,30,0,5.5,5.7,5.7,4.8,7.8,1750.5,52.09,1800.0,throttled=0x0,0.0,0.96,0,563
2026-07-11 21:16:19,test,1,640x480,30,0,3.5,2.0,1.0,2.9,5.0,1750.5,53.07,1800.0,throttled=0x0,0.0,0.98,0,563
2026-07-11 21:16:20,test,1,640x480,30,0,4.2,3.0,2.9,3.9,6.0,1750.5,52.09,1800.0,throttled=0x0,0.0,0.98,0,563
2026-07-11 21:16:21,test,1,640x480,30,0,5.2,5.0,6.9,4.9,5.9,1751.5,51.61,1800.0,throttled=0x0,0.0,0.98,0,566
2026-07-11 21:16:22,test,1,640x480,30,0,4.9,6.9,4.9,3.0,5.0,1750.8,52.58,700.0,throttled=0x0,0.2,0.98,0,563
2026-07-11 21:16:23,test,1,640x480,30,0,7.2,6.7,5.9,10.4,6.9,1751.0,53.07,600.0,throttled=0x0,0.0,0.96,0,564
2026-07-11 21:16:24,test,1,640x480,30,0,8.8,7.7,8.5,5.7,12.5,1751.0,52.58,600.0,throttled=0x0,0.0,0.95,0,564
2026-07-11 21:16:26,test,1,640x480,30,0,6.0,4.9,7.7,4.9,4.9,1751.0,51.61,1800.0,throttled=0x0,0.0,0.96,0,564
2026-07-11 21:16:27,test,1,640x480,30,0,5.4,5.0,5.9,5.9,4.9,1752.0,51.12,1800.0,throttled=0x0,0.0,0.98,0,567
2026-07-11 21:16:28,test,1,640x480,30,0,4.2,3.0,6.9,3.9,3.9,1752.0,51.12,1800.0,throttled=0x0,0.0,0.98,0,564
2026-07-11 21:16:29,test,1,640x480,30,0,4.2,4.9,4.9,4.9,2.0,1752.2,52.09,1800.0,throttled=0x0,0.0,0.98,0,563
2026-07-11 21:16:30,test,1,640x480,30,0,4.7,5.8,5.0,5.9,4.0,1752.0,52.09,700.0,throttled=0x0,0.0,0.98,0,563
2026-07-11 21:16:31,test,1,640x480,30,0,8.2,4.9,10.4,8.9,7.5,1751.9,51.61,700.0,throttled=0x0,0.0,0.96,0,563
2026-07-11 21:16:32,test,1,640x480,30,0,8.4,5.9,10.5,9.7,7.7,1753.0,52.09,1800.0,throttled=0x0,0.0,0.96,0,566
2026-07-11 21:16:33,test,1,640x480,30,0,5.2,4.9,5.0,4.0,5.8,1752.0,51.61,1800.0,throttled=0x0,0.0,0.98,0,563
2026-07-11 21:16:34,test,1,640x480,30,0,3.9,3.9,5.0,5.8,3.0,1752.0,52.09,1800.0,throttled=0x0,0.2,0.98,0,563
2026-07-11 21:16:35,test,1,640x480,30,0,3.7,3.0,5.0,4.0,2.9,1751.8,51.61,1800.0,throttled=0x0,0.0,0.98,0,563
2026-07-11 21:16:36,test,1,640x480,30,0,5.5,3.0,4.0,7.0,6.9,1753.5,52.09,700.0,throttled=0x0,0.0,0.98,0,566
2026-07-11 21:16:37,test,1,640x480,30,0,5.3,3.9,2.9,7.8,6.6,1753.9,52.09,1800.0,throttled=0x0,0.0,0.96,0,563
2026-07-11 21:16:38,test,1,640x480,30,0,3.7,3.0,3.0,5.9,3.0,1753.6,52.09,1800.0,throttled=0x0,0.0,0.98,0,563
2026-07-11 21:16:39,test,1,640x480,30,0,4.0,2.0,4.0,5.8,4.0,1753.4,51.61,1800.0,throttled=0x0,0.0,0.98,0,563
2026-07-11 21:16:40,test,1,640x480,30,0,4.0,3.9,3.9,3.0,4.0,1753.3,50.63,1800.0,throttled=0x0,0.0,0.98,0,563
2026-07-11 21:16:41,test,1,640x480,30,0,5.2,4.0,7.0,6.8,4.0,1754.1,52.58,700.0,throttled=0x0,0.0,0.98,0,566
2026-07-11 21:16:42,test,1,640x480,30,0,6.7,4.9,4.8,9.5,7.7,1753.2,51.12,1800.0,throttled=0x0,0.0,0.96,0,563
2026-07-11 21:16:43,test,1,640x480,30,0,4.9,4.9,3.0,8.7,2.9,1752.9,51.61,1800.0,throttled=0x0,0.0,0.97,0,563
2026-07-11 21:16:44,test,1,640x480,30,0,4.9,5.8,4.0,7.7,2.0,1752.9,51.12,1800.0,throttled=0x0,0.0,0.98,0,562
2026-07-11 21:16:45,test,1,640x480,30,0,3.0,2.0,2.9,4.0,3.9,1752.9,53.07,1800.0,throttled=0x0,0.0,0.98,0,562
2026-07-11 21:16:46,test,1,640x480,30,0,5.2,3.0,5.9,7.9,3.9,1755.6,51.61,700.0,throttled=0x0,0.2,0.98,0,565
2026-07-11 21:16:47,test,1,640x480,30,0,5.1,2.9,2.0,11.2,2.9,1755.5,53.07,1800.0,throttled=0x0,0.0,0.96,0,562
2026-07-11 21:16:48,test,1,640x480,30,0,4.2,5.8,6.8,3.0,2.0,1755.7,51.12,1800.0,throttled=0x0,0.0,0.98,0,562
2026-07-11 21:16:49,test,1,640x480,30,0,3.9,4.9,4.9,4.0,2.0,1756.0,51.61,1800.0,throttled=0x0,0.0,0.98,0,562
2026-07-11 21:16:50,test,1,640x480,30,0,4.2,5.9,3.0,2.9,3.9,1756.0,52.58,1800.0,throttled=0x0,0.0,0.98,0,562
2026-07-11 21:16:51,test,1,640x480,30,0,5.9,3.9,9.6,5.9,4.0,1757.3,51.61,700.0,throttled=0x0,0.0,0.98,0,564
2026-07-11 21:16:52,test,1,640x480,30,0,7.7,8.5,8.7,9.7,6.8,1757.3,51.12,600.0,throttled=0x0,0.0,0.95,0,561
2026-07-11 21:16:53,test,1,640x480,30,0,6.8,4.0,7.8,9.5,3.9,1757.3,51.12,700.0,throttled=0x0,0.0,0.96,0,561
2026-07-11 21:16:54,test,1,640x480,30,0,6.0,7.5,7.8,6.7,3.9,1757.2,52.09,1800.0,throttled=0x0,0.0,0.96,0,561
2026-07-11 21:16:55,test,1,640x480,30,0,3.7,5.0,4.0,2.0,2.9,1757.5,52.09,1800.0,throttled=0x0,0.0,0.98,0,561
2026-07-11 21:16:56,test,1,640x480,30,0,5.7,5.9,5.0,6.9,4.0,1757.1,52.58,1800.0,throttled=0x0,3.7,0.98,0,564
2026-07-11 21:16:57,test,1,640x480,30,0,4.0,3.0,6.9,3.0,4.0,1757.1,52.58,1800.0,throttled=0x0,0.0,0.98,0,561
2026-07-11 21:16:58,test,1,640x480,30,0,4.7,4.0,4.0,4.9,2.9,1757.1,51.61,700.0,throttled=0x0,0.0,0.98,0,561
2026-07-11 21:16:59,test,1,640x480,30,0,4.7,4.9,4.9,6.9,4.8,1757.3,51.61,1800.0,throttled=0x0,0.0,0.96,0,561
2026-07-11 21:17:00,test,1,640x480,30,0,4.2,3.9,4.0,5.0,2.9,1757.3,53.07,1800.0,throttled=0x0,0.0,0.98,0,561
2026-07-11 21:17:01,test,1,640x480,30,0,6.6,5.0,6.9,8.7,5.0,1759.2,52.09,1800.0,throttled=0x0,0.2,0.97,0,564
2026-07-11 21:17:02,test,1,640x480,30,0,4.7,3.0,7.7,4.0,3.0,1759.4,51.61,1800.0,throttled=0x0,0.0,0.98,0,561
2026-07-11 21:17:04,test,1,640x480,30,0,3.9,2.9,4.9,2.0,4.9,1759.5,52.09,700.0,throttled=0x0,0.0,0.98,0,561
2026-07-11 21:17:05,test,1,640x480,30,0,6.0,6.7,9.4,4.9,4.8,1759.5,50.63,1800.0,throttled=0x0,0.0,0.96,0,561
2026-07-11 21:17:06,test,1,640x480,30,0,3.5,3.9,5.0,3.9,3.0,1759.5,53.07,1800.0,throttled=0x0,0.0,0.98,0,561
2026-07-11 21:17:07,test,1,640x480,30,0,6.1,5.9,7.8,2.0,6.8,1759.9,52.09,1800.0,throttled=0x0,0.2,0.98,0,564
2026-07-11 21:17:08,test,1,640x480,30,0,4.0,5.0,4.0,3.9,3.0,1760.1,51.61,1800.0,throttled=0x0,0.0,0.98,0,561
2026-07-11 21:17:09,test,1,640x480,30,0,4.2,2.9,4.0,5.8,5.0,1760.0,51.61,700.0,throttled=0x0,0.0,0.98,0,561
2026-07-11 21:17:10,test,1,640x480,30,0,8.7,6.9,15.9,5.7,4.9,1760.0,52.09,900.0,throttled=0x0,0.0,0.96,0,561
2026-07-11 21:17:11,test,1,640x480,30,0,8.0,6.8,8.8,10.5,5.9,1759.6,51.61,800.0,throttled=0x0,0.0,0.96,0,563
2026-07-11 21:17:12,test,1,640x480,30,0,9.4,12.3,6.9,11.5,7.8,1760.4,51.61,1800.0,throttled=0x0,0.0,0.96,0,564
2026-07-11 21:17:13,test,1,640x480,30,0,4.9,4.0,4.9,6.9,3.9,1759.9,52.09,1800.0,throttled=0x0,0.0,0.98,0,561
2026-07-11 21:17:14,test,1,640x480,30,0,3.2,2.0,3.9,4.0,3.0,1759.9,52.09,1800.0,throttled=0x0,0.0,0.98,0,561
2026-07-11 21:17:15,test,1,640x480,30,0,4.2,3.0,3.9,5.9,3.9,1759.4,52.58,1800.0,throttled=0x0,0.0,0.98,0,561
2026-07-11 21:17:16,test,1,640x480,30,0,5.2,4.0,4.0,5.9,5.8,1760.1,52.09,700.0,throttled=0x0,0.0,0.98,0,564
2026-07-11 21:17:17,test,1,640x480,30,0,5.3,3.0,5.8,7.8,4.8,1760.1,51.61,1800.0,throttled=0x0,0.0,0.96,0,561
2026-07-11 21:17:18,test,1,640x480,30,0,3.9,4.9,2.0,3.9,4.9,1760.1,51.61,1800.0,throttled=0x0,0.2,0.98,0,561
2026-07-11 21:17:19,test,1,640x480,30,0,27.7,26.7,27.5,28.7,29.4,1749.7,53.07,1800.0,throttled=0x0,0.0,0.98,0,561
2026-07-11 21:17:20,test,1,640x480,30,0,4.7,4.0,3.0,5.9,3.9,1749.1,52.09,1800.0,throttled=0x0,0.0,0.98,0,561
2026-07-11 21:17:21,test,1,640x480,30,0,6.4,5.9,7.8,7.8,4.0,1748.8,52.09,700.0,throttled=0x0,0.0,0.98,0,564
2026-07-11 21:17:22,test,1,640x480,30,0,5.9,4.7,7.5,2.9,8.5,1748.3,52.58,1800.0,throttled=0x0,0.0,0.95,0,561
2026-07-11 21:17:23,test,1,640x480,30,0,3.7,4.9,3.9,2.9,5.0,1748.3,53.07,1800.0,throttled=0x0,0.0,0.98,0,561
2026-07-11 21:17:24,test,1,640x480,30,0,3.5,4.0,3.0,2.0,5.0,1748.3,52.09,1800.0,throttled=0x0,0.0,0.98,0,561
2026-07-11 21:17:25,test,1,640x480,30,0,3.0,4.0,1.0,2.0,3.0,1748.3,52.09,1800.0,throttled=0x0,0.0,0.98,0,561
2026-07-11 21:17:26,test,1,640x480,30,0,5.2,4.0,5.0,6.9,5.9,1748.4,52.09,700.0,throttled=0x0,0.0,0.98,0,564
2026-07-11 21:17:27,test,1,640x480,30,0,5.5,6.7,5.7,1.9,8.7,1748.6,51.61,1800.0,throttled=0x0,0.0,0.96,0,561
2026-07-11 21:17:28,test,1,640x480,30,0,4.2,3.9,2.0,3.9,4.9,1748.6,51.12,1800.0,throttled=0x0,0.0,0.98,0,561
2026-07-11 21:17:29,test,1,640x480,30,0,3.9,4.0,3.0,5.8,3.0,1748.5,52.58,1800.0,throttled=0x0,0.0,0.98,0,561
2026-07-11 21:17:30,test,1,640x480,30,0,4.9,5.9,3.9,3.9,5.8,1748.6,51.61,1800.0,throttled=0x0,0.0,0.98,0,561
2026-07-11 21:17:31,test,1,640x480,30,0,5.9,8.7,5.9,5.0,5.0,1747.8,52.58,700.0,throttled=0x0,0.0,0.98,0,564
2026-07-11 21:17:32,test,1,640x480,30,0,8.2,11.7,9.5,4.8,5.8,1747.5,52.09,700.0,throttled=0x0,0.0,0.96,0,562
2026-07-11 21:17:33,test,1,640x480,30,0,8.0,15.4,6.7,4.9,5.8,1747.1,52.09,700.0,throttled=0x0,0.0,0.96,0,562
2026-07-11 21:17:34,test,1,640x480,30,0,7.5,9.6,7.7,8.7,3.9,1747.2,52.58,600.0,throttled=0x0,0.2,0.96,0,562
2026-07-11 21:17:35,test,1,640x480,30,0,6.8,6.9,6.7,7.8,4.9,1747.6,51.12,700.0,throttled=0x0,0.0,0.95,0,562
2026-07-11 21:17:36,test,1,640x480,30,0,7.9,10.5,7.7,11.3,4.9,1748.4,53.07,1800.0,throttled=0x0,0.0,0.95,0,565
2026-07-11 21:17:37,test,1,640x480,30,0,5.6,7.8,3.9,3.9,5.0,1748.6,51.61,1800.0,throttled=0x0,0.0,0.98,0,562
2026-07-11 21:17:39,test,1,640x480,30,0,4.7,4.0,3.0,5.8,5.0,1748.3,52.09,1800.0,throttled=0x0,0.0,0.98,0,562
2026-07-11 21:17:40,test,1,640x480,30,0,3.7,3.0,3.9,3.9,2.0,1748.0,52.09,1800.0,throttled=0x0,0.0,0.98,0,562
2026-07-11 21:17:41,test,1,640x480,30,0,4.0,5.0,2.0,5.9,4.9,1747.7,53.56,700.0,throttled=0x0,0.0,0.98,0,562
2026-07-11 21:17:42,test,1,640x480,30,0,10.0,9.8,13.2,5.8,12.6,1747.0,52.09,700.0,throttled=0x0,0.0,0.96,0,566
2026-07-11 21:17:43,test,1,640x480,30,0,6.9,10.5,6.6,2.9,6.7,1747.5,52.09,1800.0,throttled=0x0,0.0,0.96,0,563
2026-07-11 21:17:44,test,1,640x480,30,0,4.9,7.8,4.8,1.0,4.9,1747.3,52.09,1800.0,throttled=0x0,0.0,0.98,0,563
2026-07-11 21:17:45,test,1,640x480,30,0,4.2,6.9,2.0,3.9,3.0,1746.7,51.61,1800.0,throttled=0x0,0.0,0.98,0,562
2026-07-11 21:17:46,test,1,640x480,30,0,4.4,4.9,3.9,5.0,4.0,1747.2,51.61,1800.0,throttled=0x0,0.2,0.98,0,564
2026-07-11 21:17:47,test,1,640x480,30,0,4.5,7.8,3.0,2.0,5.9,1747.4,52.58,700.0,throttled=0x0,0.0,0.98,0,564
2026-07-11 21:17:48,test,1,640x480,30,0,5.3,7.7,4.8,3.9,4.8,1747.8,53.07,1800.0,throttled=0x0,0.0,0.96,0,562
2026-07-11 21:17:49,test,1,640x480,30,0,4.2,4.9,3.0,4.9,4.9,1747.8,52.58,1800.0,throttled=0x0,0.0,0.98,0,562
2026-07-11 21:17:50,test,1,640x480,30,0,4.2,4.0,3.0,3.9,4.0,1748.1,52.09,1800.0,throttled=0x0,0.0,0.98,0,562
2026-07-11 21:17:51,test,1,640x480,30,0,5.2,9.7,4.0,3.0,4.9,1749.8,52.09,1800.0,throttled=0x0,0.0,0.98,0,565
2026-07-11 21:17:52,test,1,640x480,30,0,4.7,5.9,4.0,4.9,4.9,1750.0,50.63,700.0,throttled=0x0,0.0,0.98,0,562
2026-07-11 21:17:53,test,1,640x480,30,0,6.3,9.6,6.7,3.8,3.9,1750.0,51.61,1800.0,throttled=0x0,0.0,0.96,0,562
2026-07-11 21:17:54,test,1,640x480,30,0,3.5,5.0,3.0,3.0,3.9,1750.0,51.61,1800.0,throttled=0x0,0.0,0.98,0,562
2026-07-11 21:17:55,test,1,640x480,30,0,4.7,5.9,5.9,3.9,2.9,1750.0,52.09,1800.0,throttled=0x0,0.0,0.98,0,562
2026-07-11 21:17:56,test,1,640x480,30,0,6.4,7.0,6.9,4.9,5.9,1752.0,52.09,1800.0,throttled=0x0,0.0,0.98,0,565
2026-07-11 21:17:57,test,1,640x480,30,0,3.7,4.0,5.8,3.0,3.0,1752.0,52.58,1800.0,throttled=0x0,0.0,0.97,0,562
2026-07-11 21:17:58,test,1,640x480,30,0,5.8,6.8,4.8,5.7,4.9,1752.0,51.61,1800.0,throttled=0x0,0.2,0.96,0,562
2026-07-11 21:17:59,test,1,640x480,30,0,3.5,4.9,3.9,4.0,3.0,1752.0,52.58,1800.0,throttled=0x0,0.0,0.98,0,562
2026-07-11 21:18:00,test,1,640x480,30,0,4.0,4.0,3.9,4.9,2.0,1752.2,52.58,1800.0,throttled=0x0,0.0,0.98,0,562
2026-07-11 21:18:01,test,1,640x480,30,0,5.2,4.0,7.8,5.0,3.0,1753.5,52.58,1800.0,throttled=0x0,0.0,0.98,0,565
2026-07-11 21:18:02,test,1,640x480,30,0,3.7,6.0,2.9,4.0,2.0,1753.2,53.07,1800.0,throttled=0x0,0.0,0.98,0,562
2026-07-11 21:18:03,test,1,640x480,30,0,5.5,9.3,4.9,6.7,3.9,1753.2,52.58,1800.0,throttled=0x0,0.0,0.96,0,562
2026-07-11 21:18:04,test,1,640x480,30,0,3.7,4.0,3.0,2.9,2.0,1753.4,51.61,1800.0,throttled=0x0,0.0,0.98,0,562
2026-07-11 21:18:05,test,1,640x480,30,0,4.2,4.9,4.0,3.9,4.0,1753.2,52.09,1800.0,throttled=0x0,0.0,0.98,0,562
2026-07-11 21:18:06,test,1,640x480,30,0,5.7,8.7,4.9,6.9,4.0,1754.4,52.09,1800.0,throttled=0x0,0.0,0.98,0,565
2026-07-11 21:18:07,test,1,640x480,30,0,3.5,4.0,2.0,2.0,5.0,1754.1,53.07,700.0,throttled=0x0,0.0,0.98,0,562
2026-07-11 21:18:08,test,1,640x480,30,0,5.3,6.8,4.8,3.8,4.8,1754.0,52.58,1800.0,throttled=0x0,0.0,0.96,0,562
2026-07-11 21:18:09,test,1,640x480,30,0,4.0,4.9,3.9,3.9,4.0,1754.0,51.61,1800.0,throttled=0x0,0.0,0.98,0,562
2026-07-11 21:18:10,test,1,640x480,30,0,3.9,4.0,3.9,4.9,4.0,1754.0,52.09,1800.0,throttled=0x0,0.2,0.98,0,562
2026-07-11 21:18:11,test,1,640x480,30,0,5.2,4.9,6.0,3.0,4.0,1754.5,52.58,1800.0,throttled=0x0,0.0,0.98,0,565
2026-07-11 21:18:12,test,1,640x480,30,0,4.4,3.0,7.8,3.9,3.9,1754.3,52.09,600.0,throttled=0x0,0.0,0.98,0,562
2026-07-11 21:18:13,test,1,640x480,30,0,7.0,6.8,7.8,4.8,7.7,1754.5,51.12,600.0,throttled=0x0,0.0,0.95,0,562
2026-07-11 21:18:14,test,1,640x480,30,0,7.9,7.6,10.4,6.7,8.7,1754.2,52.09,800.0,throttled=0x0,0.0,0.95,0,562
2026-07-11 21:18:15,test,1,640x480,30,0,6.9,6.7,8.5,5.7,5.8,1754.2,52.09,1800.0,throttled=0x0,0.0,0.96,0,562
2026-07-11 21:18:17,test,1,640x480,30,0,5.9,4.0,8.7,6.9,4.0,1754.5,52.09,1800.0,throttled=0x0,0.0,0.98,0,565
2026-07-11 21:18:18,test,1,640x480,30,0,3.7,4.9,4.0,3.0,4.0,1754.5,52.58,1800.0,throttled=0x0,0.0,0.98,0,562
2026-07-11 21:18:19,test,1,640x480,30,0,4.2,2.9,6.9,2.0,4.0,1754.5,52.58,1800.0,throttled=0x0,0.0,0.98,0,562
2026-07-11 21:18:20,test,1,640x480,30,0,4.4,4.0,4.9,3.9,4.9,1754.7,52.09,700.0,throttled=0x0,0.0,0.97,0,562
2026-07-11 21:18:21,test,1,640x480,30,0,5.3,3.9,8.6,6.7,3.9,1754.7,52.58,1800.0,throttled=0x0,0.0,0.96,0,562
2026-07-11 21:18:22,test,1,640x480,30,0,6.6,5.0,5.9,7.0,8.7,1755.4,52.58,1800.0,throttled=0x0,0.2,0.98,0,565
2026-07-11 21:18:23,test,1,640x480,30,0,4.0,4.9,4.9,2.0,4.0,1755.4,51.12,1800.0,throttled=0x0,0.0,0.98,0,562
2026-07-11 21:18:24,test,1,640x480,30,0,4.2,4.0,4.0,2.9,3.9,1755.2,52.58,1800.0,throttled=0x0,0.0,0.98,0,562
2026-07-11 21:18:25,test,1,640x480,30,0,3.7,3.0,4.0,3.9,5.8,1755.1,52.58,700.0,throttled=0x0,0.0,0.98,0,562
2026-07-11 21:18:26,test,1,640x480,30,0,8.5,13.5,8.8,3.9,6.7,1755.5,53.07,1000.0,throttled=0x0,0.0,0.96,0,562
2026-07-11 21:18:27,test,1,640x480,30,0,6.8,8.7,8.7,5.8,4.0,1755.8,52.58,1800.0,throttled=0x0,0.0,0.97,0,565
2026-07-11 21:18:28,test,1,640x480,30,0,4.7,3.9,6.0,4.9,3.0,1754.9,51.12,1800.0,throttled=0x0,0.0,0.98,0,562
2026-07-11 21:18:29,test,1,640x480,30,0,3.5,3.0,6.9,2.0,3.0,1755.0,51.61,1800.0,throttled=0x0,0.0,0.98,0,562
2026-07-11 21:18:30,test,1,640x480,30,0,3.9,3.0,4.0,4.9,4.9,1754.9,53.07,1800.0,throttled=0x0,0.0,0.98,0,562
2026-07-11 21:18:31,test,1,640x480,30,0,5.9,5.9,5.9,6.9,3.0,1755.4,52.58,700.0,throttled=0x0,0.0,0.98,0,565
2026-07-11 21:18:32,test,1,640x480,30,0,5.3,5.8,6.8,2.9,4.9,1755.4,52.09,1800.0,throttled=0x0,0.0,0.96,0,562
2026-07-11 21:18:33,test,1,640x480,30,0,3.5,4.0,4.0,3.0,3.9,1755.4,52.09,1800.0,throttled=0x0,0.0,0.98,0,562
2026-07-11 21:18:34,test,1,640x480,30,0,4.2,4.0,5.0,2.0,5.0,1755.4,51.12,1800.0,throttled=0x0,0.0,0.98,0,562
2026-07-11 21:18:35,test,1,640x480,30,0,3.5,3.9,4.0,2.9,5.0,1755.2,51.61,1800.0,throttled=0x0,0.0,0.98,0,562
2026-07-11 21:18:36,test,1,640x480,30,0,6.1,5.9,6.1,5.9,5.8,1756.9,53.07,700.0,throttled=0x0,0.0,0.97,0,565
2026-07-11 21:18:37,test,1,640x480,30,0,4.6,5.7,2.9,2.9,5.8,1756.9,52.09,1800.0,throttled=0x0,0.0,0.96,0,562
2026-07-11 21:18:38,test,1,640x480,30,0,3.5,3.9,4.0,2.0,4.9,1757.1,53.07,1800.0,throttled=0x0,0.0,0.98,0,562
2026-07-11 21:18:39,test,1,640x480,30,0,4.4,4.9,3.0,3.9,4.9,1757.1,52.09,1800.0,throttled=0x0,1.0,0.98,0,562
2026-07-11 21:18:40,test,1,640x480,30,0,3.9,3.0,3.0,3.9,6.9,1757.1,52.09,1800.0,throttled=0x0,0.0,0.98,0,562
2026-07-11 21:18:41,test,1,640x480,30,0,6.4,7.8,4.9,5.9,7.8,1759.0,51.12,700.0,throttled=0x0,0.0,0.98,0,566
2026-07-11 21:18:42,test,1,640x480,30,0,8.7,7.8,7.6,10.7,7.8,1758.3,51.12,600.0,throttled=0x0,0.0,0.95,0,563
2026-07-11 21:18:43,test,1,640x480,30,0,8.4,11.7,3.9,7.6,9.6,1758.0,51.61,800.0,throttled=0x0,0.0,0.96,0,563
2026-07-11 21:18:44,test,1,640x480,30,0,6.0,6.6,5.7,5.7,7.7,1758.0,52.09,1800.0,throttled=0x0,0.0,0.96,0,563
2026-07-11 21:18:45,test,1,640x480,30,0,4.2,3.9,3.0,4.9,4.0,1757.9,52.58,1800.0,throttled=0x0,0.2,0.98,0,563
2026-07-11 21:18:46,test,1,640x480,30,0,5.4,5.0,5.0,5.9,4.0,1758.2,52.09,1800.0,throttled=0x0,0.0,0.98,0,566
2026-07-11 21:18:47,test,1,640x480,30,0,4.4,2.0,5.9,3.9,6.8,1758.0,52.58,1800.0,throttled=0x0,0.0,0.98,0,564
2026-07-11 21:18:48,test,1,640x480,30,0,4.2,3.9,5.8,3.9,5.0,1757.9,52.09,700.0,throttled=0x0,0.0,0.98,0,564
2026-07-11 21:18:49,test,1,640x480,30,0,7.1,6.7,7.7,5.8,9.7,1757.9,52.58,600.0,throttled=0x0,0.0,0.96,0,564
2026-07-11 21:18:50,test,1,640x480,30,0,5.3,3.8,3.8,4.9,6.8,1757.9,52.58,1800.0,throttled=0x0,0.0,0.95,0,564
2026-07-11 21:18:51,test,1,640x480,30,0,30.8,30.0,30.4,28.7,33.7,1748.7,52.09,1800.0,throttled=0x0,0.0,0.98,0,567
2026-07-11 21:18:52,test,1,640x480,30,0,4.7,2.9,3.9,5.0,7.7,1748.9,53.07,1800.0,throttled=0x0,0.0,0.98,0,564
2026-07-11 21:18:53,test,1,640x480,30,0,3.9,3.9,3.9,6.0,2.0,1748.7,52.09,1800.0,throttled=0x0,0.0,0.98,0,564
2026-07-11 21:18:55,test,1,640x480,30,0,4.2,2.0,4.0,5.9,3.9,1748.2,52.58,700.0,throttled=0x0,0.0,0.98,0,563
2026-07-11 21:18:56,test,1,640x480,30,0,5.6,7.5,10.6,3.9,2.9,1748.1,52.58,1800.0,throttled=0x0,0.0,0.96,0,563
2026-07-11 21:18:57,test,1,640x480,30,0,5.9,6.9,4.9,6.9,2.0,1748.7,53.07,1800.0,throttled=0x0,0.0,0.98,0,566
2026-07-11 21:18:58,test,1,640x480,30,0,4.4,3.0,3.0,6.9,4.9,1747.8,52.09,1800.0,throttled=0x0,0.2,0.98,0,563
2026-07-11 21:18:59,test,1,640x480,30,0,3.2,2.9,1.0,5.0,4.9,1748.1,53.07,1800.0,throttled=0x0,0.0,0.98,0,563
2026-07-11 21:19:00,test,1,640x480,30,0,4.2,4.0,4.8,4.0,3.0,1747.5,52.09,1800.0,throttled=0x0,0.0,0.98,0,563
2026-07-11 21:19:01,test,1,640x480,30,0,6.0,2.9,4.9,7.8,7.7,1747.5,52.58,1800.0,throttled=0x0,0.0,0.96,0,563
2026-07-11 21:19:02,test,1,640x480,30,0,5.7,5.9,5.8,7.9,5.9,1748.0,52.09,1800.0,throttled=0x0,0.0,0.98,0,566
2026-07-11 21:19:03,test,1,640x480,30,0,5.1,5.0,4.0,6.9,4.9,1748.3,52.09,1800.0,throttled=0x0,0.0,0.98,0,563
2026-07-11 21:19:04,test,1,640x480,30,0,4.2,4.0,2.0,4.9,4.9,1748.3,52.09,1800.0,throttled=0x0,0.0,0.98,0,563
2026-07-11 21:19:05,test,1,640x480,30,0,3.7,3.0,3.9,3.0,4.9,1748.0,52.09,700.0,throttled=0x0,0.0,0.98,0,563
2026-07-11 21:19:06,test,1,640x480,30,0,6.9,4.8,6.7,10.4,5.8,1748.7,52.09,1800.0,throttled=0x0,0.0,0.95,0,566
2026-07-11 21:19:07,test,1,640x480,30,0,4.4,1.0,4.0,6.8,4.9,1748.2,51.61,1800.0,throttled=0x0,0.0,0.98,0,563
2026-07-11 21:19:08,test,1,640x480,30,0,3.7,4.9,2.9,4.0,4.9,1747.9,52.09,1800.0,throttled=0x0,0.0,0.98,0,563
2026-07-11 21:19:09,test,1,640x480,30,0,3.7,2.0,4.9,4.0,2.0,1747.9,52.58,1800.0,throttled=0x0,0.0,0.98,0,563
2026-07-11 21:19:10,test,1,640x480,30,0,4.0,4.9,2.0,3.0,6.8,1747.6,52.09,600.0,throttled=0x0,0.2,0.98,0,563
2026-07-11 21:19:11,test,1,640x480,30,0,7.7,8.7,4.9,6.7,9.6,1750.1,53.07,1800.0,throttled=0x0,0.0,0.95,0,566
2026-07-11 21:19:12,test,1,640x480,30,0,4.9,3.9,5.0,4.9,5.8,1750.2,52.58,1800.0,throttled=0x0,0.0,0.97,0,563
2026-07-11 21:19:13,test,1,640x480,30,0,3.9,3.9,4.8,3.0,5.0,1750.4,52.09,1800.0,throttled=0x0,0.0,0.98,0,562
2026-07-11 21:19:14,test,1,640x480,30,0,3.7,3.0,3.0,3.0,4.9,1750.4,53.07,1800.0,throttled=0x0,0.0,0.98,0,562
2026-07-11 21:19:15,test,1,640x480,30,0,3.7,3.9,3.0,3.9,5.9,1750.3,52.58,700.0,throttled=0x0,0.0,0.98,0,563
2026-07-11 21:19:16,test,1,640x480,30,0,9.0,7.6,7.8,9.8,9.9,1751.1,52.58,800.0,throttled=0x0,0.0,0.96,0,566
2026-07-11 21:19:17,test,1,640x480,30,0,6.7,4.9,4.8,5.8,9.5,1751.3,52.58,1800.0,throttled=0x0,0.0,0.96,0,563
2026-07-11 21:19:18,test,1,640x480,30,0,4.2,5.8,4.0,3.9,5.0,1751.3,52.58,1800.0,throttled=0x0,0.0,0.98,0,563
2026-07-11 21:19:19,test,1,640x480,30,0,3.5,2.0,3.9,2.9,5.8,1751.5,53.07,1800.0,throttled=0x0,0.0,0.98,0,563
2026-07-11 21:19:20,test,1,640x480,30,0,4.2,3.9,3.9,5.0,3.9,1751.8,52.58,1800.0,throttled=0x0,0.0,0.98,0,563
2026-07-11 21:19:21,test,1,640x480,30,0,5.9,4.0,6.8,5.9,5.9,1752.2,52.09,700.0,throttled=0x0,0.2,0.98,0,566
2026-07-11 21:19:22,test,1,640x480,30,0,8.7,11.4,10.5,6.7,6.7,1752.6,52.09,700.0,throttled=0x0,0.0,0.96,0,563
2026-07-11 21:19:23,test,1,640x480,30,0,6.5,5.9,9.7,5.8,3.8,1752.6,52.09,600.0,throttled=0x0,0.0,0.96,0,563
2026-07-11 21:19:24,test,1,640x480,30,0,5.0,2.0,8.7,3.8,4.8,1752.3,51.61,1800.0,throttled=0x0,0.0,0.95,0,563
2026-07-11 21:19:25,test,1,640x480,30,0,4.2,3.9,4.9,5.0,3.9,1751.6,51.12,1800.0,throttled=0x0,0.0,0.98,0,563
2026-07-11 21:19:26,test,1,640x480,30,0,5.4,4.9,5.0,6.9,5.9,1751.6,52.58,1800.0,throttled=0x0,0.0,0.98,0,566
2026-07-11 21:19:27,test,1,640x480,30,0,4.7,3.0,5.9,4.8,3.9,1751.8,52.09,1800.0,throttled=0x0,0.2,0.98,0,563
2026-07-11 21:19:28,test,1,640x480,30,0,4.0,3.9,4.9,4.0,3.0,1751.5,52.58,700.0,throttled=0x0,0.0,0.98,0,563
2026-07-11 21:19:29,test,1,640x480,30,0,5.3,6.8,5.8,5.8,2.9,1751.4,52.58,1800.0,throttled=0x0,0.2,0.96,0,562
2026-07-11 21:19:30,test,1,640x480,30,0,4.9,5.8,5.0,5.8,2.9,1751.2,52.58,1800.0,throttled=0x0,0.0,0.98,0,562
2026-07-11 21:19:32,test,1,640x480,30,0,5.7,5.8,6.9,7.0,4.9,1751.8,53.56,1800.0,throttled=0x0,0.0,0.98,0,565
2026-07-11 21:19:33,test,1,640x480,30,0,4.0,3.0,5.9,3.0,2.0,1752.6,53.56,1800.0,throttled=0x0,0.0,0.98,0,562
2026-07-11 21:19:34,test,1,640x480,30,0,4.2,2.9,4.9,5.8,4.9,1752.3,51.61,700.0,throttled=0x0,0.2,0.98,0,562
2026-07-11 21:19:35,test,1,640x480,30,0,8.8,8.5,13.5,4.8,6.8,1752.3,52.58,900.0,throttled=0x0,0.0,0.95,0,562
2026-07-11 21:19:36,test,1,640x480,30,0,7.1,5.0,12.6,3.0,5.8,1752.1,51.61,600.0,throttled=0x0,0.0,0.96,0,562
2026-07-11 21:19:37,test,1,640x480,30,0,8.9,7.7,12.4,8.5,7.7,1753.1,52.58,1800.0,throttled=0x0,0.0,0.95,0,565
2026-07-11 21:19:38,test,1,640x480,30,0,3.5,5.8,4.0,1.0,3.0,1753.1,51.61,1800.0,throttled=0x0,0.0,0.98,0,562
2026-07-11 21:19:39,test,1,640x480,30,0,4.0,3.0,4.9,4.0,3.9,1753.0,52.58,1800.0,throttled=0x0,0.0,0.98,0,562
2026-07-11 21:19:40,test,1,640x480,30,0,3.2,3.0,4.0,2.9,3.0,1752.8,52.09,1800.0,throttled=0x0,0.0,0.98,0,562
2026-07-11 21:19:41,test,1,640x480,30,0,5.2,3.0,9.8,4.9,3.0,1752.8,53.07,1800.0,throttled=0x0,0.0,0.98,0,565
2026-07-11 21:19:42,test,1,640x480,30,0,7.4,7.7,8.9,5.0,8.0,1752.8,52.09,700.0,throttled=0x0,0.0,0.97,0,562
2026-07-11 21:19:43,test,1,640x480,30,0,6.8,7.6,6.9,6.7,7.7,1752.8,52.09,700.0,throttled=0x0,0.0,0.96,0,562
2026-07-11 21:19:44,test,1,640x480,30,0,6.6,4.9,7.8,6.9,4.9,1752.8,51.12,700.0,throttled=0x0,0.0,0.96,0,562
2026-07-11 21:19:45,test,1,640x480,30,0,7.7,5.8,8.7,8.7,6.9,1752.8,51.12,600.0,throttled=0x0,0.0,0.96,0,562
2026-07-11 21:19:46,test,1,640x480,30,0,11.5,15.0,14.4,10.4,7.8,1754.2,51.61,1800.0,throttled=0x0,0.0,0.95,0,565
2026-07-11 21:19:47,test,1,640x480,30,0,4.4,4.9,6.8,3.9,4.0,1754.7,52.09,1800.0,throttled=0x0,0.0,0.98,0,562
2026-07-11 21:19:48,test,1,640x480,30,0,3.9,4.9,3.0,2.0,4.9,1754.2,51.61,1800.0,throttled=0x0,0.0,0.98,0,562
2026-07-11 21:19:49,test,1,640x480,30,0,3.5,3.0,3.0,3.0,3.0,1754.7,52.58,1800.0,throttled=0x0,0.0,0.98,0,563
2026-07-11 21:19:50,test,1,640x480,30,0,3.9,2.0,3.0,4.9,5.8,1754.6,52.09,1800.0,throttled=0x0,0.2,0.98,0,563
2026-07-11 21:19:51,test,1,640x480,30,0,6.0,9.0,5.9,4.0,5.9,1755.4,52.09,1000.0,throttled=0x0,0.0,0.98,0,566
2026-07-11 21:19:52,test,1,640x480,30,0,8.7,8.8,12.5,4.9,6.7,1755.4,52.58,600.0,throttled=0x0,0.0,0.96,0,563
2026-07-11 21:19:53,test,1,640x480,30,0,5.8,4.9,7.6,6.6,5.7,1755.4,51.61,1800.0,throttled=0x0,0.0,0.95,0,562
2026-07-11 21:19:54,test,1,640x480,30,0,4.0,3.0,5.0,2.0,4.9,1755.6,51.61,1800.0,throttled=0x0,0.0,0.98,0,562
2026-07-11 21:19:55,test,1,640x480,30,0,3.7,5.0,5.9,1.0,3.0,1755.9,53.56,1800.0,throttled=0x0,0.0,0.98,0,562
2026-07-11 21:19:56,test,1,640x480,30,0,5.9,5.8,7.8,5.0,5.9,1758.6,52.58,1800.0,throttled=0x0,0.0,0.98,0,565
2026-07-11 21:19:57,test,1,640x480,30,0,5.4,4.0,6.9,4.9,5.8,1757.8,51.61,700.0,throttled=0x0,0.0,0.98,0,562
2026-07-11 21:19:58,test,1,640x480,30,0,7.7,4.9,8.7,7.8,8.5,1757.6,51.61,700.0,throttled=0x0,0.0,0.96,0,562
2026-07-11 21:19:59,test,1,640x480,30,0,6.5,7.6,6.8,7.8,3.9,1757.0,52.09,600.0,throttled=0x0,0.0,0.96,0,562
2026-07-11 21:20:00,test,1,640x480,30,0,6.2,5.8,6.8,6.7,5.7,1757.3,51.61,1800.0,throttled=0x0,0.0,0.95,0,562
2026-07-11 21:20:01,test,1,640x480,30,0,5.4,5.9,5.9,5.8,6.0,1757.7,52.09,1800.0,throttled=0x0,0.2,0.98,0,565
2026-07-11 21:20:02,test,1,640x480,30,0,5.4,3.0,6.8,5.9,4.9,1758.2,52.09,1800.0,throttled=0x0,0.0,0.98,0,562
2026-07-11 21:20:03,test,1,640x480,30,0,3.5,2.0,3.0,6.7,3.0,1758.1,52.09,1800.0,throttled=0x0,0.0,0.98,0,562
2026-07-11 21:20:04,test,1,640x480,30,0,5.2,4.0,3.0,6.8,6.9,1757.8,51.61,700.0,throttled=0x0,0.0,0.98,0,562
2026-07-11 21:20:06,test,1,640x480,30,0,5.5,7.5,3.8,6.8,3.8,1758.5,51.61,1800.0,throttled=0x0,0.0,0.95,0,562
2026-07-11 21:20:07,test,1,640x480,30,0,5.6,3.0,5.9,5.9,6.8,1759.1,53.07,1800.0,throttled=0x0,0.0,0.98,0,565
2026-07-11 21:20:08,test,1,640x480,30,0,4.5,3.9,5.0,5.9,3.0,1759.0,52.58,1800.0,throttled=0x0,0.0,0.98,0,562
2026-07-11 21:20:09,test,1,640x480,30,0,3.5,1.0,3.9,5.8,3.9,1759.0,51.61,1800.0,throttled=0x0,0.0,0.98,0,562
2026-07-11 21:20:10,test,1,640x480,30,0,3.7,4.0,2.0,5.9,3.0,1759.2,52.09,700.0,throttled=0x0,0.0,0.98,0,562
2026-07-11 21:20:11,test,1,640x480,30,0,6.5,4.8,6.8,7.8,5.9,1759.2,51.61,600.0,throttled=0x0,0.0,0.96,0,562
2026-07-11 21:20:12,test,1,640x480,30,0,10.0,8.7,9.5,14.2,6.7,1759.9,52.09,1800.0,throttled=0x0,0.0,0.95,0,565
2026-07-11 21:20:13,test,1,640x480,30,0,4.2,4.0,2.9,5.9,4.0,1759.6,52.09,1800.0,throttled=0x0,0.2,0.98,0,562
2026-07-11 21:20:14,test,1,640x480,30,0,3.7,2.9,2.0,6.9,2.9,1759.8,53.07,1800.0,throttled=0x0,0.0,0.98,0,562
2026-07-11 21:20:15,test,1,640x480,30,0,3.0,2.0,5.9,4.0,3.0,1759.8,51.61,1800.0,throttled=0x0,0.0,0.98,0,562
2026-07-11 21:20:16,test,1,640x480,30,0,5.4,6.8,2.0,6.9,4.0,1759.4,51.61,700.0,throttled=0x0,0.0,0.98,0,565
2026-07-11 21:20:17,test,1,640x480,30,0,5.3,3.0,4.8,8.7,5.7,1759.3,51.12,1800.0,throttled=0x0,0.0,0.96,0,562
2026-07-11 21:20:18,test,1,640x480,30,0,3.2,2.9,2.0,4.0,3.0,1759.2,53.07,1800.0,throttled=0x0,0.0,0.98,0,562
2026-07-11 21:20:19,test,1,640x480,30,0,4.0,3.9,5.8,4.0,2.0,1759.2,52.09,1800.0,throttled=0x0,0.0,0.98,0,562
2026-07-11 21:20:20,test,1,640x480,30,0,4.0,3.0,4.9,5.0,3.0,1759.2,52.09,1800.0,throttled=0x0,0.0,0.98,0,562
2026-07-11 21:20:21,test,1,640x480,30,0,6.3,4.0,7.8,4.0,8.6,1759.7,52.09,700.0,throttled=0x0,0.0,0.98,0,565
2026-07-11 21:20:22,test,1,640x480,30,0,8.2,9.7,5.7,12.6,5.8,1759.7,52.58,800.0,throttled=0x0,0.0,0.96,0,562
2026-07-11 21:20:23,test,1,640x480,30,0,27.6,30.8,26.9,26.7,26.9,1749.9,52.58,1800.0,throttled=0x0,0.0,0.96,0,562
2026-07-11 21:20:24,test,1,640x480,30,0,4.2,4.0,5.9,3.0,3.9,1750.2,52.58,1800.0,throttled=0x0,0.0,0.98,0,562
2026-07-11 21:20:25,test,1,640x480,30,0,3.9,6.8,2.0,4.0,2.0,1749.7,52.58,1800.0,throttled=0x0,0.0,0.98,0,562
2026-07-11 21:20:26,test,1,640x480,30,0,5.4,7.9,3.0,5.0,5.9,1749.8,52.58,1800.0,throttled=0x0,0.0,0.98,0,565
2026-07-11 21:20:27,test,1,640x480,30,0,4.9,7.8,4.9,3.9,3.9,1750.1,52.09,700.0,throttled=0x0,0.0,0.98,0,562
2026-07-11 21:20:28,test,1,640x480,30,0,6.8,4.9,6.8,10.5,5.8,1750.3,52.58,700.0,throttled=0x0,0.0,0.96,0,562
2026-07-11 21:20:29,test,1,640x480,30,0,7.9,6.7,3.9,8.7,11.5,1750.3,52.58,600.0,throttled=0x0,0.0,0.96,0,562
2026-07-11 21:20:30,test,1,640x480,30,0,6.2,5.8,4.7,4.8,9.3,1750.2,52.09,1800.0,throttled=0x0,0.0,0.95,0,562
2026-07-11 21:20:31,test,1,640x480,30,0,5.4,4.0,4.0,5.8,7.9,1751.0,52.58,1800.0,throttled=0x0,0.2,0.98,0,565
2026-07-11 21:20:32,test,1,640x480,30,0,4.7,3.9,3.0,4.0,7.8,1750.6,52.58,1800.0,throttled=0x0,0.0,0.98,0,562
2026-07-11 21:20:33,test,1,640x480,30,0,3.7,2.0,1.0,3.0,7.8,1750.6,52.09,1800.0,throttled=0x0,0.0,0.98,0,562
2026-07-11 21:20:34,test,1,640x480,30,0,4.2,4.9,3.0,2.0,7.8,1750.8,52.58,700.0,throttled=0x0,0.0,0.98,0,562
2026-07-11 21:20:35,test,1,640x480,30,0,6.3,8.6,3.9,4.8,7.8,1750.8,52.58,600.0,throttled=0x0,0.0,0.96,0,562
2026-07-11 21:20:36,test,1,640x480,30,0,7.6,5.7,4.9,6.7,13.2,1751.5,52.09,1800.0,throttled=0x0,0.0,0.95,0,565
2026-07-11 21:20:37,test,1,640x480,30,0,4.4,5.8,4.0,3.0,5.9,1751.5,51.61,1800.0,throttled=0x0,0.2,0.98,0,562
2026-07-11 21:20:38,test,1,640x480,30,0,4.0,3.0,5.9,3.0,4.0,1751.3,52.09,1800.0,throttled=0x0,0.0,0.98,0,562
2026-07-11 21:20:39,test,1,640x480,30,0,4.4,4.9,4.9,3.9,4.0,1751.3,51.12,1800.0,throttled=0x0,0.0,0.97,0,562
2026-07-11 21:20:40,test,1,640x480,30,0,4.0,2.0,5.0,3.0,5.8,1751.2,51.61,700.0,throttled=0x0,0.0,0.97,0,562
2026-07-11 21:20:42,test,1,640x480,30,0,8.3,6.9,9.7,7.9,6.9,1751.7,53.07,1800.0,throttled=0x0,0.0,0.97,0,565
2026-07-11 21:20:43,test,1,640x480,30,0,4.2,3.9,4.9,4.9,5.0,1751.7,52.58,1800.0,throttled=0x0,0.0,0.98,0,562
2026-07-11 21:20:44,test,1,640x480,30,0,4.0,3.0,5.0,3.9,4.0,1751.7,51.61,1800.0,throttled=0x0,0.0,0.98,0,562
2026-07-11 21:20:45,test,1,640x480,30,0,4.0,3.0,4.0,4.0,4.0,1751.7,53.07,1800.0,throttled=0x0,0.0,0.98,0,562
2026-07-11 21:20:46,test,1,640x480,30,0,5.4,3.0,7.8,4.9,5.8,1752.0,51.61,1800.0,throttled=0x0,0.0,0.98,0,562
2026-07-11 21:20:47,test,1,640x480,30,0,7.7,8.8,5.9,9.9,5.9,1753.0,52.09,900.0,throttled=0x0,0.0,0.98,0,565
2026-07-11 21:20:48,test,1,640x480,30,0,7.2,5.7,7.8,6.7,8.5,1752.8,52.58,1800.0,throttled=0x0,0.0,0.96,0,562
2026-07-11 21:20:49,test,1,640x480,30,0,4.2,3.0,4.0,2.9,5.9,1752.5,52.58,1800.0,throttled=0x0,0.2,0.98,0,562
2026-07-11 21:20:50,test,1,640x480,30,0,3.7,6.7,3.9,2.0,2.0,1752.5,52.58,1800.0,throttled=0x0,0.0,0.98,0,562
2026-07-11 21:20:51,test,1,640x480,30,0,4.7,5.0,6.9,4.0,4.9,1755.1,53.56,1800.0,throttled=0x0,0.0,0.98,0,564
2026-07-11 21:20:52,test,1,640x480,30,0,4.9,4.0,5.9,4.9,4.0,1755.3,53.07,700.0,throttled=0x0,0.0,0.98,0,562
2026-07-11 21:20:53,test,1,640x480,30,0,6.0,8.7,4.8,3.9,4.9,1755.5,53.07,1800.0,throttled=0x0,0.0,0.96,0,562
2026-07-11 21:20:54,test,1,640x480,30,0,3.2,5.0,2.0,5.9,1.0,1755.0,51.61,1800.0,throttled=0x0,0.0,0.98,0,562
2026-07-11 21:20:55,test,1,640x480,30,0,4.0,5.0,4.9,5.0,2.0,1754.9,53.07,1800.0,throttled=0x0,0.0,0.98,0,562
2026-07-11 21:20:56,test,1,640x480,30,0,5.9,6.9,5.9,5.0,4.0,1755.4,53.07,1800.0,throttled=0x0,0.0,0.98,0,565
2026-07-11 21:20:57,test,1,640x480,30,0,4.2,5.9,2.0,4.9,4.9,1754.6,52.58,700.0,throttled=0x0,0.0,0.98,0,562
2026-07-11 21:20:58,test,1,640x480,30,0,7.9,10.6,4.8,11.5,4.8,1754.5,53.07,600.0,throttled=0x0,0.0,0.96,0,563
2026-07-11 21:20:59,test,1,640x480,30,0,7.7,7.5,8.8,5.8,8.6,1754.5,53.07,1800.0,throttled=0x0,0.0,0.95,0,563
2026-07-11 21:21:00,test,1,640x480,30,0,4.2,2.0,5.0,5.0,5.8,1754.5,53.07,1800.0,throttled=0x0,0.0,0.98,0,563
2026-07-11 21:21:01,test,1,640x480,30,0,5.0,6.9,5.0,4.0,3.0,1756.0,52.09,1800.0,throttled=0x0,0.2,0.98,0,566
2026-07-11 21:21:02,test,1,640x480,30,0,4.2,3.9,7.8,4.0,2.0,1756.0,53.07,1800.0,throttled=0x0,0.0,0.98,0,563
2026-07-11 21:21:03,test,1,640x480,30,0,5.8,3.9,7.8,4.0,7.7,1755.5,52.09,700.0,throttled=0x0,0.0,0.98,0,563
2026-07-11 21:21:04,test,1,640x480,30,0,7.9,7.7,9.6,5.8,9.5,1755.5,52.09,600.0,throttled=0x0,0.0,0.96,0,563
2026-07-11 21:21:05,test,1,640x480,30,0,6.7,4.8,2.9,11.3,3.8,1755.7,52.09,1800.0,throttled=0x0,0.0,0.95,0,563
2026-07-11 21:21:06,test,1,640x480,30,0,5.7,5.0,5.8,7.8,5.9,1755.9,52.09,1800.0,throttled=0x0,0.0,0.98,0,566
2026-07-11 21:21:07,test,1,640x480,30,0,5.1,5.8,2.9,4.9,6.8,1756.2,52.09,1800.0,throttled=0x0,0.2,0.98,0,563
2026-07-11 21:21:08,test,1,640x480,30,0,3.0,2.0,2.0,5.0,2.9,1756.1,51.61,1800.0,throttled=0x0,0.0,0.98,0,563
2026-07-11 21:21:09,test,1,640x480,30,0,4.9,4.9,5.8,6.9,2.0,1755.9,52.58,700.0,throttled=0x0,0.0,0.98,0,563
2026-07-11 21:21:10,test,1,640x480,30,0,7.3,5.8,3.9,14.7,4.9,1755.9,52.58,700.0,throttled=0x0,0.0,0.96,0,563
2026-07-11 21:21:11,test,1,640x480,30,0,7.0,8.5,2.0,10.7,5.8,1756.4,52.58,1800.0,throttled=0x0,0.0,0.96,0,566
2026-07-11 21:21:12,test,1,640x480,30,0,4.7,4.0,5.8,5.9,3.9,1756.7,52.58,1800.0,throttled=0x0,0.0,0.98,0,563
2026-07-11 21:21:13,test,1,640x480,30,0,4.4,4.9,3.9,5.1,4.9,1756.5,52.09,1800.0,throttled=0x0,0.0,0.98,0,563
2026-07-11 21:21:14,test,1,640x480,30,0,4.4,5.0,3.0,5.9,2.0,1756.7,52.58,1800.0,throttled=0x0,0.0,0.98,0,562
2026-07-11 21:21:15,test,1,640x480,30,0,3.9,3.9,2.9,5.9,3.9,1757.0,52.09,700.0,throttled=0x0,0.0,0.98,0,562
2026-07-11 21:21:16,test,1,640x480,30,0,10.0,13.5,8.5,13.3,5.7,1759.2,52.58,1800.0,throttled=0x0,0.0,0.96,0,565
2026-07-11 21:21:17,test,1,640x480,30,0,4.9,3.9,6.0,4.9,4.9,1759.1,53.07,1800.0,throttled=0x0,0.0,0.98,0,562
2026-07-11 21:21:19,test,1,640x480,30,0,4.2,4.0,4.0,3.9,3.0,1759.0,52.09,1800.0,throttled=0x0,0.0,0.98,0,562
2026-07-11 21:21:20,test,1,640x480,30,0,3.7,3.0,3.0,5.8,4.9,1759.0,51.61,1800.0,throttled=0x0,0.2,0.98,0,562
2026-07-11 21:21:21,test,1,640x480,30,0,3.5,5.0,5.9,2.0,2.0,1758.8,53.07,1800.0,throttled=0x0,0.0,0.98,0,562
2026-07-11 21:21:22,test,1,640x480,30,0,6.7,7.0,5.0,7.8,7.0,1758.5,53.56,900.0,throttled=0x0,0.0,0.98,0,565
2026-07-11 21:21:23,test,1,640x480,30,0,5.5,5.8,3.9,2.0,8.6,1758.2,53.07,1800.0,throttled=0x0,0.0,0.96,0,562
2026-07-11 21:21:24,test,1,640x480,30,0,3.7,2.0,4.9,4.9,5.0,1758.2,53.07,1800.0,throttled=0x0,0.0,0.98,0,561
2026-07-11 21:21:25,test,1,640x480,30,0,4.4,4.9,2.0,5.8,4.0,1758.0,52.58,1800.0,throttled=0x0,0.0,0.98,0,561
2026-07-11 21:21:26,test,1,640x480,30,0,4.2,4.8,3.0,3.0,4.9,1757.7,52.58,1800.0,throttled=0x0,0.0,0.98,0,561
2026-07-11 21:21:27,test,1,640x480,30,0,5.9,6.9,5.0,5.9,5.1,1757.7,52.09,700.0,throttled=0x0,0.0,0.98,0,564
2026-07-11 21:21:28,test,1,640x480,30,0,5.8,6.7,5.7,4.8,7.6,1757.7,53.07,1800.0,throttled=0x0,0.0,0.95,0,561
2026-07-11 21:21:29,test,1,640x480,30,0,3.9,3.9,2.0,3.9,4.9,1757.3,52.09,1800.0,throttled=0x0,0.0,0.98,0,561
2026-07-11 21:21:30,test,1,640x480,30,0,4.0,3.0,3.0,4.0,5.8,1757.3,52.09,1800.0,throttled=0x0,0.0,0.98,0,561
2026-07-11 21:21:31,test,1,640x480,30,0,7.6,8.8,6.9,7.8,9.7,1757.9,53.56,1800.0,throttled=0x0,0.2,0.98,0,564
2026-07-11 21:21:32,test,1,640x480,30,0,4.7,4.0,3.0,3.0,6.8,1758.2,52.09,700.0,throttled=0x0,0.0,0.98,0,561
2026-07-11 21:21:33,test,1,640x480,30,0,6.3,2.9,5.8,6.8,8.6,1757.9,52.58,600.0,throttled=0x0,0.0,0.96,0,561
2026-07-11 21:21:34,test,1,640x480,30,0,6.0,5.7,5.7,2.9,9.6,1757.9,52.09,1800.0,throttled=0x0,0.0,0.95,0,561
2026-07-11 21:21:35,test,1,640x480,30,0,4.0,4.9,3.0,4.9,3.0,1757.7,52.09,1800.0,throttled=0x0,0.0,0.98,0,562
2026-07-11 21:21:36,test,1,640x480,30,0,5.4,5.9,7.8,3.9,5.9,1759.7,52.58,1800.0,throttled=0x0,0.0,0.98,0,565
2026-07-11 21:21:37,test,1,640x480,30,0,4.9,3.0,3.9,5.9,6.8,1759.6,52.09,1800.0,throttled=0x0,0.0,0.97,0,562
2026-07-11 21:21:38,test,1,640x480,30,0,4.7,3.0,2.0,5.8,5.9,1756.8,51.61,700.0,throttled=0x0,0.0,0.98,0,562
2026-07-11 21:21:39,test,1,640x480,30,0,6.3,8.8,4.8,2.9,9.7,1756.8,52.58,900.0,throttled=0x0,0.0,0.96,0,562
2026-07-11 21:21:40,test,1,640x480,30,0,8.0,6.8,4.9,7.7,10.7,1756.8,52.09,900.0,throttled=0x0,0.0,0.97,0,562
2026-07-11 21:21:41,test,1,640x480,30,0,7.5,3.9,8.7,6.7,10.8,1758.0,51.61,1800.0,throttled=0x0,0.0,0.97,0,565
2026-07-11 21:21:42,test,1,640x480,30,0,4.4,3.9,4.9,4.0,5.9,1757.6,53.07,1800.0,throttled=0x0,0.2,0.98,0,562
2026-07-11 21:21:43,test,1,640x480,30,0,3.2,2.0,2.0,2.9,5.9,1757.6,52.09,1800.0,throttled=0x0,0.0,0.98,0,562
2026-07-11 21:21:44,test,1,640x480,30,0,4.0,3.9,3.0,4.0,5.9,1757.6,52.58,1800.0,throttled=0x0,0.0,0.98,0,562
2026-07-11 21:21:45,test,1,640x480,30,0,3.5,2.0,2.9,3.0,5.9,1756.7,52.09,700.0,throttled=0x0,0.0,0.98,0,562
2026-07-11 21:21:46,test,1,640x480,30,0,6.6,3.9,3.9,7.7,10.7,1758.9,52.58,1800.0,throttled=0x0,0.0,0.96,0,565
2026-07-11 21:21:47,test,1,640x480,30,0,3.5,3.0,1.0,3.0,5.0,1757.3,52.58,1800.0,throttled=0x0,0.0,0.98,0,563
2026-07-11 21:21:48,test,1,640x480,30,0,3.7,2.0,3.9,3.9,5.9,1757.6,52.58,1800.0,throttled=0x0,0.0,0.98,0,563
2026-07-11 21:21:49,test,1,640x480,30,0,4.4,6.7,3.0,2.0,5.0,1757.6,52.58,1800.0,throttled=0x0,0.0,0.98,0,563
2026-07-11 21:21:50,test,1,640x480,30,0,3.7,2.9,3.0,3.9,5.9,1756.4,52.58,700.0,throttled=0x0,0.0,0.98,0,563
2026-07-11 21:21:51,test,1,640x480,30,0,6.5,5.8,7.8,5.8,5.9,1757.5,52.58,1800.0,throttled=0x0,0.0,0.96,0,566
2026-07-11 21:21:52,test,1,640x480,30,0,4.7,4.9,2.9,3.0,8.7,1756.9,51.61,1800.0,throttled=0x0,0.0,0.98,0,563
2026-07-11 21:21:53,test,1,640x480,30,0,4.4,5.8,2.0,4.9,5.9,1756.2,52.09,1800.0,throttled=0x0,0.0,0.98,0,563
2026-07-11 21:21:54,test,1,640x480,30,0,4.4,3.0,3.0,3.0,6.9,1756.2,52.09,1800.0,throttled=0x0,0.2,0.98,0,563
2026-07-11 21:21:55,test,1,640x480,30,0,29.8,29.7,30.7,29.1,30.1,1745.2,52.58,700.0,throttled=0x0,0.0,0.98,0,563
2026-07-11 21:21:56,test,1,640x480,30,0,6.8,5.8,8.7,6.8,5.9,1746.2,53.07,1800.0,throttled=0x0,0.0,0.96,0,566
2026-07-11 21:21:58,test,1,640x480,30,0,4.7,5.9,5.8,4.0,4.0,1746.2,52.58,1800.0,throttled=0x0,0.0,0.98,0,563
2026-07-11 21:21:59,test,1,640x480,30,0,4.0,3.0,2.0,3.0,5.1,1746.1,52.58,1800.0,throttled=0x0,0.0,0.98,0,563
2026-07-11 21:22:00,test,1,640x480,30,0,4.2,5.8,4.0,2.9,5.9,1746.4,53.56,1800.0,throttled=0x0,0.0,0.98,0,563
2026-07-11 21:22:01,test,1,640x480,30,0,5.1,5.8,2.9,5.9,5.9,1746.0,53.07,700.0,throttled=0x0,0.0,0.97,0,563
2026-07-11 21:22:02,test,1,640x480,30,0,9.4,5.8,7.8,9.4,12.7,1746.6,51.61,800.0,throttled=0x0,0.0,0.96,0,566
2026-07-11 21:22:03,test,1,640x480,30,0,8.2,7.8,6.8,8.7,11.5,1746.4,52.09,600.0,throttled=0x0,0.0,0.96,0,563
2026-07-11 21:22:04,test,1,640x480,30,0,5.8,9.4,4.8,2.9,6.8,1746.8,52.58,1800.0,throttled=0x0,0.0,0.95,0,563
2026-07-11 21:22:05,test,1,640x480,30,0,3.7,4.9,1.0,3.0,4.9,1746.8,52.09,1800.0,throttled=0x0,0.2,0.98,0,563
2026-07-11 21:22:06,test,1,640x480,30,0,5.4,4.9,4.0,6.9,6.9,1746.5,52.09,1800.0,throttled=0x0,0.0,0.98,0,566
2026-07-11 21:22:07,test,1,640x480,30,0,4.9,4.0,4.9,3.9,5.9,1747.1,53.07,1800.0,throttled=0x0,0.0,0.98,0,564
2026-07-11 21:22:08,test,1,640x480,30,0,4.7,4.9,2.0,3.9,5.9,1747.0,52.09,700.0,throttled=0x0,0.0,0.97,0,564
2026-07-11 21:22:09,test,1,640x480,30,0,4.3,2.9,1.9,9.5,4.8,1747.0,53.07,1800.0,throttled=0x0,0.0,0.96,0,564
2026-07-11 21:22:10,test,1,640x480,30,0,5.4,5.8,4.9,4.0,5.8,1747.0,52.58,1800.0,throttled=0x0,0.2,0.98,0,564
2026-07-11 21:22:11,test,1,640x480,30,0,5.7,5.0,5.0,8.8,4.0,1747.9,52.58,1800.0,throttled=0x0,0.0,0.98,0,567
2026-07-11 21:22:12,test,1,640x480,30,0,5.7,6.9,5.9,6.8,2.0,1748.0,52.09,1800.0,throttled=0x0,0.0,0.98,0,564
2026-07-11 21:22:13,test,1,640x480,30,0,4.2,5.9,3.9,6.8,2.9,1748.0,52.09,700.0,throttled=0x0,0.0,0.98,0,564
2026-07-11 21:22:14,test,1,640x480,30,0,9.4,7.7,10.5,8.7,8.7,1748.2,52.09,600.0,throttled=0x0,0.0,0.95,0,564
2026-07-11 21:22:15,test,1,640x480,30,0,8.4,5.8,9.4,13.3,5.8,1748.2,52.09,900.0,throttled=0x0,0.0,0.95,0,564
2026-07-11 21:22:16,test,1,640x480,30,0,9.7,7.8,5.9,12.6,11.5,1748.7,51.61,800.0,throttled=0x0,0.0,0.97,0,567
2026-07-11 21:22:17,test,1,640x480,30,0,5.6,2.9,6.7,7.7,4.8,1748.4,52.58,1800.0,throttled=0x0,0.0,0.96,0,564
2026-07-11 21:22:18,test,1,640x480,30,0,4.2,5.0,2.9,5.9,2.0,1748.4,51.61,1800.0,throttled=0x0,0.0,0.98,0,564
2026-07-11 21:22:19,test,1,640x480,30,0,3.5,3.9,1.0,5.9,2.0,1748.3,52.09,1800.0,throttled=0x0,0.0,0.98,0,564
2026-07-11 21:22:20,test,1,640x480,30,0,4.0,3.9,3.9,4.0,5.9,1748.4,52.09,1800.0,throttled=0x0,0.0,0.98,0,564
2026-07-11 21:22:21,test,1,640x480,30,0,6.1,4.0,6.8,8.8,4.0,1748.8,51.12,700.0,throttled=0x0,0.0,0.98,0,567
2026-07-11 21:22:22,test,1,640x480,30,0,5.8,3.9,3.9,10.6,5.8,1749.1,51.61,1800.0,throttled=0x0,0.2,0.96,0,564
2026-07-11 21:22:23,test,1,640x480,30,0,3.0,4.9,2.9,4.0,1.0,1749.3,52.09,1800.0,throttled=0x0,0.0,0.98,0,564
2026-07-11 21:22:24,test,1,640x480,30,0,3.9,4.0,2.0,4.0,3.9,1749.3,52.09,1800.0,throttled=0x0,0.0,0.98,0,563
2026-07-11 21:22:25,test,1,640x480,30,0,3.7,5.9,4.9,3.0,2.0,1749.3,51.61,1800.0,throttled=0x0,0.0,0.98,0,563
2026-07-11 21:22:26,test,1,640x480,30,0,5.7,4.0,5.9,5.9,6.9,1750.4,52.09,700.0,throttled=0x0,0.0,0.98,0,566
2026-07-11 21:22:27,test,1,640x480,30,0,8.4,12.4,8.7,6.7,6.7,1750.6,51.61,600.0,throttled=0x0,0.0,0.96,0,563
2026-07-11 21:22:28,test,1,640x480,30,0,5.3,2.9,9.5,2.9,3.9,1750.6,52.58,1800.0,throttled=0x0,0.0,0.95,0,563
2026-07-11 21:22:29,test,1,640x480,30,0,4.0,4.0,2.0,4.0,4.9,1750.6,52.09,1800.0,throttled=0x0,0.0,0.98,0,563
2026-07-11 21:22:30,test,1,640x480,30,0,3.7,4.0,4.9,3.9,5.0,1750.6,53.07,1800.0,throttled=0x0,0.0,0.98,0,563
2026-07-11 21:22:31,test,1,640x480,30,0,5.4,6.9,5.9,3.0,4.0,1751.5,53.56,1800.0,throttled=0x0,0.0,0.98,0,566
2026-07-11 21:22:32,test,1,640x480,30,0,4.2,5.0,5.9,2.0,4.9,1751.5,53.07,700.0,throttled=0x0,0.0,0.98,0,563
2026-07-11 21:22:34,test,1,640x480,30,0,7.2,7.6,10.4,5.8,4.9,1751.5,52.09,900.0,throttled=0x0,0.0,0.96,0,563
2026-07-11 21:22:35,test,1,640x480,30,0,5.8,4.9,8.5,4.9,4.8,1751.5,53.07,1800.0,throttled=0x0,0.0,0.96,0,563
2026-07-11 21:22:36,test,1,640x480,30,0,4.4,3.9,5.0,3.9,4.0,1751.5,53.07,1800.0,throttled=0x0,0.0,0.98,0,563
2026-07-11 21:22:37,test,1,640x480,30,0,5.5,5.0,9.7,2.0,5.0,1752.0,52.58,1800.0,throttled=0x0,0.0,0.98,0,566
2026-07-11 21:22:38,test,1,640x480,30,0,4.9,4.0,7.7,4.0,4.9,1752.2,52.09,1800.0,throttled=0x0,0.0,0.98,0,563
2026-07-11 21:22:39,test,1,640x480,30,0,4.2,3.0,5.0,3.9,4.0,1752.2,51.61,700.0,throttled=0x0,0.0,0.98,0,563
2026-07-11 21:22:40,test,1,640x480,30,0,5.1,3.9,9.6,2.9,5.7,1752.2,52.58,1800.0,throttled=0x0,0.0,0.96,0,563
2026-07-11 21:22:41,test,1,640x480,30,0,4.2,4.0,6.9,4.9,3.0,1752.7,52.58,1800.0,throttled=0x0,0.2,0.98,0,563
2026-07-11 21:22:42,test,1,640x480,30,0,4.9,5.0,3.0,3.0,5.9,1753.2,53.07,1800.0,throttled=0x0,0.0,0.98,0,563
2026-07-11 21:22:43,test,1,640x480,30,0,3.7,4.9,5.0,2.0,4.0,1753.3,53.07,1800.0,throttled=0x0,0.0,0.98,0,563
2026-07-11 21:22:44,test,1,640x480,30,0,3.9,3.0,4.0,2.9,5.0,1753.5,52.58,700.0,throttled=0x0,0.0,0.97,0,563
2026-07-11 21:22:45,test,1,640x480,30,0,4.6,4.8,3.8,1.0,9.5,1752.8,53.56,1800.0,throttled=0x0,0.0,0.96,0,563
2026-07-11 21:22:46,test,1,640x480,30,0,5.4,5.9,4.9,5.0,5.9,1754.0,53.07,1800.0,throttled=0x0,0.0,0.98,0,565
2026-07-11 21:22:47,test,1,640x480,30,0,4.9,5.8,4.0,2.0,6.9,1753.8,52.58,1800.0,throttled=0x0,0.2,0.98,0,562
2026-07-11 21:22:48,test,1,640x480,30,0,3.2,1.0,5.9,2.0,5.0,1753.5,52.58,1800.0,throttled=0x0,0.0,0.98,0,562
2026-07-11 21:22:49,test,1,640x480,30,0,4.2,3.0,2.0,4.0,6.9,1754.0,51.61,700.0,throttled=0x0,0.0,0.98,0,562
2026-07-11 21:22:50,test,1,640x480,30,0,8.5,7.7,5.8,9.6,10.7,1753.7,52.58,700.0,throttled=0x0,0.0,0.96,0,562
2026-07-11 21:22:51,test,1,640x480,30,0,8.8,9.8,6.7,6.9,10.8,1755.4,52.58,1800.0,throttled=0x0,0.0,0.96,0,565
2026-07-11 21:22:52,test,1,640x480,30,0,5.1,4.8,4.9,4.9,7.7,1754.7,52.09,1800.0,throttled=0x0,0.0,0.98,0,562
2026-07-11 21:22:53,test,1,640x480,30,0,4.4,3.0,3.0,3.9,7.8,1754.8,52.58,1800.0,throttled=0x0,0.0,0.98,0,562
2026-07-11 21:22:54,test,1,640x480,30,0,4.4,4.9,2.0,4.9,5.0,1755.0,52.58,1800.0,throttled=0x0,0.0,0.98,0,562
2026-07-11 21:22:55,test,1,640x480,30,0,3.5,3.0,3.9,2.9,4.0,1755.0,52.09,1800.0,throttled=0x0,0.0,0.98,0,562
2026-07-11 21:22:56,test,1,640x480,30,0,5.7,6.8,5.0,4.0,6.9,1756.4,51.61,700.0,throttled=0x0,0.0,0.98,0,565
2026-07-11 21:22:57,test,1,640x480,30,0,6.0,3.9,4.8,7.6,7.7,1756.4,51.61,1800.0,throttled=0x0,0.0,0.96,0,562
2026-07-11 21:22:58,test,1,640x480,30,0,3.7,2.9,4.9,3.0,3.9,1756.4,51.61,1800.0,throttled=0x0,0.0,0.98,0,562
2026-07-11 21:22:59,test,1,640x480,30,0,3.9,4.0,3.9,2.9,5.0,1756.4,52.58,1800.0,throttled=0x0,0.2,0.98,0,562
2026-07-11 21:23:00,test,1,640x480,30,0,4.2,5.8,4.0,2.0,4.9,1756.4,52.58,1800.0,throttled=0x0,0.0,0.98,0,562
2026-07-11 21:23:01,test,1,640x480,30,0,5.4,4.9,3.0,4.9,7.1,1758.1,53.07,700.0,throttled=0x0,0.0,0.98,0,565
2026-07-11 21:23:02,test,1,640x480,30,0,7.5,6.7,8.6,6.8,9.5,1758.3,51.61,700.0,throttled=0x0,0.0,0.96,0,563
2026-07-11 21:23:03,test,1,640x480,30,0,6.2,4.9,5.7,5.7,8.7,1757.9,52.58,1800.0,throttled=0x0,0.0,0.96,0,563
2026-07-11 21:23:04,test,1,640x480,30,0,4.2,5.9,2.9,3.9,5.0,1757.9,53.07,1800.0,throttled=0x0,0.0,0.98,0,563
2026-07-11 21:23:05,test,1,640x480,30,0,4.2,6.7,4.0,3.0,3.0,1757.9,52.58,1800.0,throttled=0x0,0.0,0.98,0,563
2026-07-11 21:23:06,test,1,640x480,30,0,30.4,32.4,28.4,31.7,28.7,1729.9,52.58,1800.0,throttled=0x0,0.0,0.98,0,566
2026-07-11 21:23:07,test,1,640x480,30,0,4.7,5.0,3.0,6.8,3.9,1729.1,53.07,700.0,throttled=0x0,0.0,0.98,0,563
2026-07-11 21:23:08,test,1,640x480,30,0,5.6,8.7,3.9,5.8,3.8,1728.8,54.04,1800.0,throttled=0x0,0.0,0.96,0,563
2026-07-11 21:23:09,test,1,640x480,30,0,4.2,3.0,3.8,6.8,3.0,1727.3,52.09,1800.0,throttled=0x0,0.0,0.98,0,563
2026-07-11 21:23:10,test,1,640x480,30,0,4.0,5.8,2.0,3.0,5.0,1727.3,53.07,1800.0,throttled=0x0,0.2,0.98,0,563
2026-07-11 21:23:12,test,1,640x480,30,0,5.0,7.0,4.0,4.0,5.0,1727.2,52.58,1800.0,throttled=0x0,0.0,0.98,0,566
2026-07-11 21:23:13,test,1,640x480,30,0,4.2,3.9,3.0,4.8,5.9,1727.7,52.58,700.0,throttled=0x0,0.0,0.98,0,563
2026-07-11 21:23:14,test,1,640x480,30,0,7.5,3.9,6.7,9.8,8.5,1727.7,52.09,1000.0,throttled=0x0,0.0,0.95,0,563
2026-07-11 21:23:15,test,1,640x480,30,0,7.1,8.9,8.7,4.9,5.0,1727.9,53.07,700.0,throttled=0x0,0.0,0.97,0,564
2026-07-11 21:23:16,test,1,640x480,30,0,8.0,7.6,4.9,4.9,15.1,1728.2,51.12,700.0,throttled=0x0,0.0,0.96,0,564
2026-07-11 21:23:17,test,1,640x480,30,0,8.4,9.5,7.8,6.7,8.7,1728.4,52.58,1800.0,throttled=0x0,0.5,0.96,0,567
2026-07-11 21:23:18,test,1,640x480,30,0,4.2,3.0,2.0,5.9,4.0,1728.4,53.07,1800.0,throttled=0x0,0.0,0.98,0,564
2026-07-11 21:23:19,test,1,640x480,30,0,3.2,4.0,3.0,4.9,4.0,1728.5,52.09,1800.0,throttled=0x0,0.0,0.98,0,564
2026-07-11 21:23:20,test,1,640x480,30,0,3.5,4.9,2.0,3.0,3.9,1728.5,53.07,1800.0,throttled=0x0,0.0,0.98,0,564
2026-07-11 21:23:21,test,1,640x480,30,0,5.2,5.9,6.9,3.9,5.0,1729.3,53.07,1800.0,throttled=0x0,0.0,0.98,0,567
2026-07-11 21:23:22,test,1,640x480,30,0,9.6,11.5,6.9,8.7,9.7,1729.3,51.61,700.0,throttled=0x0,0.0,0.97,0,564
2026-07-11 21:23:23,test,1,640x480,30,0,8.0,5.9,10.4,7.8,8.8,1729.3,51.61,800.0,throttled=0x0,0.0,0.96,0,564
2026-07-11 21:23:24,test,1,640x480,30,0,6.0,4.9,6.8,2.9,9.5,1728.0,52.09,1800.0,throttled=0x0,0.0,0.96,0,564
2026-07-11 21:23:25,test,1,640x480,30,0,3.7,3.0,3.0,3.9,5.9,1728.0,52.09,1800.0,throttled=0x0,0.0,0.98,0,564
2026-07-11 21:23:26,test,1,640x480,30,0,5.7,4.0,5.0,5.1,5.9,1728.0,52.09,1800.0,throttled=0x0,0.0,0.98,0,567
2026-07-11 21:23:27,test,1,640x480,30,0,4.9,5.8,6.9,3.9,4.9,1728.0,52.09,1800.0,throttled=0x0,0.0,0.97,0,564
2026-07-11 21:23:28,test,1,640x480,30,0,3.7,5.0,3.9,2.9,2.0,1728.2,52.09,700.0,throttled=0x0,0.0,0.98,0,564
2026-07-11 21:23:29,test,1,640x480,30,0,8.1,9.6,9.5,4.8,9.5,1728.2,51.61,900.0,throttled=0x0,0.2,0.95,0,564
2026-07-11 21:23:30,test,1,640x480,30,0,7.8,8.7,8.7,5.9,7.8,1727.9,52.09,900.0,throttled=0x0,0.0,0.97,0,564
2026-07-11 21:23:31,test,1,640x480,30,0,11.3,7.8,12.4,10.8,13.6,1729.4,52.09,700.0,throttled=0x0,0.0,0.96,0,567
2026-07-11 21:23:32,test,1,640x480,30,0,9.4,6.9,7.6,9.5,13.2,1729.3,51.61,600.0,throttled=0x0,0.0,0.95,0,564
2026-07-11 21:23:33,test,1,640x480,30,0,5.7,6.7,2.9,3.8,8.6,1729.3,52.58,1800.0,throttled=0x0,0.0,0.95,0,564
2026-07-11 21:23:34,test,1,640x480,30,0,3.7,5.0,2.0,3.0,5.9,1729.4,52.58,1800.0,throttled=0x0,0.0,0.98,0,563
2026-07-11 21:23:35,test,1,640x480,30,0,3.7,2.0,3.9,3.0,5.9,1729.4,53.07,1800.0,throttled=0x0,0.0,0.98,0,563
2026-07-11 21:23:36,test,1,640x480,30,0,5.0,4.9,6.9,4.0,4.0,1730.4,52.58,1800.0,throttled=0x0,0.0,0.98,0,566
2026-07-11 21:23:37,test,1,640x480,30,0,4.4,3.0,1.0,5.9,5.9,1730.0,52.58,700.0,throttled=0x0,0.0,0.98,0,563
2026-07-11 21:23:38,test,1,640x480,30,0,7.2,5.8,10.4,7.5,8.6,1730.2,52.09,600.0,throttled=0x0,0.0,0.96,0,563
2026-07-11 21:23:39,test,1,640x480,30,0,7.2,6.6,7.8,4.8,7.7,1730.2,51.61,1800.0,throttled=0x0,0.0,0.95,0,563
2026-07-11 21:23:40,test,1,640x480,30,0,4.2,4.0,4.0,4.0,4.0,1730.2,52.09,1800.0,throttled=0x0,0.2,0.98,0,563
2026-07-11 21:23:41,test,1,640x480,30,0,4.7,5.8,6.0,3.0,5.9,1732.4,52.09,1800.0,throttled=0x0,0.0,0.98,0,566
2026-07-11 21:23:42,test,1,640x480,30,0,4.7,4.9,3.9,4.0,5.9,1732.3,52.58,1800.0,throttled=0x0,0.0,0.98,0,563
2026-07-11 21:23:43,test,1,640x480,30,0,4.9,6.9,3.0,6.7,3.9,1732.2,51.61,700.0,throttled=0x0,0.0,0.97,0,563
2026-07-11 21:23:45,test,1,640x480,30,0,7.0,9.6,4.0,5.8,6.7,1732.2,51.61,900.0,throttled=0x0,0.0,0.96,0,563
2026-07-11 21:23:46,test,1,640x480,30,0,6.6,7.8,8.6,6.8,4.9,1732.2,53.07,800.0,throttled=0x0,0.2,0.96,0,563
2026-07-11 21:23:47,test,1,640x480,30,0,6.5,5.8,4.9,8.7,4.8,1732.4,52.09,1800.0,throttled=0x0,0.0,0.96,0,566
2026-07-11 21:23:48,test,1,640x480,30,0,4.7,4.9,2.9,6.9,3.0,1731.9,52.58,1800.0,throttled=0x0,0.0,0.98,0,563
2026-07-11 21:23:49,test,1,640x480,30,0,4.2,4.9,4.0,5.9,3.9,1732.1,52.58,1800.0,throttled=0x0,0.0,0.98,0,563
2026-07-11 21:23:50,test,1,640x480,30,0,3.7,3.0,2.9,5.9,2.0,1731.9,51.61,1800.0,throttled=0x0,0.0,0.98,0,563
2026-07-11 21:23:51,test,1,640x480,30,0,4.4,2.9,6.9,4.0,2.9,1731.6,52.58,700.0,throttled=0x0,0.0,0.98,0,563
2026-07-11 21:23:52,test,1,640x480,30,0,10.1,7.8,13.6,11.4,8.7,1732.6,51.61,700.0,throttled=0x0,0.0,0.95,0,566
2026-07-11 21:23:53,test,1,640x480,30,0,9.1,7.5,6.8,12.4,8.7,1732.8,51.61,700.0,throttled=0x0,0.0,0.95,0,563
2026-07-11 21:23:54,test,1,640x480,30,0,4.8,4.8,4.8,7.7,1.9,1732.8,52.58,1800.0,throttled=0x0,0.0,0.96,0,563
2026-07-11 21:23:55,test,1,640x480,30,0,4.0,4.0,4.9,4.9,1.0,1732.8,52.58,1800.0,throttled=0x0,0.0,0.98,0,563
2026-07-11 21:23:56,test,1,640x480,30,0,5.4,7.8,4.0,4.0,7.8,1734.7,52.58,1800.0,throttled=0x0,0.0,0.98,0,566
2026-07-11 21:23:57,test,1,640x480,30,0,3.7,4.0,3.9,3.0,3.0,1734.4,53.07,1800.0,throttled=0x0,0.0,0.98,0,563
2026-07-11 21:23:58,test,1,640x480,30,0,3.5,5.0,5.9,2.0,2.0,1734.4,52.58,700.0,throttled=0x0,0.2,0.98,0,563
2026-07-11 21:23:59,test,1,640x480,30,0,6.0,8.5,3.9,4.8,6.7,1734.2,52.09,1800.0,throttled=0x0,0.0,0.96,0,563
2026-07-11 21:24:00,test,1,640x480,30,0,4.2,5.9,4.9,3.9,2.9,1734.4,52.58,1800.0,throttled=0x0,0.0,0.98,0,563
2026-07-11 21:24:01,test,1,640x480,30,0,5.7,5.0,4.0,5.0,5.9,1735.4,52.09,1800.0,throttled=0x0,0.0,0.98,0,566
2026-07-11 21:24:02,test,1,640x480,30,0,4.4,5.0,4.9,5.8,3.9,1735.4,52.58,1800.0,throttled=0x0,0.0,0.98,0,563
2026-07-11 21:24:03,test,1,640x480,30,0,4.9,4.9,5.8,3.9,5.8,1735.4,53.07,700.0,throttled=0x0,0.0,0.98,0,563
2026-07-11 21:24:04,test,1,640x480,30,0,7.5,8.7,9.5,5.8,3.9,1735.6,52.09,900.0,throttled=0x0,0.0,0.96,0,563
2026-07-11 21:24:05,test,1,640x480,30,0,5.8,8.7,6.7,3.9,3.9,1735.3,52.09,1800.0,throttled=0x0,0.0,0.96,0,563
2026-07-11 21:24:06,test,1,640x480,30,0,5.4,7.8,4.0,5.0,5.9,1737.1,52.58,1800.0,throttled=0x0,0.0,0.98,0,566
2026-07-11 21:24:07,test,1,640x480,30,0,4.4,5.8,2.0,3.0,5.9,1737.3,52.09,1800.0,throttled=0x0,0.0,0.97,0,563
2026-07-11 21:24:08,test,1,640x480,30,0,3.2,2.9,4.9,3.9,3.0,1737.1,53.07,1800.0,throttled=0x0,0.0,0.98,0,563
2026-07-11 21:24:09,test,1,640x480,30,0,3.7,2.0,3.0,3.0,4.9,1736.5,52.58,700.0,throttled=0x0,0.0,0.98,0,563
2026-07-11 21:24:10,test,1,640x480,30,0,6.0,4.8,7.5,3.8,9.4,1736.8,52.09,1800.0,throttled=0x0,0.0,0.96,0,563
2026-07-11 21:24:11,test,1,640x480,30,0,5.4,5.8,3.9,5.9,6.0,1737.8,51.61,1800.0,throttled=0x0,0.0,0.98,0,566
2026-07-11 21:24:12,test,1,640x480,30,0,5.1,3.9,5.9,4.9,5.0,1738.0,52.58,1800.0,throttled=0x0,0.0,0.98,0,563
2026-07-11 21:24:13,test,1,640x480,30,0,4.6,5.8,2.9,5.8,5.8,1738.3,52.58,1800.0,throttled=0x0,0.0,0.98,0,563
2026-07-11 21:24:14,test,1,640x480,30,0,3.5,2.0,3.0,4.0,4.0,1737.8,53.07,700.0,throttled=0x0,0.0,0.98,0,563
2026-07-11 21:24:15,test,1,640x480,30,0,5.6,6.8,2.9,4.9,7.7,1737.8,52.58,1800.0,throttled=0x0,0.0,0.96,0,563
2026-07-11 21:24:16,test,1,640x480,30,0,5.5,6.0,3.0,5.0,5.9,1739.5,52.58,1800.0,throttled=0x0,0.2,0.98,0,566
2026-07-11 21:24:17,test,1,640x480,30,0,4.2,5.0,3.0,4.0,4.0,1739.2,52.09,1800.0,throttled=0x0,0.0,0.98,0,563
2026-07-11 21:24:18,test,1,640x480,30,0,3.9,3.9,3.9,4.0,5.0,1739.0,53.56,1800.0,throttled=0x0,0.0,0.98,0,563
2026-07-11 21:24:19,test,1,640x480,30,0,4.0,2.0,5.8,5.9,3.9,1739.0,52.58,700.0,throttled=0x0,0.0,0.97,0,563
2026-07-11 21:24:21,test,1,640x480,30,0,6.6,7.8,5.8,9.7,2.0,1738.5,52.58,1000.0,throttled=0x0,0.0,0.96,0,563
2026-07-11 21:24:22,test,1,640x480,30,0,10.4,7.8,14.3,12.5,6.8,1739.4,52.58,900.0,throttled=0x0,0.0,0.96,0,566
2026-07-11 21:24:23,test,1,640x480,30,0,5.8,7.6,3.9,3.9,6.6,1739.4,53.07,1800.0,throttled=0x0,0.0,0.96,0,563
2026-07-11 21:24:24,test,1,640x480,30,0,4.2,5.9,3.0,4.0,3.9,1739.4,53.07,1800.0,throttled=0x0,0.0,0.98,0,564
2026-07-11 21:24:25,test,1,640x480,30,0,4.0,6.9,3.0,4.0,3.0,1739.4,51.12,1800.0,throttled=0x0,0.0,0.98,0,564
2026-07-11 21:24:26,test,1,640x480,30,0,3.5,6.0,2.0,3.0,3.0,1739.3,53.07,1800.0,throttled=0x0,0.0,0.98,0,564
2026-07-11 21:24:27,test,1,640x480,30,0,6.4,6.9,5.9,8.8,4.0,1740.3,52.58,700.0,throttled=0x0,0.0,0.98,0,567
2026-07-11 21:24:28,test,1,640x480,30,0,7.7,12.5,5.8,7.8,4.9,1740.3,52.09,700.0,throttled=0x0,0.0,0.96,0,564
2026-07-11 21:24:29,test,1,640x480,30,0,7.0,8.7,5.8,7.8,7.7,1740.3,51.61,700.0,throttled=0x0,0.2,0.96,0,564
2026-07-11 21:24:30,test,1,640x480,30,0,7.9,8.6,6.6,9.6,7.6,1740.0,52.58,700.0,throttled=0x0,0.0,0.95,0,564
2026-07-11 21:24:31,test,1,640x480,30,0,7.9,10.6,3.0,8.7,6.7,1740.7,52.58,1800.0,throttled=0x0,0.0,0.96,0,567
2026-07-11 21:24:32,test,1,640x480,30,0,4.0,5.0,5.0,4.0,3.0,1740.7,52.58,1800.0,throttled=0x0,0.0,0.98,0,564
2026-07-11 21:24:33,test,1,640x480,30,0,4.0,4.0,4.9,5.9,1.0,1740.7,52.58,1800.0,throttled=0x0,0.0,0.98,0,564
2026-07-11 21:24:34,test,1,640x480,30,0,3.5,4.0,4.0,4.9,1.0,1741.1,51.61,1800.0,throttled=0x0,0.0,0.98,0,564
2026-07-11 21:24:35,test,1,640x480,30,0,4.4,5.0,3.9,4.0,5.0,1741.2,51.61,1800.0,throttled=0x0,0.0,0.98,0,564
2026-07-11 21:24:36,test,1,640x480,30,0,10.3,10.0,10.8,13.6,6.9,1743.6,52.09,600.0,throttled=0x0,0.0,0.97,0,567
2026-07-11 21:24:37,test,1,640x480,30,0,9.5,11.4,12.1,8.6,4.8,1743.6,51.12,900.0,throttled=0x0,0.0,0.96,0,564
2026-07-11 21:24:38,test,1,640x480,30,0,4.6,7.8,4.9,4.9,2.9,1743.6,53.07,1800.0,throttled=0x0,0.0,0.97,0,564
2026-07-11 21:24:39,test,1,640x480,30,0,4.2,5.9,2.9,4.0,3.0,1743.4,52.09,1800.0,throttled=0x0,0.2,0.98,0,564
2026-07-11 21:24:40,test,1,640x480,30,0,4.4,3.9,4.9,6.8,2.9,1743.3,52.58,1800.0,throttled=0x0,0.0,0.98,0,564
2026-07-11 21:24:41,test,1,640x480,30,0,6.2,6.1,5.9,5.0,5.9,1743.5,52.58,1800.0,throttled=0x0,0.0,0.98,0,567
2026-07-11 21:24:42,test,1,640x480,30,0,4.7,3.0,4.0,6.8,4.0,1743.4,52.58,700.0,throttled=0x0,0.0,0.98,0,564
2026-07-11 21:24:43,test,1,640x480,30,0,7.5,8.6,4.9,10.6,6.7,1743.4,52.09,700.0,throttled=0x0,0.0,0.95,0,564
2026-07-11 21:24:44,test,1,640x480,30,0,5.5,3.9,6.7,5.0,4.7,1743.3,52.09,1800.0,throttled=0x0,0.0,0.96,0,563
2026-07-11 21:24:45,test,1,640x480,30,0,3.5,3.9,2.0,5.9,3.0,1743.4,52.09,1800.0,throttled=0x0,0.0,0.98,0,563
2026-07-11 21:24:46,test,1,640x480,30,0,4.7,4.0,4.0,6.9,4.0,1743.8,51.61,1800.0,throttled=0x0,0.0,0.98,0,566
2026-07-11 21:24:47,test,1,640x480,30,0,3.5,3.0,4.9,3.0,3.9,1743.6,52.09,1800.0,throttled=0x0,0.0,0.98,0,563
2026-07-11 21:24:48,test,1,640x480,30,0,4.4,3.9,3.9,6.8,3.0,1743.8,51.12,700.0,throttled=0x0,0.0,0.98,0,563
2026-07-11 21:24:49,test,1,640x480,30,0,5.3,8.7,3.9,5.7,2.0,1743.3,54.04,1800.0,throttled=0x0,0.0,0.96,0,563
2026-07-11 21:24:50,test,1,640x480,30,0,3.9,5.0,3.9,4.0,3.9,1743.3,52.09,1800.0,throttled=0x0,0.0,0.98,0,563
2026-07-11 21:24:51,test,1,640x480,30,0,4.7,7.8,3.0,4.0,4.0,1745.3,52.58,1800.0,throttled=0x0,0.2,0.98,0,566
2026-07-11 21:24:52,test,1,640x480,30,0,26.7,26.5,28.4,26.2,25.7,1727.7,52.58,1800.0,throttled=0x0,0.0,0.98,0,563
2026-07-11 21:24:53,test,1,640x480,30,0,5.2,5.9,4.9,5.1,4.9,1726.6,52.58,700.0,throttled=0x0,0.0,0.97,0,563
2026-07-11 21:24:55,test,1,640x480,30,0,6.2,9.5,5.7,5.7,3.9,1727.0,52.09,1800.0,throttled=0x0,0.0,0.96,0,563
2026-07-11 21:24:56,test,1,640x480,30,0,4.2,5.9,3.9,3.9,3.0,1726.9,52.58,1800.0,throttled=0x0,0.0,0.98,0,563
2026-07-11 21:24:57,test,1,640x480,30,0,5.4,7.0,5.0,2.0,5.9,1727.4,52.09,1800.0,throttled=0x0,0.0,0.98,0,566
2026-07-11 21:24:58,test,1,640x480,30,0,4.0,7.7,2.9,2.0,5.9,1726.9,53.56,1800.0,throttled=0x0,0.0,0.98,0,563
2026-07-11 21:24:59,test,1,640x480,30,0,5.6,7.8,3.9,5.7,4.9,1726.9,53.07,700.0,throttled=0x0,0.0,0.98,0,563
2026-07-11 21:25:00,test,1,640x480,30,0,6.8,7.8,5.8,8.7,4.8,1726.8,53.07,800.0,throttled=0x0,0.0,0.96,0,563
2026-07-11 21:25:01,test,1,640x480,30,0,6.0,9.7,3.8,4.8,5.8,1727.1,51.61,1800.0,throttled=0x0,0.0,0.96,0,563
2026-07-11 21:25:02,test,1,640x480,30,0,6.7,8.8,5.0,5.8,4.0,1727.9,53.07,1800.0,throttled=0x0,0.0,0.98,0,566
2026-07-11 21:25:03,test,1,640x480,30,0,4.2,5.9,5.0,4.0,3.0,1728.2,53.07,1800.0,throttled=0x0,0.2,0.98,0,563
2026-07-11 21:25:04,test,1,640x480,30,0,4.2,4.9,3.0,3.9,3.9,1728.2,53.07,1800.0,throttled=0x0,0.0,0.98,0,563
2026-07-11 21:25:05,test,1,640x480,30,0,3.2,5.0,3.9,2.9,2.0,1728.4,52.58,700.0,throttled=0x0,0.0,0.98,0,563
2026-07-11 21:25:06,test,1,640x480,30,0,7.2,8.7,4.9,9.5,6.7,1730.2,52.58,1800.0,throttled=0x0,0.0,0.96,0,566
2026-07-11 21:25:07,test,1,640x480,30,0,4.0,5.0,5.8,2.9,2.0,1730.5,52.09,1800.0,throttled=0x0,0.0,0.98,0,563
2026-07-11 21:25:08,test,1,640x480,30,0,3.5,4.0,3.0,2.0,3.9,1730.6,52.58,1800.0,throttled=0x0,0.0,0.98,0,563
2026-07-11 21:25:09,test,1,640x480,30,0,3.7,5.8,2.0,2.9,5.8,1730.8,53.07,1800.0,throttled=0x0,0.0,0.98,0,563
2026-07-11 21:25:10,test,1,640x480,30,0,3.5,3.0,3.0,3.0,4.0,1731.0,52.09,700.0,throttled=0x0,0.0,0.98,0,563
2026-07-11 21:25:11,test,1,640x480,30,0,7.7,9.7,6.7,6.7,6.8,1731.3,52.09,1800.0,throttled=0x0,0.0,0.96,0,566
2026-07-11 21:25:12,test,1,640x480,30,0,4.7,7.8,3.9,3.0,4.9,1731.8,53.07,1800.0,throttled=0x0,0.0,0.98,0,563
2026-07-11 21:25:13,test,1,640x480,30,0,4.2,3.0,5.9,2.0,4.9,1731.8,54.53,1800.0,throttled=0x0,0.0,0.98,0,562
2026-07-11 21:25:14,test,1,640x480,30,0,3.5,5.9,3.0,2.9,2.9,1731.8,51.61,1800.0,throttled=0x0,0.2,0.98,0,563
2026-07-11 21:25:15,test,1,640x480,30,0,3.7,3.0,3.9,4.8,3.0,1732.0,52.58,700.0,throttled=0x0,0.0,0.98,0,563
2026-07-11 21:25:16,test,1,640x480,30,0,6.3,9.6,4.9,4.9,4.9,1731.5,52.58,1800.0,throttled=0x0,0.0,0.96,0,566
2026-07-11 21:25:17,test,1,640x480,30,0,4.7,5.0,4.9,5.0,3.0,1731.2,52.58,1800.0,throttled=0x0,0.0,0.98,0,563
2026-07-11 21:25:18,test,1,640x480,30,0,3.7,3.0,6.9,3.0,3.9,1729.9,52.58,1800.0,throttled=0x0,0.2,0.98,0,563
2026-07-11 21:25:19,test,1,640x480,30,0,3.2,3.0,4.0,4.9,2.9,1729.9,52.09,1800.0,throttled=0x0,0.0,0.98,0,563
2026-07-11 21:25:20,test,1,640x480,30,0,4.0,4.0,3.0,5.0,2.0,1730.1,52.09,600.0,throttled=0x0,0.2,0.98,0,563
2026-07-11 21:25:21,test,1,640x480,30,0,9.5,6.7,10.6,14.4,6.7,1730.1,52.58,1800.0,throttled=0x0,0.0,0.95,0,566
2026-07-11 21:25:22,test,1,640x480,30,0,4.2,4.9,5.9,1.0,3.9,1730.5,53.07,1800.0,throttled=0x0,0.0,0.98,0,563
2026-07-11 21:25:23,test,1,640x480,30,0,3.7,3.0,5.9,2.9,2.9,1730.4,52.09,1800.0,throttled=0x0,0.0,0.98,0,563
2026-07-11 21:25:24,test,1,640x480,30,0,3.2,3.0,5.8,3.0,2.0,1730.6,53.07,1800.0,throttled=0x0,0.0,0.98,0,563
2026-07-11 21:25:25,test,1,640x480,30,0,4.2,4.9,4.0,2.0,4.9,1730.6,52.58,1800.0,throttled=0x0,0.0,0.98,0,563
2026-07-11 21:25:26,test,1,640x480,30,0,6.0,7.9,7.8,3.0,5.9,1731.8,52.09,700.0,throttled=0x0,0.0,0.98,0,566
2026-07-11 21:25:27,test,1,640x480,30,0,7.5,8.8,10.6,4.0,5.9,1732.5,52.09,700.0,throttled=0x0,0.0,0.96,0,563
2026-07-11 21:25:28,test,1,640x480,30,0,9.1,12.1,10.6,6.7,6.7,1732.5,52.58,600.0,throttled=0x0,0.0,0.96,0,563
2026-07-11 21:25:29,test,1,640x480,30,0,4.8,3.9,9.5,2.9,2.9,1732.5,52.09,1800.0,throttled=0x0,0.0,0.95,0,563
2026-07-11 21:25:30,test,1,640x480,30,0,4.4,4.0,4.9,4.8,4.0,1732.7,52.09,1800.0,throttled=0x0,0.0,0.98,0,563
2026-07-11 21:25:31,test,1,640x480,30,0,5.9,6.8,6.9,4.9,6.8,1733.7,53.07,1800.0,throttled=0x0,0.0,0.98,0,566
2026-07-11 21:25:32,test,1,640x480,30,0,4.2,5.0,4.0,2.9,3.0,1733.9,53.07,1800.0,throttled=0x0,0.2,0.98,0,564
2026-07-11 21:25:34,test,1,640x480,30,0,3.7,5.8,5.0,3.0,3.0,1733.5,51.61,700.0,throttled=0x0,0.0,0.98,0,564
2026-07-11 21:25:35,test,1,640x480,30,0,6.5,4.9,9.7,3.9,6.6,1733.4,52.09,1800.0,throttled=0x0,0.0,0.96,0,564
2026-07-11 21:25:36,test,1,640x480,30,0,3.5,3.9,4.9,4.0,1.0,1733.4,53.56,1800.0,throttled=0x0,0.0,0.98,0,564
2026-07-11 21:25:37,test,1,640x480,30,0,5.9,4.0,6.9,6.9,7.8,1733.8,53.56,1800.0,throttled=0x0,0.0,0.98,0,568
2026-07-11 21:25:38,test,1,640x480,30,0,4.2,4.0,4.0,3.9,1.0,1733.6,52.58,1800.0,throttled=0x0,0.0,0.98,0,565
2026-07-11 21:25:39,test,1,640x480,30,0,4.0,5.8,5.9,3.9,3.0,1733.6,52.58,1800.0,throttled=0x0,0.0,0.98,0,565
2026-07-11 21:25:40,test,1,640x480,30,0,5.8,5.0,7.8,6.7,3.9,1730.9,53.07,1800.0,throttled=0x0,0.0,0.97,0,565
2026-07-11 21:25:41,test,1,640x480,30,0,4.0,4.9,4.0,4.9,2.0,1731.1,52.58,1800.0,throttled=0x0,0.0,0.98,0,565
2026-07-11 21:25:42,test,1,640x480,30,0,6.0,6.0,7.0,4.0,5.0,1732.6,53.56,1800.0,throttled=0x0,0.0,0.98,0,568
2026-07-11 21:25:43,test,1,640x480,30,0,4.9,5.9,4.0,5.8,4.9,1733.2,52.58,1800.0,throttled=0x0,0.0,0.98,0,565
2026-07-11 21:25:44,test,1,640x480,30,0,3.9,3.9,5.9,3.9,2.0,1733.4,54.53,700.0,throttled=0x0,0.0,0.98,0,565
2026-07-11 21:25:45,test,1,640x480,30,0,5.8,6.7,8.6,4.8,2.9,1733.4,54.04,1800.0,throttled=0x0,3.9,0.96,0,564
2026-07-11 21:25:46,test,1,640x480,30,0,5.2,3.9,8.1,5.0,4.0,1733.5,53.56,1800.0,throttled=0x0,0.0,0.98,0,567
2026-07-11 21:25:47,test,1,640x480,30,0,5.1,4.0,7.7,2.9,4.9,1732.8,53.07,1800.0,throttled=0x0,0.0,0.98,0,564
2026-07-11 21:25:48,test,1,640x480,30,0,3.5,3.0,5.8,3.0,3.0,1732.9,52.58,1800.0,throttled=0x0,0.0,0.98,0,564
2026-07-11 21:25:49,test,1,640x480,30,0,3.7,4.0,5.0,2.9,3.0,1733.1,52.58,700.0,throttled=0x0,0.0,0.98,0,564
2026-07-11 21:25:50,test,1,640x480,30,0,6.2,6.5,8.6,3.8,6.7,1733.1,52.09,1800.0,throttled=0x0,0.0,0.96,0,564
2026-07-11 21:25:51,test,1,640x480,30,0,5.9,7.0,5.0,4.0,7.8,1735.5,52.58,1800.0,throttled=0x0,0.0,0.98,0,567
2026-07-11 21:25:52,test,1,640x480,30,0,4.7,4.0,4.0,5.8,4.0,1734.8,52.58,1800.0,throttled=0x0,0.0,0.97,0,563
2026-07-11 21:25:53,test,1,640x480,30,0,3.7,4.9,2.0,5.0,3.0,1734.5,53.07,1800.0,throttled=0x0,0.0,0.98,0,563
2026-07-11 21:25:54,test,1,640x480,30,0,4.4,4.0,5.8,3.9,3.9,1734.5,53.07,700.0,throttled=0x0,0.0,0.98,0,563
2026-07-11 21:25:55,test,1,640x480,30,0,6.8,6.7,3.9,9.7,4.8,1734.3,52.09,900.0,throttled=0x0,0.2,0.96,0,563
2026-07-11 21:25:56,test,1,640x480,30,0,10.2,9.6,9.9,13.5,7.8,1735.7,52.58,1800.0,throttled=0x0,0.0,0.97,0,566
2026-07-11 21:25:57,test,1,640x480,30,0,3.7,4.0,3.9,5.0,2.0,1734.7,52.58,1800.0,throttled=0x0,0.0,0.98,0,563
2026-07-11 21:25:58,test,1,640x480,30,0,3.9,4.9,4.9,5.8,2.0,1734.7,52.58,1800.0,throttled=0x0,0.0,0.98,0,563
2026-07-11 21:25:59,test,1,640x480,30,0,4.7,4.9,5.0,4.9,4.9,1735.1,52.09,1800.0,throttled=0x0,0.0,0.98,0,563
2026-07-11 21:26:00,test,1,640x480,30,0,3.5,3.0,4.0,3.9,1.0,1735.3,53.07,1800.0,throttled=0x0,0.0,0.98,0,563
2026-07-11 21:26:01,test,1,640x480,30,0,6.9,4.0,4.0,10.8,7.9,1737.3,52.09,600.0,throttled=0x0,0.0,0.97,0,566
2026-07-11 21:26:02,test,1,640x480,30,0,8.1,7.6,6.7,7.6,11.4,1735.8,52.58,600.0,throttled=0x0,0.0,0.95,0,563
2026-07-11 21:26:03,test,1,640x480,30,0,6.8,6.8,3.8,6.9,10.5,1735.8,53.07,700.0,throttled=0x0,0.0,0.96,0,563
2026-07-11 21:26:04,test,1,640x480,30,0,5.1,2.9,2.0,6.7,7.8,1736.1,52.58,1800.0,throttled=0x0,0.0,0.96,0,563
2026-07-11 21:26:05,test,1,640x480,30,0,3.5,3.9,3.9,1.0,5.9,1736.1,53.07,1800.0,throttled=0x0,0.0,0.98,0,563
2026-07-11 21:26:06,test,1,640x480,30,0,5.9,5.9,4.0,6.9,5.9,1738.0,53.07,1800.0,throttled=0x0,0.0,0.98,0,566
2026-07-11 21:26:07,test,1,640x480,30,0,4.7,4.9,5.8,4.9,5.0,1737.9,52.58,1800.0,throttled=0x0,0.2,0.98,0,563
2026-07-11 21:26:08,test,1,640x480,30,0,4.4,4.0,4.0,2.0,5.9,1736.8,52.58,700.0,throttled=0x0,0.0,0.98,0,563
2026-07-11 21:26:09,test,1,640x480,30,0,6.0,4.8,5.7,6.7,8.7,1737.0,52.58,1800.0,throttled=0x0,0.0,0.96,0,563
2026-07-11 21:26:10,test,1,640x480,30,0,4.0,4.9,2.0,3.9,4.0,1736.4,52.58,1800.0,throttled=0x0,0.0,0.98,0,563
2026-07-11 21:26:12,test,1,640x480,30,0,4.7,4.0,5.0,5.0,6.9,1736.6,52.58,1800.0,throttled=0x0,0.0,0.98,0,566
2026-07-11 21:26:13,test,1,640x480,30,0,3.7,3.0,3.9,2.0,4.0,1736.6,53.07,1800.0,throttled=0x0,0.0,0.98,0,563
2026-07-11 21:26:14,test,1,640x480,30,0,3.7,4.9,3.0,3.0,4.0,1736.8,52.58,700.0,throttled=0x0,0.0,0.98,0,563
2026-07-11 21:26:15,test,1,640x480,30,0,7.3,6.8,5.8,8.8,7.7,1737.0,52.58,700.0,throttled=0x0,0.0,0.96,0,563
2026-07-11 21:26:16,test,1,640x480,30,0,7.3,10.7,5.8,8.7,3.9,1737.4,51.61,700.0,throttled=0x0,0.0,0.96,0,563
2026-07-11 21:26:17,test,1,640x480,30,0,7.2,4.9,5.8,12.4,6.6,1738.4,52.58,1800.0,throttled=0x0,0.0,0.96,0,566
2026-07-11 21:26:18,test,1,640x480,30,0,4.0,3.0,3.0,5.0,3.0,1738.4,52.58,1800.0,throttled=0x0,0.0,0.98,0,563
2026-07-11 21:26:19,test,1,640x480,30,0,4.2,4.0,3.9,5.0,2.9,1738.6,52.58,1800.0,throttled=0x0,0.0,0.98,0,563
2026-07-11 21:26:20,test,1,640x480,30,0,3.0,4.9,2.0,3.0,4.0,1738.6,52.09,1800.0,throttled=0x0,0.2,0.98,0,563
2026-07-11 21:26:21,test,1,640x480,30,0,5.0,4.0,5.0,5.9,4.0,1739.8,52.09,700.0,throttled=0x0,0.0,0.98,0,563
2026-07-11 21:26:22,test,1,640x480,30,0,5.3,4.8,5.8,6.9,3.9,1739.9,52.58,1800.0,throttled=0x0,0.0,0.96,0,565
2026-07-11 21:26:23,test,1,640x480,30,0,26.6,28.4,25.7,25.7,27.2,1728.7,54.04,1800.0,throttled=0x0,0.0,0.98,0,563
2026-07-11 21:26:24,test,1,640x480,30,0,3.5,3.9,1.0,4.0,3.9,1728.4,52.09,1800.0,throttled=0x0,0.0,0.98,0,563
2026-07-11 21:26:25,test,1,640x480,30,0,4.2,4.9,3.9,4.0,5.0,1728.0,52.58,1800.0,throttled=0x0,0.0,0.98,0,563
2026-07-11 21:26:26,test,1,640x480,30,0,5.2,4.9,4.0,7.9,3.0,1728.5,53.07,700.0,throttled=0x0,3.7,0.98,0,566
2026-07-11 21:26:27,test,1,640x480,30,0,6.5,3.9,5.8,10.5,5.7,1728.8,52.58,1800.0,throttled=0x0,0.0,0.96,0,563
2026-07-11 21:26:28,test,1,640x480,30,0,5.1,7.8,3.9,3.9,5.8,1728.7,52.09,1800.0,throttled=0x0,0.0,0.98,0,563
2026-07-11 21:26:29,test,1,640x480,30,0,3.7,5.9,1.0,4.9,3.0,1728.7,52.09,1800.0,throttled=0x0,0.0,0.98,0,563
2026-07-11 21:26:30,test,1,640x480,30,0,4.9,7.8,3.9,3.9,4.9,1728.7,52.09,1800.0,throttled=0x0,0.0,0.98,0,563
2026-07-11 21:26:31,test,1,640x480,30,0,5.7,7.8,4.9,5.0,5.0,1729.2,52.58,700.0,throttled=0x0,0.0,0.98,0,566
2026-07-11 21:26:32,test,1,640x480,30,0,6.5,6.7,6.8,4.8,5.7,1729.2,53.56,1800.0,throttled=0x0,0.0,0.96,0,563
2026-07-11 21:26:33,test,1,640x480,30,0,4.4,5.9,5.9,3.0,3.9,1729.2,52.58,1800.0,throttled=0x0,0.0,0.98,0,563
2026-07-11 21:26:34,test,1,640x480,30,0,4.2,4.0,4.0,3.9,3.9,1729.1,53.07,1800.0,throttled=0x0,0.0,0.98,0,563
2026-07-11 21:26:35,test,1,640x480,30,0,3.5,3.0,4.0,4.9,3.0,1729.1,53.07,1800.0,throttled=0x0,0.0,0.98,0,561
2026-07-11 21:26:36,test,1,640x480,30,0,5.9,5.8,5.0,6.9,4.9,1730.8,53.56,700.0,throttled=0x0,0.0,0.98,0,564
2026-07-11 21:26:37,test,1,640x480,30,0,6.0,4.8,9.5,3.8,4.9,1730.7,52.58,1800.0,throttled=0x0,0.2,0.96,0,561
2026-07-11 21:26:38,test,1,640x480,30,0,3.0,2.0,4.0,4.9,3.0,1729.8,52.58,1800.0,throttled=0x0,0.0,0.98,0,561
2026-07-11 21:26:39,test,1,640x480,30,0,4.6,4.0,5.9,3.9,3.9,1729.8,52.58,1800.0,throttled=0x0,0.0,0.98,0,561
2026-07-11 21:26:40,test,1,640x480,30,0,3.5,4.9,4.9,3.0,1.0,1729.8,52.09,1800.0,throttled=0x0,0.0,0.98,0,562
2026-07-11 21:26:41,test,1,640x480,30,0,5.9,5.0,7.7,5.0,6.8,1730.2,51.61,700.0,throttled=0x0,0.0,0.98,0,565
2026-07-11 21:26:42,test,1,640x480,30,0,7.2,6.7,10.6,5.8,5.9,1730.4,53.07,700.0,throttled=0x0,0.0,0.96,0,562
2026-07-11 21:26:43,test,1,640x480,30,0,5.1,3.9,8.7,2.9,3.8,1730.4,51.12,1800.0,throttled=0x0,0.0,0.96,0,562
2026-07-11 21:26:44,test,1,640x480,30,0,3.9,4.9,5.9,2.0,2.9,1730.4,53.07,1800.0,throttled=0x0,0.0,0.98,0,562
2026-07-11 21:26:45,test,1,640x480,30,0,4.2,3.9,6.9,3.9,3.0,1730.4,53.07,1800.0,throttled=0x0,0.0,0.98,0,562
2026-07-11 21:26:46,test,1,640x480,30,0,5.7,4.0,5.0,7.8,5.9,1731.0,52.58,1800.0,throttled=0x0,0.0,0.98,0,565
2026-07-11 21:26:47,test,1,640x480,30,0,6.1,6.0,7.8,5.9,5.8,1730.9,51.61,700.0,throttled=0x0,0.0,0.98,0,562
2026-07-11 21:26:49,test,1,640x480,30,0,7.9,6.8,6.6,9.7,7.7,1730.4,53.07,600.0,throttled=0x0,0.0,0.95,0,563
2026-07-11 21:26:50,test,1,640x480,30,0,8.8,11.3,7.6,6.7,10.6,1730.4,52.09,1000.0,throttled=0x0,0.2,0.96,0,563
2026-07-11 21:26:51,test,1,640x480,30,0,8.5,8.7,5.0,10.4,9.7,1730.4,52.58,800.0,throttled=0x0,0.0,0.97,0,563
2026-07-11 21:26:52,test,1,640x480,30,0,10.6,12.6,10.4,6.9,11.4,1730.7,52.58,700.0,throttled=0x0,0.0,0.96,0,565
2026-07-11 21:26:53,test,1,640x480,30,0,8.2,7.8,5.8,8.6,11.3,1730.7,52.58,600.0,throttled=0x0,0.0,0.96,0,562
2026-07-11 21:26:54,test,1,640x480,30,0,5.3,7.5,1.9,4.9,6.8,1730.7,51.61,1800.0,throttled=0x0,0.0,0.95,0,562
2026-07-11 21:26:55,test,1,640x480,30,0,4.0,3.9,3.0,4.0,4.9,1730.7,51.61,1800.0,throttled=0x0,0.0,0.98,0,561
2026-07-11 21:26:56,test,1,640x480,30,0,4.9,3.0,4.9,8.0,4.9,1731.5,52.58,1800.0,throttled=0x0,0.0,0.98,0,563
2026-07-11 21:26:57,test,1,640x480,30,0,4.9,5.8,3.0,5.0,5.9,1730.9,52.09,1800.0,throttled=0x0,0.0,0.98,0,561
2026-07-11 21:26:58,test,1,640x480,30,0,4.0,5.9,2.9,3.0,3.0,1730.9,52.58,700.0,throttled=0x0,0.0,0.98,0,561
2026-07-11 21:26:59,test,1,640x480,30,0,6.8,9.8,3.9,4.8,8.7,1730.9,52.09,700.0,throttled=0x0,0.0,0.96,0,561
2026-07-11 21:27:00,test,1,640x480,30,0,5.0,6.6,2.9,4.8,5.8,1730.9,53.07,1800.0,throttled=0x0,0.0,0.96,0,561
2026-07-11 21:27:01,test,1,640x480,30,0,5.7,5.8,4.0,4.0,6.9,1733.4,51.12,1800.0,throttled=0x0,0.2,0.98,0,564
2026-07-11 21:27:02,test,1,640x480,30,0,4.9,4.0,4.9,5.9,6.9,1732.8,53.56,1800.0,throttled=0x0,0.0,0.98,0,561
2026-07-11 21:27:03,test,1,640x480,30,0,4.9,6.7,4.9,3.9,4.0,1732.4,53.07,1800.0,throttled=0x0,0.0,0.98,0,561
2026-07-11 21:27:04,test,1,640x480,30,0,4.9,7.9,3.9,2.0,3.9,1732.3,52.58,700.0,throttled=0x0,0.0,0.97,0,561
2026-07-11 21:27:05,test,1,640x480,30,0,5.0,8.6,3.8,4.8,3.8,1732.6,52.58,1800.0,throttled=0x0,0.0,0.96,0,561
2026-07-11 21:27:06,test,1,640x480,30,0,5.9,6.0,5.9,5.0,4.9,1735.6,52.58,1800.0,throttled=0x0,3.7,0.98,0,564
2026-07-11 21:27:07,test,1,640x480,30,0,3.7,5.9,3.9,2.0,3.9,1736.1,53.07,1800.0,throttled=0x0,0.0,0.98,0,561
2026-07-11 21:27:08,test,1,640x480,30,0,3.2,5.9,1.0,2.9,5.0,1736.0,53.56,1800.0,throttled=0x0,0.0,0.98,0,561
2026-07-11 21:27:09,test,1,640x480,30,0,4.7,6.8,3.0,5.9,2.9,1735.5,53.07,700.0,throttled=0x0,0.0,0.98,0,561
2026-07-11 21:27:10,test,1,640x480,30,0,7.3,6.9,4.8,6.9,7.8,1735.3,53.07,600.0,throttled=0x0,0.0,0.96,0,561
2026-07-11 21:27:11,test,1,640x480,30,0,9.8,9.5,7.7,9.7,13.2,1737.2,52.58,1800.0,throttled=0x0,0.0,0.95,0,564
2026-07-11 21:27:12,test,1,640x480,30,0,5.7,6.8,5.9,6.9,5.0,1740.0,54.04,1800.0,throttled=0x0,0.2,0.98,0,561
2026-07-11 21:27:13,test,1,640x480,30,0,3.5,3.0,2.0,5.0,2.9,1739.7,52.09,1800.0,throttled=0x0,0.0,0.98,0,561
2026-07-11 21:27:14,test,1,640x480,30,0,3.5,3.0,2.0,5.8,3.0,1739.3,52.58,1800.0,throttled=0x0,0.0,0.98,0,561
2026-07-11 21:27:15,test,1,640x480,30,0,4.2,5.9,2.9,5.8,3.0,1739.3,54.04,1800.0,throttled=0x0,0.0,0.98,0,561
2026-07-11 21:27:16,test,1,640x480,30,0,7.1,6.0,6.0,6.9,8.7,1737.8,52.58,800.0,throttled=0x0,0.0,0.98,0,564
2026-07-11 21:27:17,test,1,640x480,30,0,8.2,10.6,5.8,8.7,7.5,1737.6,52.58,700.0,throttled=0x0,0.0,0.96,0,561
2026-07-11 21:27:18,test,1,640x480,30,0,8.4,9.5,6.7,8.5,11.3,1737.8,52.09,600.0,throttled=0x0,0.0,0.95,0,561
2026-07-11 21:27:19,test,1,640x480,30,0,8.4,8.7,11.3,3.9,8.7,1737.7,53.56,900.0,throttled=0x0,0.0,0.95,0,561
2026-07-11 21:27:21,test,1,640x480,30,0,5.1,3.9,5.7,3.0,6.7,1737.7,52.09,1800.0,throttled=0x0,0.0,0.96,0,561
2026-07-11 21:27:22,test,1,640x480,30,0,5.4,5.0,6.0,3.0,6.9,1737.6,52.09,1800.0,throttled=0x0,0.0,0.98,0,564
2026-07-11 21:27:23,test,1,640x480,30,0,4.2,3.0,3.0,3.9,5.9,1737.3,53.56,1800.0,throttled=0x0,0.0,0.98,0,561
2026-07-11 21:27:24,test,1,640x480,30,0,3.2,3.0,3.0,3.0,4.0,1737.3,53.56,1800.0,throttled=0x0,0.0,0.98,0,561
2026-07-11 21:27:25,test,1,640x480,30,0,4.7,4.9,3.0,4.9,6.9,1737.3,52.58,700.0,throttled=0x0,0.2,0.97,0,561
2026-07-11 21:27:26,test,1,640x480,30,0,5.5,3.8,5.7,4.8,7.6,1737.3,52.58,1800.0,throttled=0x0,0.0,0.96,0,561
2026-07-11 21:27:27,test,1,640x480,30,0,4.7,5.9,3.9,3.0,5.0,1738.7,53.07,1800.0,throttled=0x0,0.0,0.98,0,564
2026-07-11 21:27:28,test,1,640x480,30,0,5.1,3.0,5.9,4.9,6.9,1738.9,52.58,1800.0,throttled=0x0,0.0,0.98,0,561
2026-07-11 21:27:29,test,1,640x480,30,0,3.2,3.0,2.0,2.9,5.9,1738.7,53.07,1800.0,throttled=0x0,0.0,0.98,0,561
2026-07-11 21:27:30,test,1,640x480,30,0,4.0,5.9,2.0,3.0,4.9,1738.9,52.09,700.0,throttled=0x0,0.0,0.98,0,561
2026-07-11 21:27:31,test,1,640x480,30,0,6.7,5.8,6.6,6.7,8.7,1741.4,53.56,1800.0,throttled=0x0,0.0,0.96,0,563
2026-07-11 21:27:32,test,1,640x480,30,0,4.2,4.0,3.0,4.9,3.9,1741.2,51.61,1800.0,throttled=0x0,0.0,0.97,0,561
2026-07-11 21:27:33,test,1,640x480,30,0,3.7,4.9,4.9,1.0,3.9,1740.5,51.12,1800.0,throttled=0x0,0.0,0.98,0,561
2026-07-11 21:27:34,test,1,640x480,30,0,3.7,5.0,1.0,2.9,4.9,1740.0,52.58,1800.0,throttled=0x0,0.0,0.98,0,561
2026-07-11 21:27:35,test,1,640x480,30,0,3.7,4.9,4.8,3.0,3.0,1739.9,53.07,700.0,throttled=0x0,0.0,0.98,0,561
2026-07-11 21:27:36,test,1,640x480,30,0,11.1,9.4,10.3,9.7,16.0,1740.8,52.58,1200.0,throttled=0x0,0.2,0.96,0,564
2026-07-11 21:27:37,test,1,640x480,30,0,7.9,6.0,8.8,7.8,7.8,1740.7,52.09,800.0,throttled=0x0,0.0,0.97,0,561
2026-07-11 21:27:38,test,1,640x480,30,0,8.9,7.8,11.7,7.6,9.6,1740.7,51.61,600.0,throttled=0x0,0.0,0.96,0,561
2026-07-11 21:27:39,test,1,640x480,30,0,8.3,7.6,4.8,13.3,7.5,1740.7,51.12,1000.0,throttled=0x0,0.0,0.95,0,562
2026-07-11 21:27:40,test,1,640x480,30,0,6.1,6.9,3.0,5.8,7.7,1740.7,52.09,900.0,throttled=0x0,0.0,0.97,0,562
2026-07-11 21:27:41,test,1,640x480,30,0,10.2,10.8,6.8,9.8,13.6,1741.5,51.12,1800.0,throttled=0x0,0.0,0.97,0,565
2026-07-11 21:27:42,test,1,640x480,30,0,4.4,3.9,5.8,4.9,4.0,1741.7,51.61,1800.0,throttled=0x0,0.0,0.98,0,562
2026-07-11 21:27:43,test,1,640x480,30,0,3.7,4.0,2.0,2.0,6.8,1741.4,52.09,1800.0,throttled=0x0,0.0,0.98,0,562
2026-07-11 21:27:44,test,1,640x480,30,0,3.7,3.9,3.0,4.0,4.9,1741.4,51.61,1800.0,throttled=0x0,0.0,0.98,0,562
2026-07-11 21:27:45,test,1,640x480,30,0,4.0,4.0,3.0,2.9,5.0,1741.1,52.09,1800.0,throttled=0x0,0.0,0.98,0,562
2026-07-11 21:27:46,test,1,640x480,30,0,5.9,4.0,5.8,6.9,7.9,1742.0,52.09,600.0,throttled=0x0,0.0,0.97,0,565
2026-07-11 21:27:47,test,1,640x480,30,0,5.7,6.6,2.9,5.7,7.6,1741.7,52.09,1800.0,throttled=0x0,0.2,0.95,0,562
2026-07-11 21:27:48,test,1,640x480,30,0,3.9,4.0,4.8,3.0,3.0,1741.7,51.61,1800.0,throttled=0x0,0.0,0.98,0,562
2026-07-11 21:27:49,test,1,640x480,30,0,3.7,5.9,3.0,1.0,4.0,1741.7,51.61,1800.0,throttled=0x0,0.0,0.98,0,563
2026-07-11 21:27:50,test,1,640x480,30,0,3.9,4.0,3.9,2.0,5.8,1741.7,53.07,1800.0,throttled=0x0,0.0,0.98,0,563
2026-07-11 21:27:51,test,1,640x480,30,0,5.9,5.9,5.8,4.0,7.9,1743.0,52.58,700.0,throttled=0x0,0.0,0.98,0,566
2026-07-11 21:27:52,test,1,640x480,30,0,31.1,29.4,30.5,29.4,35.0,1733.4,52.09,1800.0,throttled=0x0,0.0,0.96,0,563
2026-07-11 21:27:53,test,1,640x480,30,0,3.7,3.0,3.0,3.0,5.9,1731.6,52.58,1800.0,throttled=0x0,0.0,0.98,0,563
2026-07-11 21:27:54,test,1,640x480,30,0,4.2,4.0,2.0,4.9,6.9,1731.6,52.58,1800.0,throttled=0x0,0.0,0.98,0,563
2026-07-11 21:27:55,test,1,640x480,30,0,4.0,3.0,3.0,4.0,5.0,1731.6,53.07,1800.0,throttled=0x0,0.0,0.98,0,563
2026-07-11 21:27:56,test,1,640x480,30,0,6.0,5.0,6.0,4.9,8.9,1731.5,53.56,1800.0,throttled=0x0,0.0,0.98,0,566
2026-07-11 21:27:57,test,1,640x480,30,0,6.9,7.9,4.9,6.9,6.9,1731.8,52.09,900.0,throttled=0x0,0.0,0.98,0,563
2026-07-11 21:27:59,test,1,640x480,30,0,5.4,4.0,3.9,9.5,2.9,1732.0,53.07,1800.0,throttled=0x0,0.0,0.96,0,563
2026-07-11 21:28:00,test,1,640x480,30,0,3.9,5.0,2.9,5.9,3.9,1732.0,52.58,1800.0,throttled=0x0,0.2,0.98,0,563
2026-07-11 21:28:01,test,1,640x480,30,0,4.6,7.7,2.9,5.9,2.0,1731.7,52.09,1800.0,throttled=0x0,0.0,0.98,0,563
2026-07-11 21:28:02,test,1,640x480,30,0,7.1,5.0,9.6,6.8,6.7,1732.2,51.61,1800.0,throttled=0x0,0.0,0.98,0,566
2026-07-11 21:28:03,test,1,640x480,30,0,4.9,4.0,4.0,5.9,3.9,1732.5,52.58,700.0,throttled=0x0,0.0,0.98,0,563
2026-07-11 21:28:04,test,1,640x480,30,0,5.5,6.7,4.8,7.8,4.8,1732.3,52.58,1800.0,throttled=0x0,0.0,0.96,0,563
2026-07-11 21:28:05,test,1,640x480,30,0,4.2,3.9,4.0,4.9,3.0,1732.0,53.07,1800.0,throttled=0x0,0.0,0.98,0,562
2026-07-11 21:28:06,test,1,640x480,30,0,4.2,5.8,3.0,5.0,2.0,1732.2,52.58,1800.0,throttled=0x0,0.0,0.98,0,562
2026-07-11 21:28:07,test,1,640x480,30,0,6.9,5.9,7.8,5.0,8.8,1733.2,52.58,1800.0,throttled=0x0,0.0,0.98,0,565
2026-07-11 21:28:08,test,1,640x480,30,0,3.0,5.0,3.0,2.0,3.0,1733.5,52.09,700.0,throttled=0x0,0.0,0.98,0,562
2026-07-11 21:28:09,test,1,640x480,30,0,7.0,7.8,11.3,4.8,3.0,1733.5,53.07,600.0,throttled=0x0,0.0,0.96,0,562
2026-07-11 21:28:10,test,1,640x480,30,0,5.5,5.8,8.7,3.8,4.8,1733.5,52.58,1800.0,throttled=0x0,0.0,0.96,0,562
2026-07-11 21:28:11,test,1,640x480,30,0,5.2,4.9,6.9,5.0,5.9,1734.2,53.07,1800.0,throttled=0x0,0.0,0.98,0,565
2026-07-11 21:28:12,test,1,640x480,30,0,4.4,2.0,6.7,3.0,5.9,1734.5,53.56,1800.0,throttled=0x0,3.7,0.98,0,562
2026-07-11 21:28:13,test,1,640x480,30,0,3.7,3.0,5.0,2.9,2.0,1734.4,52.09,1800.0,throttled=0x0,0.0,0.98,0,562
2026-07-11 21:28:14,test,1,640x480,30,0,3.5,3.0,4.0,3.0,4.0,1734.3,53.07,700.0,throttled=0x0,0.0,0.98,0,562
2026-07-11 21:28:15,test,1,640x480,30,0,5.8,8.5,10.5,2.0,1.9,1734.4,53.56,1800.0,throttled=0x0,0.0,0.96,0,562
2026-07-11 21:28:16,test,1,640x480,30,0,5.7,4.0,8.7,5.0,5.9,1735.2,52.58,1800.0,throttled=0x0,0.0,0.97,0,565
2026-07-11 21:28:17,test,1,640x480,30,0,4.4,4.0,6.9,2.0,3.9,1734.4,53.07,1800.0,throttled=0x0,0.0,0.98,0,562
2026-07-11 21:28:18,test,1,640x480,30,0,4.4,4.0,5.9,4.9,2.0,1734.6,52.58,1800.0,throttled=0x0,0.0,0.98,0,562
2026-07-11 21:28:19,test,1,640x480,30,0,3.2,4.9,2.0,4.0,2.9,1734.7,52.09,700.0,throttled=0x0,0.0,0.98,0,562
2026-07-11 21:28:20,test,1,640x480,30,0,7.2,7.7,6.8,7.8,6.8,1734.7,53.07,900.0,throttled=0x0,0.0,0.96,0,562
2026-07-11 21:28:21,test,1,640x480,30,0,9.2,5.9,10.7,9.7,8.9,1734.6,52.58,1800.0,throttled=0x0,0.0,0.97,0,565
2026-07-11 21:28:22,test,1,640x480,30,0,4.9,4.9,3.0,7.8,4.9,1734.6,52.58,1800.0,throttled=0x0,0.0,0.98,0,562
2026-07-11 21:28:23,test,1,640x480,30,0,4.2,3.0,4.9,4.0,4.0,1734.6,52.58,1800.0,throttled=0x0,0.0,0.98,0,562
2026-07-11 21:28:24,test,1,640x480,30,0,4.0,3.9,4.0,6.7,3.9,1734.6,52.58,1800.0,throttled=0x0,0.0,0.98,0,562
2026-07-11 21:28:25,test,1,640x480,30,0,3.5,1.0,4.0,4.0,2.9,1734.6,53.56,1800.0,throttled=0x0,0.0,0.98,0,562
2026-07-11 21:28:26,test,1,640x480,30,0,6.6,5.9,4.9,6.9,8.7,1736.0,52.09,600.0,throttled=0x0,0.0,0.98,0,565
2026-07-11 21:28:27,test,1,640x480,30,0,5.5,4.8,6.6,7.7,2.9,1736.3,52.58,1800.0,throttled=0x0,0.0,0.96,0,562
2026-07-11 21:28:28,test,1,640x480,30,0,3.2,4.9,1.0,5.9,4.0,1736.3,52.58,1800.0,throttled=0x0,0.0,0.98,0,562
2026-07-11 21:28:29,test,1,640x480,30,0,3.9,4.0,4.9,3.0,2.9,1736.3,52.58,1800.0,throttled=0x0,0.2,0.98,0,562
2026-07-11 21:28:30,test,1,640x480,30,0,4.2,3.0,4.0,5.9,3.9,1736.3,52.58,1800.0,throttled=0x0,0.0,0.98,0,562
2026-07-11 21:28:31,test,1,640x480,30,0,5.9,7.8,3.0,5.9,5.8,1737.5,52.09,700.0,throttled=0x0,0.0,0.98,0,565
2026-07-11 21:28:32,test,1,640x480,30,0,6.0,5.8,6.7,8.7,3.9,1737.8,52.58,1800.0,throttled=0x0,0.0,0.96,0,562
2026-07-11 21:28:33,test,1,640x480,30,0,4.2,5.9,3.9,4.0,2.0,1737.5,52.58,1800.0,throttled=0x0,0.0,0.98,0,562
2026-07-11 21:28:34,test,1,640x480,30,0,4.4,4.9,5.0,4.9,4.9,1737.7,52.09,1800.0,throttled=0x0,0.0,0.98,0,562
2026-07-11 21:28:35,test,1,640x480,30,0,4.9,3.0,4.9,3.9,6.9,1737.8,53.07,1800.0,throttled=0x0,0.0,0.98,0,562
2026-07-11 21:28:36,test,1,640x480,30,0,5.9,5.9,4.9,5.9,7.7,1737.8,53.07,700.0,throttled=0x0,0.0,0.97,0,565
2026-07-11 21:28:38,test,1,640x480,30,0,5.3,4.8,2.9,3.8,7.8,1737.3,53.56,1800.0,throttled=0x0,0.0,0.96,0,562
2026-07-11 21:28:39,test,1,640x480,30,0,3.7,3.9,1.0,4.0,4.9,1737.3,52.58,1800.0,throttled=0x0,0.0,0.98,0,562
2026-07-11 21:28:40,test,1,640x480,30,0,3.7,3.0,4.9,3.0,6.8,1737.3,52.58,1800.0,throttled=0x0,0.0,0.98,0,562
2026-07-11 21:28:41,test,1,640x480,30,0,3.9,3.0,2.0,3.9,5.9,1737.3,53.07,1800.0,throttled=0x0,0.0,0.98,0,562
2026-07-11 21:28:42,test,1,640x480,30,0,5.9,5.0,5.9,6.9,4.0,1737.8,52.58,700.0,throttled=0x0,0.2,0.98,0,565
2026-07-11 21:28:43,test,1,640x480,30,0,8.5,8.7,7.6,10.7,7.6,1737.8,52.58,800.0,throttled=0x0,0.0,0.96,0,562
2026-07-11 21:28:44,test,1,640x480,30,0,7.5,9.4,9.6,8.7,3.0,1737.8,52.58,600.0,throttled=0x0,0.0,0.96,0,562
2026-07-11 21:28:45,test,1,640x480,30,0,6.2,6.7,3.8,7.8,4.7,1737.8,52.58,1800.0,throttled=0x0,0.0,0.95,0,562
2026-07-11 21:28:46,test,1,640x480,30,0,4.7,6.0,3.0,5.9,5.0,1738.5,52.58,1800.0,throttled=0x0,0.0,0.98,0,564
2026-07-11 21:28:47,test,1,640x480,30,0,4.4,5.0,3.9,4.0,4.9,1739.7,53.07,1800.0,throttled=0x0,0.0,0.97,0,562
2026-07-11 21:28:48,test,1,640x480,30,0,4.4,4.9,3.9,3.9,4.9,1738.9,52.58,1800.0,throttled=0x0,0.0,0.98,0,562
2026-07-11 21:28:49,test,1,640x480,30,0,3.7,4.9,3.0,2.0,5.0,1738.9,53.07,1800.0,throttled=0x0,0.0,0.98,0,562
2026-07-11 21:28:50,test,1,640x480,30,0,5.5,4.8,4.8,7.5,7.8,1738.9,53.07,1800.0,throttled=0x0,0.0,0.96,0,562
2026-07-11 21:28:51,test,1,640x480,30,0,5.7,3.0,5.0,4.0,8.7,1740.8,52.58,1800.0,throttled=0x0,0.0,0.98,0,565
2026-07-11 21:28:52,test,1,640x480,30,0,4.7,4.0,5.8,4.0,5.0,1740.8,52.58,1800.0,throttled=0x0,0.0,0.98,0,562
2026-07-11 21:28:53,test,1,640x480,30,0,4.4,3.0,6.7,3.0,4.0,1739.9,53.07,1800.0,throttled=0x0,0.0,0.98,0,562
2026-07-11 21:28:54,test,1,640x480,30,0,5.4,5.8,5.9,4.0,4.9,1739.9,52.09,700.0,throttled=0x0,0.0,0.98,0,562
2026-07-11 21:28:55,test,1,640x480,30,0,5.1,2.9,3.9,5.8,7.8,1739.9,52.09,1800.0,throttled=0x0,0.0,0.95,0,562
2026-07-11 21:28:56,test,1,640x480,30,0,5.7,5.9,5.9,4.0,7.8,1740.4,52.09,1800.0,throttled=0x0,0.0,0.98,0,565
2026-07-11 21:28:57,test,1,640x480,30,0,4.4,3.0,4.0,3.9,5.9,1739.5,52.09,1800.0,throttled=0x0,0.0,0.98,0,562
2026-07-11 21:28:58,test,1,640x480,30,0,3.7,2.9,2.9,5.9,4.0,1739.3,52.58,1800.0,throttled=0x0,0.0,0.98,0,563
2026-07-11 21:28:59,test,1,640x480,30,0,3.7,4.0,2.9,3.0,4.9,1739.3,54.04,700.0,throttled=0x0,0.0,0.98,0,563
2026-07-11 21:29:00,test,1,640x480,30,0,7.2,3.9,9.7,5.0,10.5,1739.3,52.58,700.0,throttled=0x0,3.4,0.95,0,563
2026-07-11 21:29:01,test,1,640x480,30,0,10.1,10.7,6.8,11.5,11.3,1741.5,52.58,1800.0,throttled=0x0,0.0,0.95,0,566
2026-07-11 21:29:02,test,1,640x480,30,0,3.7,3.9,2.9,3.0,5.0,1741.5,52.58,1800.0,throttled=0x0,0.0,0.98,0,562
2026-07-11 21:29:03,test,1,640x480,30,0,4.0,3.0,3.9,4.0,5.0,1740.9,52.58,1800.0,throttled=0x0,0.0,0.98,0,562
2026-07-11 21:29:04,test,1,640x480,30,0,4.2,3.0,1.0,5.9,5.9,1741.2,52.58,1800.0,throttled=0x0,0.0,0.98,0,562
2026-07-11 21:29:05,test,1,640x480,30,0,4.0,4.9,2.9,3.9,4.9,1741.1,53.07,1800.0,throttled=0x0,0.0,0.98,0,562
2026-07-11 21:29:06,test,1,640x480,30,0,7.4,6.0,6.9,7.8,7.1,1742.8,53.07,700.0,throttled=0x0,0.0,0.98,0,565
2026-07-11 21:29:07,test,1,640x480,30,0,8.4,10.6,7.5,6.8,10.6,1742.6,53.07,700.0,throttled=0x0,0.0,0.96,0,562
2026-07-11 21:29:08,test,1,640x480,30,0,6.0,5.7,4.8,6.7,8.7,1742.3,52.58,1800.0,throttled=0x0,0.0,0.96,0,562
2026-07-11 21:29:09,test,1,640x480,30,0,5.1,4.9,3.9,5.9,3.9,1742.3,53.07,1800.0,throttled=0x0,0.0,0.98,0,562
2026-07-11 21:29:10,test,1,640x480,30,0,4.7,6.9,4.0,4.9,3.0,1742.3,52.09,1800.0,throttled=0x0,0.2,0.98,0,562
2026-07-11 21:29:11,test,1,640x480,30,0,5.7,6.0,5.1,5.0,6.9,1743.9,52.58,1800.0,throttled=0x0,0.0,0.98,0,565
2026-07-11 21:29:12,test,1,640x480,30,0,4.2,3.0,3.9,2.0,7.8,1744.1,53.56,700.0,throttled=0x0,0.0,0.97,0,562
2026-07-11 21:29:14,test,1,640x480,30,0,5.0,6.7,3.8,2.9,7.6,1744.1,53.07,1800.0,throttled=0x0,0.0,0.96,0,562
2026-07-11 21:29:15,test,1,640x480,30,0,3.2,3.0,1.0,3.0,4.0,1744.3,53.07,1800.0,throttled=0x0,0.0,0.98,0,561
2026-07-11 21:29:16,test,1,640x480,30,0,3.5,3.0,3.9,3.9,3.0,1743.5,53.56,1800.0,throttled=0x0,0.0,0.98,0,561
2026-07-11 21:29:17,test,1,640x480,30,0,5.7,6.9,4.0,4.9,6.9,1744.9,53.07,1800.0,throttled=0x0,0.0,0.98,0,564
2026-07-11 21:29:18,test,1,640x480,30,0,4.7,5.9,2.0,4.9,7.8,1745.0,52.58,700.0,throttled=0x0,0.0,0.98,0,561
2026-07-11 21:29:19,test,1,640x480,30,0,7.8,7.7,4.9,5.9,12.4,1744.5,51.61,700.0,throttled=0x0,0.0,0.96,0,561
2026-07-11 21:29:20,test,1,640x480,30,0,8.6,8.7,5.8,6.7,10.5,1744.5,51.61,600.0,throttled=0x0,0.0,0.96,0,561
2026-07-11 21:29:21,test,1,640x480,30,0,6.7,5.8,6.7,5.7,9.4,1745.1,52.09,1800.0,throttled=0x0,0.0,0.95,0,561
2026-07-11 21:29:22,test,1,640x480,30,0,4.9,4.0,4.0,6.7,4.0,1745.5,53.07,1800.0,throttled=0x0,0.0,0.98,0,563
2026-07-11 21:29:23,test,1,640x480,30,0,4.7,6.7,4.8,5.9,4.0,1745.4,52.09,1800.0,throttled=0x0,0.2,0.98,0,561
2026-07-11 21:29:24,test,1,640x480,30,0,25.0,23.8,26.0,23.8,25.0,1732.9,52.58,1800.0,throttled=0x0,0.0,0.98,0,561
2026-07-11 21:29:25,test,1,640x480,30,0,4.0,4.0,4.8,3.0,5.9,1731.9,52.58,700.0,throttled=0x0,0.2,0.98,0,561
2026-07-11 21:29:26,test,1,640x480,30,0,7.2,6.7,7.6,4.8,8.7,1733.1,52.09,1800.0,throttled=0x0,0.0,0.96,0,564
2026-07-11 21:29:27,test,1,640x480,30,0,4.2,4.9,3.0,4.0,5.0,1732.6,52.58,1800.0,throttled=0x0,0.0,0.98,0,561
2026-07-11 21:29:28,test,1,640x480,30,0,4.7,4.9,2.0,4.9,6.8,1732.6,53.07,1800.0,throttled=0x0,0.0,0.98,0,561
2026-07-11 21:29:29,test,1,640x480,30,0,4.2,4.9,3.0,3.9,6.0,1732.5,53.07,1800.0,throttled=0x0,0.2,0.98,0,561
2026-07-11 21:29:30,test,1,640x480,30,0,4.7,3.9,5.8,4.0,4.0,1732.0,52.58,700.0,throttled=0x0,0.0,0.97,0,561
2026-07-11 21:29:31,test,1,640x480,30,0,6.3,3.9,8.6,5.8,7.8,1733.2,53.07,1800.0,throttled=0x0,0.0,0.95,0,564
2026-07-11 21:29:32,test,1,640x480,30,0,4.2,3.0,2.0,3.0,6.9,1733.0,51.61,1800.0,throttled=0x0,0.0,0.98,0,561
2026-07-11 21:29:33,test,1,640x480,30,0,3.7,3.9,2.0,4.9,5.0,1732.3,52.09,1800.0,throttled=0x0,0.0,0.98,0,561
2026-07-11 21:29:34,test,1,640x480,30,0,3.0,2.0,3.0,3.0,5.0,1731.9,52.58,1800.0,throttled=0x0,0.0,0.98,0,561
2026-07-11 21:29:35,test,1,640x480,30,0,4.4,4.0,3.9,4.9,4.0,1731.8,52.09,700.0,throttled=0x0,0.0,0.98,0,561
2026-07-11 21:29:36,test,1,640x480,30,0,10.8,8.6,10.8,10.7,13.2,1732.5,51.61,800.0,throttled=0x0,0.0,0.96,0,564
2026-07-11 21:29:37,test,1,640x480,30,0,6.3,5.7,5.8,5.8,8.7,1732.5,51.61,1800.0,throttled=0x0,0.0,0.96,0,561
2026-07-11 21:29:38,test,1,640x480,30,0,3.7,2.0,4.9,4.0,3.0,1732.5,52.09,1800.0,throttled=0x0,0.0,0.98,0,561
2026-07-11 21:29:39,test,1,640x480,30,0,3.9,3.9,2.9,6.9,3.0,1732.5,52.09,1800.0,throttled=0x0,0.2,0.98,0,561
2026-07-11 21:29:40,test,1,640x480,30,0,4.4,5.8,2.0,6.9,2.0,1732.3,52.58,1800.0,throttled=0x0,0.0,0.98,0,561
2026-07-11 21:29:41,test,1,640x480,30,0,5.0,6.9,3.0,6.9,3.0,1732.2,52.58,700.0,throttled=0x0,0.0,0.98,0,564
2026-07-11 21:29:42,test,1,640x480,30,0,5.3,5.7,4.9,8.6,3.9,1732.2,53.56,1800.0,throttled=0x0,0.0,0.96,0,561
2026-07-11 21:29:43,test,1,640x480,30,0,4.2,5.0,1.0,5.9,3.9,1732.2,52.58,1800.0,throttled=0x0,0.0,0.98,0,561
2026-07-11 21:29:44,test,1,640x480,30,0,3.0,4.0,3.0,4.0,1.0,1732.2,52.09,1800.0,throttled=0x0,0.0,0.98,0,561
2026-07-11 21:29:45,test,1,640x480,30,0,5.2,5.9,3.0,6.8,4.0,1732.2,52.09,1800.0,throttled=0x0,0.0,0.98,0,561
2026-07-11 21:29:46,test,1,640x480,30,0,5.5,7.8,4.0,4.0,6.8,1733.9,52.09,1800.0,throttled=0x0,0.0,0.98,0,564
2026-07-11 21:29:47,test,1,640x480,30,0,5.6,5.9,2.9,9.6,3.8,1733.7,52.58,1800.0,throttled=0x0,0.0,0.96,0,561
2026-07-11 21:29:48,test,1,640x480,30,0,4.2,4.9,4.0,5.8,3.0,1732.8,52.58,1800.0,throttled=0x0,0.0,0.98,0,561
2026-07-11 21:29:49,test,1,640x480,30,0,4.2,3.0,4.9,5.0,3.0,1732.8,52.58,1800.0,throttled=0x0,0.0,0.98,0,561
2026-07-11 21:29:50,test,1,640x480,30,0,3.2,2.0,2.9,5.9,2.0,1732.8,52.09,1800.0,throttled=0x0,0.0,0.98,0,561
2026-07-11 21:29:52,test,1,640x480,30,0,5.0,4.0,3.9,6.9,6.0,1734.8,51.61,700.0,throttled=0x0,0.2,0.98,0,564
2026-07-11 21:29:53,test,1,640x480,30,0,5.3,3.8,2.0,7.7,6.7,1734.7,51.61,1800.0,throttled=0x0,0.0,0.96,0,561
2026-07-11 21:29:54,test,1,640x480,30,0,3.7,3.0,5.9,4.0,2.0,1734.2,52.09,1800.0,throttled=0x0,0.0,0.98,0,561
2026-07-11 21:29:55,test,1,640x480,30,0,3.7,4.9,2.0,4.0,2.9,1734.1,52.09,1800.0,throttled=0x0,0.0,0.98,0,561
2026-07-11 21:29:56,test,1,640x480,30,0,4.4,4.9,4.9,4.0,3.9,1734.0,51.61,1800.0,throttled=0x0,0.0,0.98,0,561
2026-07-11 21:29:57,test,1,640x480,30,0,5.2,4.0,4.9,5.0,6.0,1735.9,51.61,700.0,throttled=0x0,0.0,0.98,0,564
2026-07-11 21:29:58,test,1,640x480,30,0,8.2,8.7,5.8,12.5,7.5,1735.6,52.09,800.0,throttled=0x0,0.0,0.96,0,561
2026-07-11 21:29:59,test,1,640x480,30,0,5.1,4.8,3.9,7.8,3.9,1735.1,52.58,1800.0,throttled=0x0,0.0,0.96,0,561
2026-07-11 21:30:00,test,1,640x480,30,0,3.9,3.0,3.9,5.9,2.0,1735.1,51.61,1800.0,throttled=0x0,0.0,0.98,0,561
2026-07-11 21:30:01,test,1,640x480,30,0,5.0,5.9,2.0,8.8,4.9,1735.4,52.09,1800.0,throttled=0x0,0.0,0.98,0,563
2026-07-11 21:30:02,test,1,640x480,30,0,4.9,5.9,4.0,3.9,4.0,1735.4,52.09,1800.0,throttled=0x0,0.0,0.98,0,562
2026-07-11 21:30:03,test,1,640x480,30,0,3.9,3.0,4.9,5.8,2.9,1735.1,51.61,700.0,throttled=0x0,0.0,0.97,0,562
2026-07-11 21:30:04,test,1,640x480,30,0,7.6,5.8,12.3,5.8,5.7,1735.0,52.58,700.0,throttled=0x0,0.2,0.96,0,562
2026-07-11 21:30:05,test,1,640x480,30,0,6.0,8.5,5.7,2.0,7.8,1735.0,52.09,1800.0,throttled=0x0,0.0,0.96,0,562
2026-07-11 21:30:06,test,1,640x480,30,0,5.9,2.0,5.9,7.8,8.7,1735.0,52.09,1800.0,throttled=0x0,0.0,0.98,0,566
2026-07-11 21:30:07,test,1,640x480,30,0,5.1,3.0,5.0,3.9,7.8,1735.2,51.61,1800.0,throttled=0x0,0.0,0.98,0,563
2026-07-11 21:30:08,test,1,640x480,30,0,3.9,5.8,3.9,2.0,2.9,1735.4,52.09,1800.0,throttled=0x0,0.0,0.97,0,563
2026-07-11 21:30:09,test,1,640x480,30,0,4.0,5.9,3.0,5.0,2.9,1735.4,51.61,700.0,throttled=0x0,0.0,0.97,0,563
2026-07-11 21:30:10,test,1,640x480,30,0,4.6,8.6,1.9,2.0,3.8,1735.4,51.61,1800.0,throttled=0x0,0.0,0.96,0,563
2026-07-11 21:30:11,test,1,640x480,30,0,5.7,8.9,5.9,6.8,4.0,1737.1,51.61,1800.0,throttled=0x0,0.0,0.98,0,566
2026-07-11 21:30:12,test,1,640x480,30,0,4.7,5.0,5.9,3.9,3.9,1737.1,51.61,1800.0,throttled=0x0,0.0,0.98,0,563
2026-07-11 21:30:13,test,1,640x480,30,0,3.7,4.0,2.0,3.9,2.9,1736.8,52.58,1800.0,throttled=0x0,0.0,0.98,0,563
2026-07-11 21:30:14,test,1,640x480,30,0,4.2,7.8,3.9,4.0,3.0,1736.3,52.58,700.0,throttled=0x0,0.0,0.98,0,563
2026-07-11 21:30:15,test,1,640x480,30,0,6.8,12.6,7.8,3.0,2.0,1736.3,52.09,700.0,throttled=0x0,0.2,0.96,0,563
2026-07-11 21:30:16,test,1,640x480,30,0,7.2,10.6,6.7,5.8,6.7,1737.3,51.61,1800.0,throttled=0x0,0.0,0.96,0,566
2026-07-11 21:30:17,test,1,640x480,30,0,4.2,4.0,3.0,6.8,5.9,1737.5,51.61,1800.0,throttled=0x0,0.0,0.98,0,563
2026-07-11 21:30:18,test,1,640x480,30,0,5.6,4.9,3.0,6.7,5.0,1737.7,52.09,1800.0,throttled=0x0,0.0,0.98,0,563
2026-07-11 21:30:19,test,1,640x480,30,0,3.7,4.0,2.0,4.0,4.9,1737.7,50.63,1800.0,throttled=0x0,0.0,0.98,0,563
2026-07-11 21:30:20,test,1,640x480,30,0,4.2,4.0,5.8,5.8,2.0,1737.7,52.09,700.0,throttled=0x0,0.0,0.98,0,563
2026-07-11 21:30:21,test,1,640x480,30,0,7.5,8.7,5.7,7.7,6.9,1739.2,51.61,1800.0,throttled=0x0,0.0,0.96,0,566
2026-07-11 21:30:22,test,1,640x480,30,0,5.1,7.8,2.0,5.8,4.9,1739.0,52.09,1800.0,throttled=0x0,0.0,0.98,0,563
2026-07-11 21:30:23,test,1,640x480,30,0,4.7,6.8,4.8,4.9,3.9,1738.5,52.09,1800.0,throttled=0x0,0.0,0.98,0,563
2026-07-11 21:30:24,test,1,640x480,30,0,3.5,2.0,5.0,3.0,2.0,1738.7,51.12,1800.0,throttled=0x0,0.0,0.98,0,561
2026-07-11 21:30:25,test,1,640x480,30,0,4.0,5.0,4.0,4.9,2.9,1738.4,51.12,700.0,throttled=0x0,0.0,0.98,0,561
2026-07-11 21:30:26,test,1,640x480,30,0,8.0,8.7,12.4,4.9,6.9,1737.8,52.09,1800.0,throttled=0x0,0.0,0.96,0,564
2026-07-11 21:30:27,test,1,640x480,30,0,4.4,4.9,5.0,4.9,2.9,1737.5,51.61,1800.0,throttled=0x0,0.0,0.98,0,561
2026-07-11 21:30:29,test,1,640x480,30,0,4.4,3.0,3.9,5.0,4.9,1737.5,51.61,1800.0,throttled=0x0,0.0,0.98,0,561
2026-07-11 21:30:30,test,1,640x480,30,0,4.0,2.9,4.9,5.0,2.9,1737.5,51.12,1800.0,throttled=0x0,0.0,0.98,0,561
2026-07-11 21:30:31,test,1,640x480,30,0,3.9,3.0,4.9,5.9,1.0,1737.2,51.61,700.0,throttled=0x0,0.0,0.98,0,561
2026-07-11 21:30:32,test,1,640x480,30,0,6.7,8.6,4.8,10.6,4.9,1738.0,51.61,1800.0,throttled=0x0,0.5,0.95,0,564
2026-07-11 21:30:33,test,1,640x480,30,0,4.2,2.0,4.9,4.9,5.9,1738.5,52.09,1800.0,throttled=0x0,0.0,0.98,0,561
2026-07-11 21:30:34,test,1,640x480,30,0,3.7,3.0,3.0,5.9,2.0,1738.2,52.09,1800.0,throttled=0x0,0.0,0.98,0,561
2026-07-11 21:30:35,test,1,640x480,30,0,3.7,4.9,2.9,5.0,3.0,1738.6,51.12,1800.0,throttled=0x0,0.0,0.98,0,561
2026-07-11 21:30:36,test,1,640x480,30,0,3.7,4.0,3.0,4.9,2.0,1738.9,51.12,700.0,throttled=0x0,0.0,0.98,0,561
2026-07-11 21:30:37,test,1,640x480,30,0,7.5,5.8,9.7,8.7,5.9,1738.9,51.61,1800.0,throttled=0x0,0.0,0.96,0,564
2026-07-11 21:30:38,test,1,640x480,30,0,4.4,5.8,2.0,6.8,3.9,1739.3,52.58,1800.0,throttled=0x0,0.0,0.98,0,561
2026-07-11 21:30:39,test,1,640x480,30,0,3.5,3.0,3.0,4.0,3.0,1738.9,52.09,1800.0,throttled=0x0,0.0,0.98,0,561
2026-07-11 21:30:40,test,1,640x480,30,0,3.7,4.0,3.0,4.0,2.9,1739.2,52.58,1800.0,throttled=0x0,0.0,0.98,0,561
2026-07-11 21:30:41,test,1,640x480,30,0,5.0,4.0,5.0,7.0,3.9,1739.5,51.12,1800.0,throttled=0x0,0.0,0.98,0,564
2026-07-11 21:30:42,test,1,640x480,30,0,6.7,12.6,3.0,8.8,3.0,1739.6,51.61,800.0,throttled=0x0,0.0,0.98,0,561
2026-07-11 21:30:43,test,1,640x480,30,0,5.1,2.0,4.8,8.8,4.8,1739.3,51.61,1800.0,throttled=0x0,0.2,0.96,0,561
2026-07-11 21:30:44,test,1,640x480,30,0,3.5,3.0,2.0,5.8,3.0,1739.3,51.61,1800.0,throttled=0x0,0.0,0.98,0,561
2026-07-11 21:30:45,test,1,640x480,30,0,3.7,4.9,2.9,5.0,2.0,1739.5,51.61,1800.0,throttled=0x0,0.0,0.98,0,561
2026-07-11 21:30:46,test,1,640x480,30,0,5.9,5.0,5.0,6.9,5.0,1740.8,51.61,1800.0,throttled=0x0,0.0,0.98,0,564
2026-07-11 21:30:47,test,1,640x480,30,0,4.2,5.9,3.9,5.0,4.0,1741.0,52.09,700.0,throttled=0x0,0.0,0.98,0,561
2026-07-11 21:30:48,test,1,640x480,30,0,6.7,3.9,7.6,8.7,6.5,1740.8,51.61,1800.0,throttled=0x0,0.0,0.96,0,561
2026-07-11 21:30:49,test,1,640x480,30,0,3.7,5.0,2.9,3.0,3.0,1740.5,52.58,1800.0,throttled=0x0,0.0,0.98,0,561
2026-07-11 21:30:50,test,1,640x480,30,0,4.2,3.9,2.9,4.0,4.0,1740.5,51.61,1800.0,throttled=0x0,0.0,0.98,0,561
2026-07-11 21:30:51,test,1,640x480,30,0,5.7,2.0,5.8,8.7,6.9,1741.2,52.09,1800.0,throttled=0x0,0.0,0.98,0,564
2026-07-11 21:30:52,test,1,640x480,30,0,4.2,5.8,2.0,5.0,5.8,1741.2,51.61,700.0,throttled=0x0,0.0,0.98,0,561
2026-07-11 21:30:53,test,1,640x480,30,0,7.9,8.7,5.7,8.7,6.8,1740.7,51.12,900.0,throttled=0x0,0.0,0.96,0,561
2026-07-11 21:30:54,test,1,640x480,30,0,8.3,9.8,9.7,5.8,7.8,1740.9,51.61,800.0,throttled=0x0,0.0,0.96,0,561
2026-07-11 21:30:55,test,1,640x480,30,0,28.1,28.4,29.8,26.0,27.6,1732.7,51.61,1800.0,throttled=0x0,0.2,0.95,0,561
2026-07-11 21:30:56,test,1,640x480,30,0,5.4,5.9,5.0,6.0,4.9,1732.6,51.61,1800.0,throttled=0x0,0.0,0.98,0,564
2026-07-11 21:30:57,test,1,640x480,30,0,5.1,4.0,7.8,3.8,6.7,1732.6,52.58,1800.0,throttled=0x0,0.0,0.98,0,561
2026-07-11 21:30:58,test,1,640x480,30,0,3.5,3.0,3.0,3.9,5.0,1732.6,52.09,1800.0,throttled=0x0,0.0,0.98,0,561
2026-07-11 21:30:59,test,1,640x480,30,0,4.0,5.9,5.0,1.0,2.0,1731.6,51.12,700.0,throttled=0x0,0.0,0.98,0,561
2026-07-11 21:31:00,test,1,640x480,30,0,7.7,6.8,6.9,8.7,7.7,1731.6,51.12,700.0,throttled=0x0,0.0,0.96,0,561
2026-07-11 21:31:01,test,1,640x480,30,0,6.8,5.8,9.6,8.6,4.9,1731.6,52.09,1800.0,throttled=0x0,0.0,0.96,0,564
2026-07-11 21:31:02,test,1,640x480,30,0,3.7,4.9,4.0,3.0,4.0,1731.1,52.09,1800.0,throttled=0x0,0.0,0.98,0,561
2026-07-11 21:31:03,test,1,640x480,30,0,4.2,3.0,6.8,4.0,2.0,1731.1,52.58,1800.0,throttled=0x0,0.0,0.98,0,561
2026-07-11 21:31:04,test,1,640x480,30,0,4.4,5.0,5.9,4.9,2.0,1731.0,51.61,1800.0,throttled=0x0,0.0,0.98,0,561
2026-07-11 21:31:05,test,1,640x480,30,0,4.2,3.0,3.0,5.8,5.0,1730.7,51.61,700.0,throttled=0x0,0.0,0.98,0,561
2026-07-11 21:31:06,test,1,640x480,30,0,7.7,5.8,6.8,10.5,7.5,1732.2,51.61,1800.0,throttled=0x0,0.0,0.96,0,564
2026-07-11 21:31:08,test,1,640x480,30,0,4.4,3.0,3.9,6.9,4.0,1732.2,52.09,1800.0,throttled=0x0,0.2,0.98,0,561
2026-07-11 21:31:09,test,1,640x480,30,0,3.9,3.9,2.9,5.0,3.9,1732.2,51.61,1800.0,throttled=0x0,0.0,0.98,0,561
2026-07-11 21:31:10,test,1,640x480,30,0,3.7,5.0,2.9,4.0,2.9,1732.2,51.61,1800.0,throttled=0x0,0.0,0.98,0,561
2026-07-11 21:31:11,test,1,640x480,30,0,3.7,3.0,3.9,4.9,1.0,1732.4,52.09,700.0,throttled=0x0,0.0,0.97,0,561
2026-07-11 21:31:12,test,1,640x480,30,0,8.6,5.8,8.6,10.5,9.4,1734.1,51.12,1800.0,throttled=0x0,0.0,0.96,0,564
2026-07-11 21:31:13,test,1,640x480,30,0,4.4,5.8,2.0,6.9,3.0,1734.6,51.12,1800.0,throttled=0x0,0.0,0.98,0,561
2026-07-11 21:31:14,test,1,640x480,30,0,4.4,5.8,4.0,4.9,3.9,1734.6,51.61,1800.0,throttled=0x0,0.2,0.98,0,561
2026-07-11 21:31:15,test,1,640x480,30,0,4.2,3.0,2.9,7.8,4.9,1734.6,52.09,1800.0,throttled=0x0,0.0,0.98,0,562
2026-07-11 21:31:16,test,1,640x480,30,0,4.7,3.9,5.8,5.9,4.0,1734.6,52.58,1800.0,throttled=0x0,0.0,0.98,0,562
2026-07-11 21:31:17,test,1,640x480,30,0,9.1,15.0,6.0,7.0,5.9,1736.2,51.61,700.0,throttled=0x0,0.0,0.98,0,565
2026-07-11 21:31:18,test,1,640x480,30,0,6.7,5.8,3.9,9.5,6.7,1735.8,51.61,1800.0,throttled=0x0,0.0,0.96,0,562
2026-07-11 21:31:19,test,1,640x480,30,0,4.4,4.0,3.9,5.8,4.8,1735.8,51.12,1800.0,throttled=0x0,0.2,0.98,0,562
2026-07-11 21:31:20,test,1,640x480,30,0,4.7,4.9,2.9,7.8,3.9,1735.8,51.61,1800.0,throttled=0x0,0.0,0.98,0,562
2026-07-11 21:31:21,test,1,640x480,30,0,5.9,6.8,4.0,5.9,5.8,1735.5,52.09,1800.0,throttled=0x0,0.0,0.98,0,565
2026-07-11 21:31:22,test,1,640x480,30,0,5.4,5.8,3.0,8.6,4.9,1735.2,52.09,700.0,throttled=0x0,0.0,0.98,0,562
2026-07-11 21:31:23,test,1,640x480,30,0,5.8,5.8,5.7,8.7,2.9,1735.1,52.09,1800.0,throttled=0x0,0.0,0.96,0,562
2026-07-11 21:31:24,test,1,640x480,30,0,4.7,5.8,3.0,4.0,5.9,1735.1,51.61,1800.0,throttled=0x0,0.0,0.98,0,562
2026-07-11 21:31:25,test,1,640x480,30,0,4.4,6.9,3.0,4.0,3.9,1735.4,52.09,1800.0,throttled=0x0,0.0,0.98,0,562
2026-07-11 21:31:26,test,1,640x480,30,0,6.1,5.0,4.9,6.9,6.8,1736.0,51.12,1800.0,throttled=0x0,0.0,0.97,0,565
2026-07-11 21:31:27,test,1,640x480,30,0,4.9,4.0,6.9,6.9,3.0,1736.0,52.09,700.0,throttled=0x0,0.0,0.97,0,562
2026-07-11 21:31:28,test,1,640x480,30,0,5.3,4.8,7.7,3.8,3.8,1735.9,51.12,1800.0,throttled=0x0,0.0,0.96,0,562
2026-07-11 21:31:29,test,1,640x480,30,0,3.5,3.9,4.0,3.0,4.0,1736.2,51.61,1800.0,throttled=0x0,0.2,0.98,0,562
2026-07-11 21:31:30,test,1,640x480,30,0,4.2,2.0,5.9,3.9,3.9,1736.4,52.09,1800.0,throttled=0x0,0.0,0.98,0,562
2026-07-11 21:31:31,test,1,640x480,30,0,5.7,5.9,6.9,5.9,4.9,1738.6,51.12,1800.0,throttled=0x0,0.0,0.98,0,565
2026-07-11 21:31:32,test,1,640x480,30,0,5.2,5.0,5.0,4.0,4.0,1738.3,52.58,700.0,throttled=0x0,0.0,0.98,0,562
2026-07-11 21:31:33,test,1,640x480,30,0,7.6,9.6,10.6,7.8,4.0,1737.4,52.09,600.0,throttled=0x0,0.0,0.96,0,562
2026-07-11 21:31:34,test,1,640x480,30,0,8.1,4.8,12.4,8.6,7.6,1737.4,51.61,700.0,throttled=0x0,0.0,0.95,0,561
2026-07-11 21:31:35,test,1,640x480,30,0,5.5,4.9,9.4,2.9,4.8,1737.6,50.63,1800.0,throttled=0x0,0.0,0.96,0,561
2026-07-11 21:31:36,test,1,640x480,30,0,6.1,5.8,6.9,3.9,5.9,1737.7,51.61,1800.0,throttled=0x0,0.0,0.98,0,564
2026-07-11 21:31:37,test,1,640x480,30,0,4.0,4.9,4.9,3.0,4.0,1736.8,51.12,1800.0,throttled=0x0,0.0,0.98,0,561
2026-07-11 21:31:38,test,1,640x480,30,0,3.9,2.9,5.0,3.9,3.0,1737.4,51.12,1800.0,throttled=0x0,0.0,0.98,0,561
2026-07-11 21:31:39,test,1,640x480,30,0,3.7,3.9,3.0,3.9,4.9,1737.8,51.12,700.0,throttled=0x0,0.0,0.98,0,561
2026-07-11 21:31:40,test,1,640x480,30,0,6.0,9.5,6.7,3.9,5.8,1738.1,51.12,1800.0,throttled=0x0,0.0,0.96,0,561
2026-07-11 21:31:41,test,1,640x480,30,0,5.9,8.8,5.0,4.0,5.0,1738.8,52.09,1800.0,throttled=0x0,0.0,0.98,0,564
2026-07-11 21:31:42,test,1,640x480,30,0,4.4,4.0,4.9,3.0,4.9,1739.0,52.09,1800.0,throttled=0x0,0.0,0.98,0,561
2026-07-11 21:31:43,test,1,640x480,30,0,4.7,5.9,3.0,4.9,4.9,1738.8,52.09,1800.0,throttled=0x0,0.0,0.98,0,561
2026-07-11 21:31:44,test,1,640x480,30,0,3.7,2.0,2.9,2.0,6.9,1738.5,50.63,700.0,throttled=0x0,0.0,0.97,0,561
2026-07-11 21:31:46,test,1,640x480,30,0,5.5,3.8,3.9,4.8,10.5,1738.7,51.61,1800.0,throttled=0x0,0.2,0.96,0,561
2026-07-11 21:31:47,test,1,640x480,30,0,5.9,4.0,4.9,6.9,8.7,1739.4,51.12,1800.0,throttled=0x0,0.0,0.98,0,564
2026-07-11 21:31:48,test,1,640x480,30,0,4.0,5.9,3.0,2.0,5.0,1739.5,52.09,1800.0,throttled=0x0,0.0,0.98,0,561
2026-07-11 21:31:49,test,1,640x480,30,0,3.9,2.9,3.0,3.9,5.9,1739.3,51.61,1800.0,throttled=0x0,0.0,0.98,0,561
2026-07-11 21:31:50,test,1,640x480,30,0,4.6,3.9,4.9,2.9,6.8,1739.0,52.09,700.0,throttled=0x0,0.0,0.97,0,561
2026-07-11 21:31:51,test,1,640x480,30,0,6.6,4.0,7.8,5.8,8.7,1739.0,51.12,800.0,throttled=0x0,0.0,0.96,0,561
2026-07-11 21:31:52,test,1,640x480,30,0,8.2,8.7,5.8,7.6,10.7,1740.7,51.12,1800.0,throttled=0x0,0.0,0.96,0,564
2026-07-11 21:31:53,test,1,640x480,30,0,4.0,1.0,4.9,4.9,5.1,1741.0,51.12,1800.0,throttled=0x0,0.0,0.98,0,561
2026-07-11 21:31:54,test,1,640x480,30,0,3.9,2.0,2.9,4.9,5.9,1741.0,51.61,1800.0,throttled=0x0,0.0,0.98,0,561
2026-07-11 21:31:55,test,1,640x480,30,0,4.7,6.8,4.9,3.0,4.0,1741.0,51.12,1800.0,throttled=0x0,0.0,0.98,0,561
2026-07-11 21:31:56,test,1,640x480,30,0,3.7,5.0,3.0,2.9,5.9,1741.4,51.61,700.0,throttled=0x0,0.0,0.98,0,561
2026-07-11 21:31:57,test,1,640x480,30,0,7.8,9.5,7.5,5.8,6.7,1741.3,51.12,1800.0,throttled=0x0,0.2,0.95,0,563
2026-07-11 21:31:58,test,1,640x480,30,0,4.2,4.9,3.9,4.0,4.0,1741.3,51.61,1800.0,throttled=0x0,0.0,0.98,0,561
2026-07-11 21:31:59,test,1,640x480,30,0,4.4,5.9,3.9,3.0,3.9,1741.5,51.61,1800.0,throttled=0x0,0.0,0.98,0,561
2026-07-11 21:32:00,test,1,640x480,30,0,3.5,4.9,3.0,4.9,2.0,1741.3,52.58,1800.0,throttled=0x0,0.0,0.98,0,561
2026-07-11 21:32:01,test,1,640x480,30,0,5.5,6.9,5.0,5.0,5.9,1741.9,51.61,700.0,throttled=0x0,0.0,0.98,0,564
2026-07-11 21:32:02,test,1,640x480,30,0,8.9,10.7,11.5,5.9,5.9,1741.9,51.12,600.0,throttled=0x0,0.0,0.95,0,561
2026-07-11 21:32:03,test,1,640x480,30,0,6.6,6.5,7.6,8.3,4.8,1741.6,51.61,1800.0,throttled=0x0,0.0,0.95,0,561
2026-07-11 21:32:04,test,1,640x480,30,0,3.2,2.0,4.0,3.0,2.0,1741.6,52.09,1800.0,throttled=0x0,0.0,0.98,0,561
2026-07-11 21:32:05,test,1,640x480,30,0,4.0,3.9,7.8,3.0,3.0,1741.5,51.12,1800.0,throttled=0x0,0.0,0.98,0,561
2026-07-11 21:32:06,test,1,640x480,30,0,7.1,3.0,7.8,7.7,7.7,1742.5,51.61,1800.0,throttled=0x0,0.0,0.98,0,564
2026-07-11 21:32:07,test,1,640x480,30,0,4.4,4.8,5.9,3.0,4.9,1741.6,51.12,700.0,throttled=0x0,0.0,0.98,0,561
2026-07-11 21:32:08,test,1,640x480,30,0,6.8,4.9,8.7,10.6,3.9,1741.4,52.09,600.0,throttled=0x0,0.0,0.96,0,561
2026-07-11 21:32:09,test,1,640x480,30,0,6.6,5.6,8.5,6.7,5.7,1740.9,51.61,1800.0,throttled=0x0,0.2,0.95,0,561
2026-07-11 21:32:10,test,1,640x480,30,0,4.4,4.0,5.9,2.0,4.0,1741.0,51.61,1800.0,throttled=0x0,0.0,0.98,0,561
2026-07-11 21:32:11,test,1,640x480,30,0,6.1,5.9,8.8,4.9,5.0,1742.0,51.61,1800.0,throttled=0x0,0.0,0.98,0,564
2026-07-11 21:32:12,test,1,640x480,30,0,5.2,3.9,5.9,6.9,4.0,1743.1,51.12,1800.0,throttled=0x0,0.0,0.98,0,561
2026-07-11 21:32:13,test,1,640x480,30,0,4.4,4.9,5.9,4.9,3.9,1742.2,52.58,700.0,throttled=0x0,0.0,0.98,0,561
2026-07-11 21:32:14,test,1,640x480,30,0,6.0,3.9,7.7,5.8,5.8,1742.0,50.63,700.0,throttled=0x0,0.2,0.95,0,561
2026-07-11 21:32:15,test,1,640x480,30,0,5.3,3.8,6.7,4.0,4.9,1742.1,51.61,1800.0,throttled=0x0,0.0,0.96,0,561
2026-07-11 21:32:16,test,1,640x480,30,0,5.9,4.0,8.9,4.9,6.8,1742.3,52.09,1800.0,throttled=0x0,0.0,0.98,0,564
2026-07-11 21:32:17,test,1,640x480,30,0,4.7,2.0,5.8,5.9,5.0,1741.7,51.12,1800.0,throttled=0x0,0.0,0.98,0,561
2026-07-11 21:32:18,test,1,640x480,30,0,3.0,3.0,3.0,2.0,3.9,1741.5,50.63,1800.0,throttled=0x0,0.0,0.98,0,561
2026-07-11 21:32:19,test,1,640x480,30,0,4.4,3.9,5.0,4.9,5.9,1741.5,51.12,700.0,throttled=0x0,0.0,0.98,0,562
2026-07-11 21:32:20,test,1,640x480,30,0,6.0,4.8,7.6,4.9,6.7,1741.5,52.09,1800.0,throttled=0x0,0.0,0.96,0,562
2026-07-11 21:32:22,test,1,640x480,30,0,5.9,6.9,4.9,4.0,6.1,1742.1,52.09,1800.0,throttled=0x0,0.0,0.98,0,565
2026-07-11 21:32:23,test,1,640x480,30,0,4.4,4.9,4.0,4.9,5.0,1742.3,52.09,1800.0,throttled=0x0,0.0,0.98,0,562
2026-07-11 21:32:24,test,1,640x480,30,0,25.5,26.7,24.5,24.0,26.5,1730.3,51.61,1800.0,throttled=0x0,0.0,0.98,0,563
2026-07-11 21:32:25,test,1,640x480,30,0,3.5,4.0,4.9,3.0,3.9,1729.1,52.58,700.0,throttled=0x0,0.0,0.97,0,563
2026-07-11 21:32:26,test,1,640x480,30,0,7.7,5.8,6.8,9.7,6.7,1728.9,52.09,900.0,throttled=0x0,0.2,0.95,0,563
2026-07-11 21:32:27,test,1,640x480,30,0,8.2,9.5,5.0,10.5,5.8,1730.6,52.58,1800.0,throttled=0x0,0.0,0.96,0,566
2026-07-11 21:32:28,test,1,640x480,30,0,4.4,5.9,4.9,6.0,2.0,1729.9,52.09,1800.0,throttled=0x0,0.0,0.98,0,563
2026-07-11 21:32:29,test,1,640x480,30,0,3.0,2.9,2.0,5.0,3.0,1730.3,52.09,1800.0,throttled=0x0,0.0,0.98,0,563
2026-07-11 21:32:30,test,1,640x480,30,0,4.2,2.0,4.0,4.0,6.7,1729.9,51.61,1800.0,throttled=0x0,0.0,0.98,0,563
2026-07-11 21:32:31,test,1,640x480,30,0,4.5,4.0,3.9,9.6,4.0,1729.9,52.09,700.0,throttled=0x0,0.0,0.98,0,565
2026-07-11 21:32:32,test,1,640x480,30,0,6.8,3.8,8.7,7.7,4.9,1729.3,52.58,1800.0,throttled=0x0,0.0,0.96,0,566
2026-07-11 21:32:33,test,1,640x480,30,0,4.0,4.0,3.9,4.0,4.9,1729.3,52.09,1800.0,throttled=0x0,0.0,0.98,0,563
2026-07-11 21:32:34,test,1,640x480,30,0,3.7,3.0,3.0,5.0,2.0,1729.3,51.61,1800.0,throttled=0x0,0.0,0.98,0,563
2026-07-11 21:32:35,test,1,640x480,30,0,4.2,3.9,2.9,6.9,3.9,1729.3,51.12,1800.0,throttled=0x0,0.0,0.98,0,563
2026-07-11 21:32:36,test,1,640x480,30,0,5.0,3.0,3.0,7.9,4.0,1730.7,51.61,700.0,throttled=0x0,0.0,0.98,0,566
2026-07-11 21:32:37,test,1,640x480,30,0,8.4,8.7,6.8,10.6,7.7,1730.7,51.61,700.0,throttled=0x0,0.0,0.96,0,563
2026-07-11 21:32:38,test,1,640x480,30,0,9.8,7.5,6.7,9.4,14.6,1730.7,52.09,600.0,throttled=0x0,0.0,0.95,0,563
2026-07-11 21:32:39,test,1,640x480,30,0,7.5,5.7,6.8,11.5,7.8,1730.7,51.12,1000.0,throttled=0x0,0.0,0.96,0,563
2026-07-11 21:32:40,test,1,640x480,30,0,7.1,5.8,10.6,6.8,5.9,1730.7,51.12,1000.0,throttled=0x0,0.0,0.97,0,563
2026-07-11 21:32:41,test,1,640x480,30,0,10.0,9.0,7.8,12.4,9.8,1732.5,51.61,1800.0,throttled=0x0,0.0,0.97,0,566
2026-07-11 21:32:42,test,1,640x480,30,0,4.4,4.0,5.8,5.0,3.0,1732.2,51.12,1800.0,throttled=0x0,0.0,0.98,0,563
2026-07-11 21:32:43,test,1,640x480,30,0,3.9,2.0,4.0,4.9,4.0,1732.2,50.63,1800.0,throttled=0x0,0.0,0.98,0,563
2026-07-11 21:32:44,test,1,640x480,30,0,3.7,4.0,3.9,4.0,3.9,1732.7,50.15,1800.0,throttled=0x0,0.2,0.98,0,562
2026-07-11 21:32:45,test,1,640x480,30,0,3.7,2.0,3.9,4.0,4.0,1732.4,51.12,1800.0,throttled=0x0,0.0,0.98,0,562
2026-07-11 21:32:46,test,1,640x480,30,0,6.6,5.0,5.0,10.8,6.8,1734.1,51.61,600.0,throttled=0x0,0.0,0.97,0,565
2026-07-11 21:32:47,test,1,640x480,30,0,5.0,1.9,6.5,7.6,3.8,1734.1,51.61,1800.0,throttled=0x0,0.0,0.95,0,562
2026-07-11 21:32:48,test,1,640x480,30,0,3.5,3.0,3.0,4.9,3.0,1734.1,51.61,1800.0,throttled=0x0,0.0,0.98,0,562
2026-07-11 21:32:49,test,1,640x480,30,0,3.2,4.0,3.0,4.0,1.0,1734.1,52.09,1800.0,throttled=0x0,0.0,0.98,0,562
2026-07-11 21:32:50,test,1,640x480,30,0,3.5,4.9,3.9,3.0,3.9,1734.1,50.63,1800.0,throttled=0x0,0.0,0.98,0,562
2026-07-11 21:32:51,test,1,640x480,30,0,6.2,5.9,5.9,6.9,5.0,1736.6,51.61,700.0,throttled=0x0,0.0,0.98,0,565
2026-07-11 21:32:52,test,1,640x480,30,0,8.0,6.9,4.9,8.8,10.5,1736.6,51.61,600.0,throttled=0x0,0.0,0.96,0,562
2026-07-11 21:32:53,test,1,640x480,30,0,5.3,5.8,1.9,8.6,3.8,1736.6,52.58,1800.0,throttled=0x0,0.0,0.95,0,562
2026-07-11 21:32:54,test,1,640x480,30,0,4.4,5.8,3.0,5.0,5.9,1736.3,50.63,1800.0,throttled=0x0,0.0,0.98,0,562
2026-07-11 21:32:55,test,1,640x480,30,0,3.9,1.0,3.9,5.8,5.9,1736.5,51.12,1800.0,throttled=0x0,0.2,0.98,0,562
2026-07-11 21:32:56,test,1,640x480,30,0,5.2,5.9,4.0,7.9,3.0,1737.8,52.58,1800.0,throttled=0x0,0.0,0.98,0,565
2026-07-11 21:32:58,test,1,640x480,30,0,3.7,3.9,2.0,5.0,4.0,1737.4,52.58,700.0,throttled=0x0,0.0,0.98,0,562
2026-07-11 21:32:59,test,1,640x480,30,0,8.8,4.9,4.8,14.2,10.6,1737.4,51.61,900.0,throttled=0x0,0.0,0.96,0,563
2026-07-11 21:33:00,test,1,640x480,30,0,5.3,4.9,3.9,6.9,4.8,1737.4,51.12,1800.0,throttled=0x0,0.0,0.97,0,563
2026-07-11 21:33:01,test,1,640x480,30,0,4.4,5.8,3.9,4.0,4.9,1737.2,51.61,1800.0,throttled=0x0,0.0,0.98,0,563
2026-07-11 21:33:02,test,1,640x480,30,0,5.9,4.0,5.0,8.7,4.9,1737.5,52.09,1800.0,throttled=0x0,0.0,0.98,0,566
2026-07-11 21:33:03,test,1,640x480,30,0,3.5,3.9,5.8,4.0,2.0,1737.0,52.58,1800.0,throttled=0x0,0.0,0.98,0,563
2026-07-11 21:33:04,test,1,640x480,30,0,4.9,5.0,1.0,8.6,4.0,1737.0,51.12,700.0,throttled=0x0,0.0,0.98,0,563
2026-07-11 21:33:05,test,1,640x480,30,0,5.3,5.8,3.8,6.8,4.8,1736.8,50.63,1800.0,throttled=0x0,0.0,0.96,0,563
2026-07-11 21:33:06,test,1,640x480,30,0,3.7,3.9,2.0,5.0,4.0,1737.2,51.12,1800.0,throttled=0x0,0.0,0.98,0,563
2026-07-11 21:33:07,test,1,640x480,30,0,5.5,5.9,4.0,5.9,5.0,1738.2,51.12,1800.0,throttled=0x0,0.0,0.98,0,566
2026-07-11 21:33:08,test,1,640x480,30,0,4.2,6.0,2.9,3.9,5.9,1738.7,52.09,1800.0,throttled=0x0,0.2,0.98,0,563
2026-07-11 21:33:09,test,1,640x480,30,0,3.9,3.0,2.0,4.8,5.0,1738.6,51.61,700.0,throttled=0x0,0.0,0.97,0,563
2026-07-11 21:33:10,test,1,640x480,30,0,7.2,7.7,5.8,6.8,9.5,1738.9,52.09,600.0,throttled=0x0,0.0,0.96,0,563
2026-07-11 21:33:11,test,1,640x480,30,0,8.1,5.7,6.7,8.5,11.5,1739.6,52.58,1800.0,throttled=0x0,0.0,0.95,0,566
2026-07-11 21:33:12,test,1,640x480,30,0,4.2,5.9,2.0,2.0,6.8,1739.9,51.61,1800.0,throttled=0x0,0.0,0.98,0,563
2026-07-11 21:33:13,test,1,640x480,30,0,4.0,5.0,2.0,3.9,4.0,1739.3,51.61,1800.0,throttled=0x0,0.0,0.98,0,563
2026-07-11 21:33:14,test,1,640x480,30,0,4.9,4.9,5.8,3.0,5.9,1739.3,51.61,1800.0,throttled=0x0,0.0,0.98,0,563
2026-07-11 21:33:15,test,1,640x480,30,0,4.2,3.9,4.0,3.0,6.9,1739.3,50.63,700.0,throttled=0x0,0.0,0.97,0,563
2026-07-11 21:33:16,test,1,640x480,30,0,6.9,4.8,4.9,5.7,12.3,1740.6,50.63,1800.0,throttled=0x0,0.0,0.96,0,566
2026-07-11 21:33:17,test,1,640x480,30,0,4.9,3.9,3.9,4.9,6.9,1740.3,52.58,1800.0,throttled=0x0,0.0,0.98,0,563
2026-07-11 21:33:18,test,1,640x480,30,0,4.4,3.0,4.9,4.9,4.0,1740.2,51.61,1800.0,throttled=0x0,0.0,0.98,0,563
2026-07-11 21:33:19,test,1,640x480,30,0,3.7,5.8,2.9,2.0,5.8,1739.9,52.09,1800.0,throttled=0x0,0.0,0.98,0,563
2026-07-11 21:33:20,test,1,640x480,30,0,3.7,2.0,3.9,3.0,4.0,1739.7,52.09,700.0,throttled=0x0,0.2,0.98,0,563
2026-07-11 21:33:21,test,1,640x480,30,0,9.2,7.8,9.8,10.6,9.8,1740.9,50.63,700.0,throttled=0x0,0.0,0.96,0,566
2026-07-11 21:33:22,test,1,640x480,30,0,8.7,8.5,9.7,6.7,9.7,1740.7,51.61,700.0,throttled=0x0,0.0,0.96,0,563
2026-07-11 21:33:23,test,1,640x480,30,0,5.7,3.8,3.8,4.9,8.7,1739.8,50.63,1800.0,throttled=0x0,0.0,0.96,0,563
2026-07-11 21:33:24,test,1,640x480,30,0,3.9,4.9,3.0,2.9,7.7,1740.1,51.61,1800.0,throttled=0x0,0.0,0.98,0,563
2026-07-11 21:33:25,test,1,640x480,30,0,4.2,2.0,2.0,5.8,4.0,1740.2,51.12,1800.0,throttled=0x0,0.0,0.98,0,562
2026-07-11 21:33:26,test,1,640x480,30,0,5.7,4.0,5.0,6.8,7.9,1740.4,52.09,1800.0,throttled=0x0,0.0,0.98,0,565
2026-07-11 21:33:27,test,1,640x480,30,0,4.9,4.8,3.9,6.9,3.0,1739.9,52.09,700.0,throttled=0x0,0.0,0.98,0,562
2026-07-11 21:33:28,test,1,640x480,30,0,5.1,6.8,3.9,5.8,4.8,1739.6,52.09,1800.0,throttled=0x0,0.0,0.96,0,562
2026-07-11 21:33:29,test,1,640x480,30,0,3.5,5.0,2.0,3.0,3.0,1739.7,52.09,1800.0,throttled=0x0,0.0,0.98,0,562
2026-07-11 21:33:30,test,1,640x480,30,0,4.2,4.9,4.9,3.0,3.9,1739.4,51.61,1800.0,throttled=0x0,0.0,0.98,0,562
2026-07-11 21:33:31,test,1,640x480,30,0,5.9,6.9,7.0,5.0,6.8,1739.8,52.09,1800.0,throttled=0x0,0.2,0.98,0,566
2026-07-11 21:33:32,test,1,640x480,30,0,4.5,5.9,5.0,3.9,4.0,1739.8,51.61,700.0,throttled=0x0,0.0,0.97,0,563
2026-07-11 21:33:34,test,1,640x480,30,0,5.0,7.6,1.0,5.8,2.9,1739.5,51.12,1800.0,throttled=0x0,0.0,0.96,0,563
2026-07-11 21:33:35,test,1,640x480,30,0,4.2,5.9,6.8,3.0,2.0,1739.7,51.61,1800.0,throttled=0x0,0.0,0.98,0,563
2026-07-11 21:33:36,test,1,640x480,30,0,3.7,5.0,2.0,3.0,3.9,1739.7,52.09,1800.0,throttled=0x0,0.0,0.98,0,563
2026-07-11 21:33:37,test,1,640x480,30,0,5.9,6.8,7.8,6.9,4.9,1740.9,51.61,1800.0,throttled=0x0,0.0,0.98,0,566
2026-07-11 21:33:38,test,1,640x480,30,0,4.9,6.7,3.9,3.9,3.0,1740.9,51.12,700.0,throttled=0x0,0.2,0.97,0,563
2026-07-11 21:33:39,test,1,640x480,30,0,7.0,11.7,5.0,8.5,2.9,1741.1,51.12,600.0,throttled=0x0,0.0,0.96,0,563
2026-07-11 21:33:40,test,1,640x480,30,0,8.9,9.6,7.5,5.8,13.2,1738.8,50.15,700.0,throttled=0x0,0.0,0.96,0,563
2026-07-11 21:33:41,test,1,640x480,30,0,8.1,7.8,9.5,6.7,6.8,1738.9,51.12,600.0,throttled=0x0,0.0,0.95,0,564
2026-07-11 21:33:42,test,1,640x480,30,0,9.3,7.6,11.5,4.9,13.1,1740.3,51.61,1800.0,throttled=0x0,0.0,0.95,0,567
2026-07-11 21:33:43,test,1,640x480,30,0,4.0,4.9,5.0,3.0,4.9,1740.5,51.61,1800.0,throttled=0x0,0.0,0.98,0,564
2026-07-11 21:33:44,test,1,640x480,30,0,4.2,2.0,5.8,3.9,4.0,1740.7,52.09,1800.0,throttled=0x0,0.0,0.98,0,564
2026-07-11 21:33:45,test,1,640x480,30,0,3.5,2.9,5.0,2.9,4.0,1740.7,51.12,1800.0,throttled=0x0,0.0,0.98,0,563
2026-07-11 21:33:46,test,1,640x480,30,0,5.9,7.0,7.8,4.0,4.0,1741.2,52.58,1800.0,throttled=0x0,0.0,0.98,0,566
2026-07-11 21:33:47,test,1,640x480,30,0,7.0,3.9,9.5,6.7,6.7,1740.5,51.61,1800.0,throttled=0x0,0.0,0.96,0,563
2026-07-11 21:33:48,test,1,640x480,30,0,4.6,2.9,4.9,3.9,6.8,1740.2,51.12,1800.0,throttled=0x0,0.0,0.98,0,563
2026-07-11 21:33:49,test,1,640x480,30,0,4.7,4.9,4.0,4.0,5.9,1740.2,51.61,1800.0,throttled=0x0,0.0,0.98,0,563
2026-07-11 21:33:50,test,1,640x480,30,0,3.9,2.0,4.0,5.8,3.9,1740.2,51.12,1800.0,throttled=0x0,0.0,0.98,0,563
2026-07-11 21:33:51,test,1,640x480,30,0,4.5,6.8,6.9,2.0,3.0,1741.7,51.61,700.0,throttled=0x0,0.0,0.98,0,566
2026-07-11 21:33:52,test,1,640x480,30,0,5.3,2.9,7.8,4.8,5.8,1741.7,51.12,1800.0,throttled=0x0,0.0,0.96,0,563
2026-07-11 21:33:53,test,1,640x480,30,0,3.7,2.9,4.9,3.9,3.9,1741.4,51.12,1800.0,throttled=0x0,0.0,0.98,0,563
2026-07-11 21:33:54,test,1,640x480,30,0,4.2,3.9,3.0,4.0,3.0,1741.4,52.09,1800.0,throttled=0x0,0.2,0.98,0,563
2026-07-11 21:33:55,test,1,640x480,30,0,24.6,25.2,29.1,23.5,22.0,1731.5,51.12,1800.0,throttled=0x0,0.0,0.98,0,563
2026-07-11 21:33:56,test,1,640x480,30,0,6.2,5.9,7.8,7.8,4.0,1730.5,51.12,700.0,throttled=0x0,0.0,0.98,0,566
2026-07-11 21:33:57,test,1,640x480,30,0,7.7,5.8,9.8,4.9,8.6,1730.7,51.61,600.0,throttled=0x0,0.0,0.96,0,563
2026-07-11 21:33:58,test,1,640x480,30,0,8.4,6.7,11.3,10.6,4.9,1729.9,52.58,600.0,throttled=0x0,0.0,0.95,0,563
2026-07-11 21:33:59,test,1,640x480,30,0,5.3,5.9,7.7,4.8,2.9,1729.8,51.61,1800.0,throttled=0x0,0.0,0.96,0,563
2026-07-11 21:34:00,test,1,640x480,30,0,3.7,4.0,4.8,3.9,4.0,1729.8,51.12,1800.0,throttled=0x0,0.0,0.98,0,563
2026-07-11 21:34:01,test,1,640x480,30,0,5.9,7.8,5.0,6.0,4.0,1731.7,52.58,1800.0,throttled=0x0,0.0,0.98,0,566
2026-07-11 21:34:02,test,1,640x480,30,0,3.2,3.0,4.0,3.9,2.0,1731.5,52.09,1800.0,throttled=0x0,0.0,0.98,0,563
2026-07-11 21:34:03,test,1,640x480,30,0,3.7,2.0,5.0,3.0,4.9,1731.5,51.61,600.0,throttled=0x0,0.0,0.98,0,563
2026-07-11 21:34:04,test,1,640x480,30,0,6.0,9.5,3.8,3.9,6.8,1731.4,52.09,1800.0,throttled=0x0,0.0,0.95,0,563
2026-07-11 21:34:05,test,1,640x480,30,0,4.2,6.9,3.0,2.9,4.9,1731.6,52.58,1800.0,throttled=0x0,0.2,0.98,0,563
2026-07-11 21:34:06,test,1,640x480,30,0,6.2,8.8,4.0,5.0,5.0,1732.9,51.61,1800.0,throttled=0x0,0.0,0.98,0,566
2026-07-11 21:34:07,test,1,640x480,30,0,3.7,5.9,3.0,2.0,4.0,1732.6,51.61,1800.0,throttled=0x0,0.0,0.97,0,563
2026-07-11 21:34:08,test,1,640x480,30,0,3.9,3.0,3.0,5.8,4.9,1732.0,52.09,700.0,throttled=0x0,0.0,0.98,0,563
2026-07-11 21:34:10,test,1,640x480,30,0,5.0,2.9,9.3,3.9,2.9,1732.0,52.58,1800.0,throttled=0x0,0.0,0.96,0,563
2026-07-11 21:34:11,test,1,640x480,30,0,4.2,3.9,6.9,4.0,2.0,1732.4,52.58,1800.0,throttled=0x0,0.0,0.98,0,563
2026-07-11 21:34:12,test,1,640x480,30,0,5.4,5.9,6.0,5.9,4.0,1734.4,52.58,1800.0,throttled=0x0,0.0,0.98,0,566
2026-07-11 21:34:13,test,1,640x480,30,0,4.2,5.9,4.0,4.0,3.0,1734.1,51.61,1800.0,throttled=0x0,0.0,0.98,0,563
2026-07-11 21:34:14,test,1,640x480,30,0,4.2,3.0,5.0,2.0,5.9,1734.9,52.09,700.0,throttled=0x0,0.0,0.98,0,563
2026-07-11 21:34:15,test,1,640x480,30,0,7.0,9.6,8.7,5.7,5.8,1734.9,51.61,600.0,throttled=0x0,0.0,0.96,0,563
2026-07-11 21:34:16,test,1,640x480,30,0,6.0,5.7,7.8,4.8,4.8,1734.9,50.63,1800.0,throttled=0x0,0.0,0.96,0,563
2026-07-11 21:34:17,test,1,640x480,30,0,5.9,6.9,5.9,4.0,7.8,1735.1,52.09,1800.0,throttled=0x0,0.0,0.98,0,566
2026-07-11 21:34:18,test,1,640x480,30,0,4.4,4.9,4.9,5.0,4.0,1734.9,52.09,1800.0,throttled=0x0,0.0,0.98,0,563
2026-07-11 21:34:19,test,1,640x480,30,0,3.5,2.0,3.0,3.9,3.0,1735.1,52.09,1800.0,throttled=0x0,0.0,0.98,0,563
2026-07-11 21:34:20,test,1,640x480,30,0,3.9,4.0,6.8,3.9,3.0,1735.1,52.58,700.0,throttled=0x0,0.0,0.97,0,563
2026-07-11 21:34:21,test,1,640x480,30,0,8.2,7.8,11.5,6.7,5.8,1735.3,52.58,1800.0,throttled=0x0,0.0,0.96,0,566
2026-07-11 21:34:22,test,1,640x480,30,0,4.2,3.0,5.0,6.8,2.0,1735.2,51.12,1800.0,throttled=0x0,0.0,0.98,0,563
2026-07-11 21:34:23,test,1,640x480,30,0,3.9,2.0,5.9,2.9,4.0,1735.2,52.09,1800.0,throttled=0x0,0.2,0.98,0,563
2026-07-11 21:34:24,test,1,640x480,30,0,3.7,4.9,6.7,0.0,3.9,1735.2,51.61,1800.0,throttled=0x0,0.0,0.98,0,563
2026-07-11 21:34:25,test,1,640x480,30,0,4.9,5.9,5.0,3.0,5.9,1735.4,53.07,700.0,throttled=0x0,0.0,0.98,0,563
2026-07-11 21:34:26,test,1,640x480,30,0,10.7,12.5,12.7,9.8,8.7,1736.4,52.09,1800.0,throttled=0x0,0.0,0.96,0,566
2026-07-11 21:34:27,test,1,640x480,30,0,4.2,0.0,7.8,3.0,3.0,1736.5,51.61,1800.0,throttled=0x0,0.0,0.98,0,563
2026-07-11 21:34:28,test,1,640x480,30,0,3.9,3.0,6.9,2.9,4.0,1736.3,51.12,1800.0,throttled=0x0,0.0,0.98,0,563
2026-07-11 21:34:29,test,1,640x480,30,0,4.4,3.9,5.0,3.9,5.8,1736.0,52.58,1800.0,throttled=0x0,0.0,0.98,0,563
2026-07-11 21:34:30,test,1,640x480,30,0,4.7,4.9,7.7,5.0,1.0,1736.0,51.61,1800.0,throttled=0x0,0.0,0.98,0,563
2026-07-11 21:34:31,test,1,640x480,30,0,5.7,2.0,6.1,8.0,6.9,1736.7,51.61,800.0,throttled=0x0,0.0,0.98,0,566
2026-07-11 21:34:32,test,1,640x480,30,0,6.1,5.8,8.7,5.7,4.9,1737.4,51.12,1800.0,throttled=0x0,0.0,0.96,0,563
2026-07-11 21:34:33,test,1,640x480,30,0,4.9,2.9,5.9,5.8,3.9,1737.0,52.58,1800.0,throttled=0x0,0.0,0.98,0,563
2026-07-11 21:34:34,test,1,640x480,30,0,3.5,4.0,4.0,3.0,3.0,1737.0,51.12,1800.0,throttled=0x0,0.0,0.98,0,563
2026-07-11 21:34:35,test,1,640x480,30,0,4.0,4.0,3.0,3.9,3.0,1737.0,51.12,1800.0,throttled=0x0,0.2,0.98,0,563
2026-07-11 21:34:36,test,1,640x480,30,0,5.7,3.0,7.9,5.8,6.8,1738.1,51.61,700.0,throttled=0x0,0.0,0.98,0,566
2026-07-11 21:34:37,test,1,640x480,30,0,6.3,6.7,4.8,8.7,5.7,1737.6,51.61,1800.0,throttled=0x0,0.0,0.96,0,563
2026-07-11 21:34:38,test,1,640x480,30,0,3.9,1.0,4.9,5.0,3.9,1737.4,52.09,1800.0,throttled=0x0,0.0,0.98,0,563
2026-07-11 21:34:39,test,1,640x480,30,0,3.5,2.0,2.9,6.8,3.0,1737.4,52.58,1800.0,throttled=0x0,0.0,0.98,0,563
2026-07-11 21:34:40,test,1,640x480,30,0,3.7,4.9,3.0,5.0,3.0,1737.4,51.12,1800.0,throttled=0x0,0.0,0.98,0,564
2026-07-11 21:34:41,test,1,640x480,30,0,6.3,2.0,5.8,9.7,5.0,1737.1,51.12,700.0,throttled=0x0,0.2,0.97,0,567
2026-07-11 21:34:42,test,1,640x480,30,0,6.2,4.8,6.7,8.6,4.8,1737.1,51.61,1800.0,throttled=0x0,0.0,0.96,0,564
2026-07-11 21:34:43,test,1,640x480,30,0,4.0,4.9,3.9,5.0,2.0,1737.1,51.12,1800.0,throttled=0x0,0.0,0.98,0,564
2026-07-11 21:34:44,test,1,640x480,30,0,4.4,3.9,3.0,7.7,4.9,1736.8,52.09,1800.0,throttled=0x0,0.0,0.98,0,564
2026-07-11 21:34:45,test,1,640x480,30,0,3.2,3.0,3.0,5.0,2.0,1736.5,52.09,1800.0,throttled=0x0,0.0,0.98,0,564
2026-07-11 21:34:46,test,1,640x480,30,0,6.9,8.0,4.0,9.6,4.0,1736.8,52.58,700.0,throttled=0x0,0.0,0.98,0,567
2026-07-11 21:34:48,test,1,640x480,30,0,5.3,3.8,5.8,2.9,8.6,1736.5,52.09,1800.0,throttled=0x0,0.0,0.95,0,564
2026-07-11 21:34:49,test,1,640x480,30,0,2.7,3.0,2.0,3.0,4.0,1736.5,52.58,1800.0,throttled=0x0,0.0,0.98,0,564
2026-07-11 21:34:50,test,1,640x480,30,0,4.2,2.0,5.8,2.9,5.0,1736.5,51.12,1800.0,throttled=0x0,0.0,0.98,0,564
2026-07-11 21:34:51,test,1,640x480,30,0,3.2,2.0,3.9,2.0,6.0,1736.4,53.07,1800.0,throttled=0x0,0.0,0.98,0,564
2026-07-11 21:34:52,test,1,640x480,30,0,6.8,6.0,6.7,3.0,10.6,1738.9,52.09,700.0,throttled=0x0,0.0,0.98,0,567
2026-07-11 21:34:53,test,1,640x480,30,0,6.0,4.8,2.9,6.5,9.4,1738.7,52.09,1800.0,throttled=0x0,0.2,0.96,0,564
2026-07-11 21:34:54,test,1,640x480,30,0,4.2,4.0,4.0,2.9,5.9,1738.2,52.09,1800.0,throttled=0x0,0.0,0.98,0,564
2026-07-11 21:34:55,test,1,640x480,30,0,4.7,4.0,5.9,4.9,5.0,1738.2,51.61,1800.0,throttled=0x0,0.0,0.98,0,563
2026-07-11 21:34:56,test,1,640x480,30,0,3.7,5.8,2.0,3.0,4.9,1738.2,51.61,1800.0,throttled=0x0,0.0,0.98,0,563
2026-07-11 21:34:57,test,1,640x480,30,0,6.2,4.0,5.9,5.0,7.9,1738.9,51.61,700.0,throttled=0x0,0.0,0.98,0,566
2026-07-11 21:34:58,test,1,640x480,30,0,8.2,6.7,8.7,7.6,11.4,1738.6,52.09,700.0,throttled=0x0,0.0,0.96,0,563
2026-07-11 21:34:59,test,1,640x480,30,0,8.4,5.7,8.9,5.8,11.5,1738.4,52.58,700.0,throttled=0x0,0.0,0.96,0,563
2026-07-11 21:35:00,test,1,640x480,30,0,5.6,4.8,5.8,3.0,9.5,1738.4,51.61,700.0,throttled=0x0,0.0,0.96,0,563
2026-07-11 21:35:01,test,1,640x480,30,0,7.9,8.5,4.9,6.7,10.7,1738.8,50.63,1800.0,throttled=0x0,0.0,0.96,0,566
2026-07-11 21:35:02,test,1,640x480,30,0,4.4,3.0,4.9,5.0,5.9,1738.7,52.09,1800.0,throttled=0x0,0.0,0.98,0,563
2026-07-11 21:35:03,test,1,640x480,30,0,3.2,2.0,3.9,3.0,4.0,1738.7,52.09,1800.0,throttled=0x0,0.0,0.98,0,562
2026-07-11 21:35:04,test,1,640x480,30,0,4.4,5.9,5.0,1.0,4.9,1738.5,51.12,1800.0,throttled=0x0,0.0,0.98,0,562
2026-07-11 21:35:05,test,1,640x480,30,0,4.4,6.8,3.0,4.8,4.0,1738.5,51.12,700.0,throttled=0x0,0.2,0.97,0,562
2026-07-11 21:35:06,test,1,640x480,30,0,6.3,10.6,4.8,5.8,3.8,1739.5,52.58,1800.0,throttled=0x0,0.0,0.96,0,566
2026-07-11 21:35:07,test,1,640x480,30,0,3.9,5.9,3.0,3.0,3.9,1739.2,52.09,1800.0,throttled=0x0,0.0,0.98,0,563
2026-07-11 21:35:08,test,1,640x480,30,0,3.9,4.0,4.9,3.0,3.0,1739.2,51.12,1800.0,throttled=0x0,0.0,0.98,0,563
2026-07-11 21:35:09,test,1,640x480,30,0,4.2,3.9,6.0,2.9,3.9,1739.2,51.61,1800.0,throttled=0x0,0.0,0.98,0,563
2026-07-11 21:35:10,test,1,640x480,30,0,3.5,3.9,5.0,3.0,2.0,1739.1,52.58,700.0,throttled=0x0,0.0,0.98,0,563
2026-07-11 21:35:11,test,1,640x480,30,0,10.2,6.9,10.8,11.4,11.7,1741.0,52.09,1800.0,throttled=0x0,0.0,0.96,0,566
2026-07-11 21:35:12,test,1,640x480,30,0,4.4,2.9,5.0,5.9,5.8,1742.1,51.61,1800.0,throttled=0x0,0.0,0.98,0,563
2026-07-11 21:35:13,test,1,640x480,30,0,4.0,3.9,4.0,3.0,3.0,1742.2,52.09,1800.0,throttled=0x0,0.0,0.98,0,563
2026-07-11 21:35:14,test,1,640x480,30,0,3.5,3.9,5.0,2.0,4.0,1741.9,51.12,1800.0,throttled=0x0,0.0,0.98,0,563
2026-07-11 21:35:15,test,1,640x480,30,0,4.2,2.0,5.0,3.9,4.9,1741.9,51.61,1800.0,throttled=0x0,0.0,0.98,0,563
2026-07-11 21:35:16,test,1,640x480,30,0,6.2,8.7,7.9,3.0,7.1,1742.4,51.12,600.0,throttled=0x0,0.0,0.98,0,566
2026-07-11 21:35:17,test,1,640x480,30,0,4.9,5.9,4.8,2.9,4.0,1742.1,52.09,1800.0,throttled=0x0,0.2,0.96,0,563
2026-07-11 21:35:18,test,1,640x480,30,0,4.0,5.9,3.0,4.0,3.9,1742.1,52.09,1800.0,throttled=0x0,0.0,0.98,0,563
2026-07-11 21:35:19,test,1,640x480,30,0,3.9,5.9,3.9,4.9,1.0,1741.6,52.09,1800.0,throttled=0x0,0.0,0.98,0,563
2026-07-11 21:35:20,test,1,640x480,30,0,3.5,4.0,3.0,2.0,4.8,1741.6,51.61,1800.0,throttled=0x0,0.0,0.98,0,563
2026-07-11 21:35:21,test,1,640x480,30,0,5.2,7.8,6.9,3.0,3.0,1742.1,52.09,700.0,throttled=0x0,0.0,0.98,0,566
2026-07-11 21:35:22,test,1,640x480,30,0,8.0,11.5,3.9,4.9,9.6,1742.1,51.12,600.0,throttled=0x0,0.0,0.96,0,563
2026-07-11 21:35:23,test,1,640x480,30,0,6.5,10.5,5.7,7.8,3.8,1742.1,51.61,1800.0,throttled=0x0,0.0,0.95,0,563
2026-07-11 21:35:24,test,1,640x480,30,0,4.4,4.0,4.0,4.8,4.9,1742.1,52.58,1800.0,throttled=0x0,0.0,0.98,0,563
2026-07-11 21:35:26,test,1,640x480,30,0,4.2,6.9,3.0,4.9,2.0,1741.3,52.58,1800.0,throttled=0x0,0.0,0.98,0,563
2026-07-11 21:35:27,test,1,640x480,30,0,27.7,27.7,29.7,26.0,26.0,1735.7,53.07,1800.0,throttled=0x0,0.0,0.98,0,566
2026-07-11 21:35:28,test,1,640x480,30,0,4.0,4.0,4.0,5.9,2.0,1735.0,52.09,700.0,throttled=0x0,0.0,0.97,0,563
2026-07-11 21:35:29,test,1,640x480,30,0,8.1,8.5,10.3,9.4,5.7,1734.4,52.09,900.0,throttled=0x0,0.0,0.95,0,563
2026-07-11 21:35:30,test,1,640x480,30,0,7.1,7.9,5.9,6.9,7.8,1734.2,51.12,600.0,throttled=0x0,0.0,0.96,0,563
2026-07-11 21:35:31,test,1,640x480,30,0,7.9,10.6,8.7,2.9,7.7,1732.6,51.61,700.0,throttled=0x0,0.0,0.96,0,563
2026-07-11 21:35:32,test,1,640x480,30,0,7.7,12.6,6.7,5.8,7.7,1733.9,52.09,1800.0,throttled=0x0,0.0,0.96,0,566
2026-07-11 21:35:33,test,1,640x480,30,0,4.4,7.8,2.0,5.8,3.0,1733.3,52.09,1800.0,throttled=0x0,0.0,0.98,0,563
2026-07-11 21:35:34,test,1,640x480,30,0,3.7,3.0,2.0,5.8,2.0,1733.5,51.12,1800.0,throttled=0x0,0.0,0.98,0,563
2026-07-11 21:35:35,test,1,640x480,30,0,3.9,4.0,3.9,4.9,4.9,1733.0,51.61,1800.0,throttled=0x0,0.2,0.98,0,563
2026-07-11 21:35:36,test,1,640x480,30,0,5.2,5.9,5.9,4.0,3.0,1734.4,51.12,700.0,throttled=0x0,0.0,0.98,0,567
2026-07-11 21:35:37,test,1,640x480,30,0,6.2,7.8,4.8,4.8,6.7,1733.6,51.12,1800.0,throttled=0x0,0.0,0.96,0,564
2026-07-11 21:35:38,test,1,640x480,30,0,3.5,5.8,4.9,2.0,4.0,1733.5,52.58,1800.0,throttled=0x0,0.0,0.98,0,564
2026-07-11 21:35:39,test,1,640x480,30,0,3.9,5.9,3.0,2.9,3.0,1733.2,52.09,1800.0,throttled=0x0,0.0,0.98,0,564
2026-07-11 21:35:40,test,1,640x480,30,0,4.2,5.0,3.9,3.0,4.9,1733.2,51.61,1800.0,throttled=0x0,0.0,0.98,0,564
2026-07-11 21:35:41,test,1,640x480,30,0,6.4,7.0,5.0,6.9,7.8,1733.4,53.07,700.0,throttled=0x0,0.0,0.98,0,567
2026-07-11 21:35:42,test,1,640x480,30,0,7.7,8.6,8.6,5.8,7.8,1732.8,51.12,900.0,throttled=0x0,0.0,0.95,0,564
2026-07-11 21:35:43,test,1,640x480,30,0,5.1,3.9,6.7,3.9,5.7,1732.8,50.63,1800.0,throttled=0x0,0.0,0.97,0,564
2026-07-11 21:35:44,test,1,640x480,30,0,4.2,3.0,5.8,4.9,2.0,1732.8,51.12,1800.0,throttled=0x0,0.0,0.98,0,564
2026-07-11 21:35:45,test,1,640x480,30,0,4.6,4.0,4.9,3.9,4.9,1732.8,51.61,1800.0,throttled=0x0,0.0,0.98,0,564
2026-07-11 21:35:46,test,1,640x480,30,0,5.0,4.9,6.9,6.7,4.9,1732.8,52.58,1800.0,throttled=0x0,0.0,0.98,0,567
2026-07-11 21:35:47,test,1,640x480,30,0,4.4,5.0,4.9,2.9,2.0,1733.0,52.09,700.0,throttled=0x0,0.2,0.98,0,564
2026-07-11 21:35:48,test,1,640x480,30,0,4.8,2.0,6.7,5.7,4.8,1733.0,51.61,1800.0,throttled=0x0,0.0,0.96,0,564
2026-07-11 21:35:49,test,1,640x480,30,0,3.7,3.0,5.0,4.0,4.0,1733.0,51.61,1800.0,throttled=0x0,0.0,0.98,0,565
2026-07-11 21:35:50,test,1,640x480,30,0,3.9,3.0,5.0,1.0,5.9,1733.2,51.12,1800.0,throttled=0x0,0.0,0.98,0,565
2026-07-11 21:35:51,test,1,640x480,30,0,6.1,4.9,5.0,5.9,8.8,1734.0,51.12,1800.0,throttled=0x0,0.0,0.98,0,567
2026-07-11 21:35:52,test,1,640x480,30,0,4.4,2.0,5.9,4.9,5.0,1732.7,50.63,700.0,throttled=0x0,0.0,0.98,0,564
2026-07-11 21:35:53,test,1,640x480,30,0,7.5,8.5,8.7,5.7,7.6,1732.7,51.61,600.0,throttled=0x0,0.0,0.96,0,564
2026-07-11 21:35:54,test,1,640x480,30,0,7.7,9.4,9.6,3.9,7.7,1732.7,51.61,700.0,throttled=0x0,0.0,0.96,0,564
2026-07-11 21:35:55,test,1,640x480,30,0,6.4,5.7,8.6,5.7,5.8,1732.9,50.63,1800.0,throttled=0x0,0.0,0.95,0,564
2026-07-11 21:35:56,test,1,640x480,30,0,6.0,4.0,6.0,5.9,7.9,1733.6,52.09,1800.0,throttled=0x0,0.0,0.98,0,567
2026-07-11 21:35:57,test,1,640x480,30,0,4.2,3.0,4.0,4.9,5.9,1733.1,51.61,1800.0,throttled=0x0,0.0,0.98,0,564
2026-07-11 21:35:58,test,1,640x480,30,0,4.0,3.0,4.0,2.0,5.9,1733.1,52.09,1800.0,throttled=0x0,0.0,0.98,0,564
2026-07-11 21:35:59,test,1,640x480,30,0,4.4,5.9,1.0,2.9,5.9,1733.1,52.09,700.0,throttled=0x0,0.0,0.97,0,564
2026-07-11 21:36:01,test,1,640x480,30,0,4.6,8.6,4.7,1.9,5.8,1732.9,50.63,1800.0,throttled=0x0,0.0,0.96,0,564
2026-07-11 21:36:02,test,1,640x480,30,0,5.4,6.0,4.0,4.0,6.9,1733.4,51.61,1800.0,throttled=0x0,0.0,0.98,0,567
2026-07-11 21:36:03,test,1,640x480,30,0,4.4,5.9,2.0,4.0,4.9,1732.9,52.09,1800.0,throttled=0x0,0.0,0.98,0,564
2026-07-11 21:36:04,test,1,640x480,30,0,5.1,7.8,3.0,3.9,5.8,1732.9,51.61,1800.0,throttled=0x0,0.0,0.98,0,564
2026-07-11 21:36:05,test,1,640x480,30,0,3.5,3.0,5.0,2.9,3.9,1732.9,51.61,700.0,throttled=0x0,0.2,0.98,0,563
2026-07-11 21:36:06,test,1,640x480,30,0,7.0,6.8,9.7,3.9,5.8,1733.1,52.09,600.0,throttled=0x0,0.0,0.96,0,563
2026-07-11 21:36:07,test,1,640x480,30,0,8.1,11.5,7.6,6.7,6.7,1734.2,51.61,1800.0,throttled=0x0,0.0,0.95,0,566
2026-07-11 21:36:08,test,1,640x480,30,0,4.2,3.9,5.0,3.9,5.0,1734.6,51.61,1800.0,throttled=0x0,0.0,0.98,0,563
2026-07-11 21:36:09,test,1,640x480,30,0,4.2,4.0,5.0,3.0,4.9,1734.6,52.09,1800.0,throttled=0x0,0.0,0.98,0,563
2026-07-11 21:36:10,test,1,640x480,30,0,3.9,3.9,4.9,3.0,4.0,1734.8,52.09,1800.0,throttled=0x0,0.0,0.98,0,563
2026-07-11 21:36:11,test,1,640x480,30,0,4.9,3.0,5.0,5.0,5.0,1736.2,52.09,700.0,throttled=0x0,0.2,0.97,0,563
2026-07-11 21:36:12,test,1,640x480,30,0,6.9,4.8,9.5,7.6,6.7,1736.5,51.61,1800.0,throttled=0x0,0.0,0.95,0,566
2026-07-11 21:36:13,test,1,640x480,30,0,4.4,4.9,5.8,3.0,4.9,1736.8,51.61,1800.0,throttled=0x0,0.0,0.98,0,563
2026-07-11 21:36:14,test,1,640x480,30,0,3.5,4.0,5.9,2.9,2.0,1736.5,51.61,1800.0,throttled=0x0,0.0,0.98,0,563
2026-07-11 21:36:15,test,1,640x480,30,0,4.4,1.0,6.9,3.9,3.9,1736.5,52.09,1800.0,throttled=0x0,0.0,0.98,0,563
2026-07-11 21:36:16,test,1,640x480,30,0,5.2,4.0,6.9,5.8,4.9,1736.9,52.09,700.0,throttled=0x0,0.0,0.98,0,566
2026-07-11 21:36:17,test,1,640x480,30,0,9.6,13.3,9.6,6.8,7.7,1736.7,52.09,800.0,throttled=0x0,0.0,0.95,0,563
2026-07-11 21:36:18,test,1,640x480,30,0,7.2,4.9,12.5,5.8,7.8,1736.7,51.61,900.0,throttled=0x0,0.0,0.96,0,563
2026-07-11 21:36:19,test,1,640x480,30,0,6.6,3.9,6.8,8.7,5.9,1736.7,52.09,800.0,throttled=0x0,0.0,0.96,0,563
2026-07-11 21:36:20,test,1,640x480,30,0,4.6,2.9,8.7,5.7,2.0,1736.7,52.09,1800.0,throttled=0x0,0.0,0.96,0,563
2026-07-11 21:36:21,test,1,640x480,30,0,6.1,7.8,7.0,5.0,4.9,1737.9,52.09,1800.0,throttled=0x0,0.0,0.98,0,566
2026-07-11 21:36:22,test,1,640x480,30,0,4.2,5.9,2.9,4.0,3.0,1738.1,52.58,1800.0,throttled=0x0,0.2,0.98,0,563
2026-07-11 21:36:23,test,1,640x480,30,0,3.2,5.0,2.0,3.0,4.9,1738.1,51.12,1800.0,throttled=0x0,0.0,0.98,0,563
2026-07-11 21:36:24,test,1,640x480,30,0,4.7,7.7,3.9,3.0,2.0,1738.2,52.58,700.0,throttled=0x0,0.0,0.98,0,563
2026-07-11 21:36:25,test,1,640x480,30,0,5.3,7.8,2.9,5.8,4.9,1738.7,51.61,1800.0,throttled=0x0,0.0,0.96,0,563
2026-07-11 21:36:26,test,1,640x480,30,0,5.4,6.9,4.9,5.9,5.0,1738.7,51.12,1800.0,throttled=0x0,0.0,0.98,0,566
2026-07-11 21:36:27,test,1,640x480,30,0,4.0,5.0,2.0,3.9,4.9,1739.2,51.61,1800.0,throttled=0x0,0.0,0.98,0,563
2026-07-11 21:36:28,test,1,640x480,30,0,3.7,2.0,3.0,3.9,5.9,1739.2,51.61,1800.0,throttled=0x0,0.0,0.98,0,563
2026-07-11 21:36:29,test,1,640x480,30,0,3.5,2.0,2.9,5.0,2.0,1739.4,50.63,700.0,throttled=0x0,0.0,0.98,0,563
2026-07-11 21:36:30,test,1,640x480,30,0,6.5,8.6,8.7,3.8,6.8,1739.4,52.09,700.0,throttled=0x0,0.0,0.96,0,563
2026-07-11 21:36:31,test,1,640x480,30,0,7.2,10.7,5.8,7.6,3.9,1741.1,52.09,1800.0,throttled=0x0,0.0,0.96,0,566
2026-07-11 21:36:32,test,1,640x480,30,0,4.4,4.9,5.8,3.0,4.9,1740.9,52.09,1800.0,throttled=0x0,0.0,0.98,0,563
2026-07-11 21:36:33,test,1,640x480,30,0,3.9,4.0,3.9,4.9,3.9,1740.6,51.61,1800.0,throttled=0x0,0.2,0.98,0,563
2026-07-11 21:36:34,test,1,640x480,30,0,4.7,5.0,2.0,5.9,5.0,1740.6,52.09,1800.0,throttled=0x0,0.0,0.98,0,563
2026-07-11 21:36:35,test,1,640x480,30,0,4.0,3.9,4.9,5.0,3.0,1740.6,51.61,700.0,throttled=0x0,0.0,0.97,0,563
2026-07-11 21:36:37,test,1,640x480,30,0,6.7,6.6,5.8,6.8,4.8,1741.4,51.61,1800.0,throttled=0x0,0.0,0.96,0,566
2026-07-11 21:36:38,test,1,640x480,30,0,4.9,5.0,5.7,5.9,4.9,1740.8,51.12,1800.0,throttled=0x0,0.0,0.98,0,563
2026-07-11 21:36:39,test,1,640x480,30,0,3.2,3.0,1.0,5.0,4.0,1740.8,52.09,1800.0,throttled=0x0,0.0,0.98,0,563
2026-07-11 21:36:40,test,1,640x480,30,0,4.2,3.9,3.9,4.0,3.9,1740.8,51.61,1800.0,throttled=0x0,0.0,0.98,0,563
2026-07-11 21:36:41,test,1,640x480,30,0,3.5,1.0,1.0,6.8,4.0,1740.8,51.61,700.0,throttled=0x0,0.0,0.98,0,563
2026-07-11 21:36:42,test,1,640x480,30,0,8.0,6.8,5.8,9.6,11.4,1742.2,52.09,1800.0,throttled=0x0,0.0,0.96,0,566
2026-07-11 21:36:43,test,1,640x480,30,0,4.7,5.8,5.9,5.0,3.0,1742.1,51.61,1800.0,throttled=0x0,0.0,0.98,0,563
2026-07-11 21:36:44,test,1,640x480,30,0,3.9,3.0,2.0,4.0,5.8,1742.2,50.63,1800.0,throttled=0x0,0.0,0.98,0,563
2026-07-11 21:36:45,test,1,640x480,30,0,4.2,3.9,3.0,5.9,3.9,1742.4,51.61,1800.0,throttled=0x0,0.0,0.98,0,563
2026-07-11 21:36:46,test,1,640x480,30,0,3.7,3.9,3.9,4.0,4.0,1742.4,52.58,1800.0,throttled=0x0,0.0,0.98,0,563
2026-07-11 21:36:47,test,1,640x480,30,0,8.1,10.1,7.8,7.8,5.0,1744.4,52.09,600.0,throttled=0x0,0.0,0.98,0,566
2026-07-11 21:36:48,test,1,640x480,30,0,7.0,6.7,6.7,7.6,8.7,1744.1,52.58,1800.0,throttled=0x0,0.0,0.96,0,563
2026-07-11 21:36:49,test,1,640x480,30,0,3.7,3.9,2.9,2.0,5.0,1744.1,51.12,1800.0,throttled=0x0,0.0,0.98,0,563
2026-07-11 21:36:50,test,1,640x480,30,0,3.5,5.0,2.0,2.9,4.9,1743.6,52.09,1800.0,throttled=0x0,0.0,0.98,0,563
2026-07-11 21:36:51,test,1,640x480,30,0,5.6,1.0,4.9,4.9,8.7,1744.1,52.09,1800.0,throttled=0x0,0.2,0.98,0,566
2026-07-11 21:36:52,test,1,640x480,30,0,4.9,3.0,6.7,4.9,6.8,1743.8,52.09,700.0,throttled=0x0,0.0,0.98,0,563
2026-07-11 21:36:53,test,1,640x480,30,0,7.0,10.5,2.9,5.8,6.9,1743.7,50.63,900.0,throttled=0x0,0.0,0.96,0,563
2026-07-11 21:36:54,test,1,640x480,30,0,6.5,9.6,4.8,3.8,9.4,1743.7,52.58,1800.0,throttled=0x0,0.0,0.95,0,563
2026-07-11 21:36:55,test,1,640x480,30,0,3.5,5.9,3.0,2.0,2.0,1743.9,52.09,1800.0,throttled=0x0,0.0,0.98,0,563
2026-07-11 21:36:56,test,1,640x480,30,0,5.4,9.8,5.9,4.0,4.0,1745.2,51.61,1800.0,throttled=0x0,0.2,0.98,0,566
2026-07-11 21:36:57,test,1,640x480,30,0,5.4,6.9,3.9,5.9,3.9,1744.0,52.58,1800.0,throttled=0x0,0.0,0.98,0,564
2026-07-11 21:36:58,test,1,640x480,30,0,3.9,5.0,2.0,4.9,3.0,1744.0,51.61,700.0,throttled=0x0,0.0,0.98,0,564
2026-07-11 21:36:59,test,1,640x480,30,0,28.8,31.4,26.9,30.1,27.5,1736.4,51.61,1800.0,throttled=0x0,0.0,0.96,0,564
2026-07-11 21:37:00,test,1,640x480,30,0,4.2,6.9,4.9,3.0,2.0,1736.0,51.12,1800.0,throttled=0x0,0.0,0.98,0,564
2026-07-11 21:37:01,test,1,640x480,30,0,5.2,7.8,4.0,5.0,3.0,1735.8,52.58,1800.0,throttled=0x0,0.0,0.98,0,567
2026-07-11 21:37:02,test,1,640x480,30,0,3.7,5.9,3.0,2.0,4.0,1734.2,52.09,1800.0,throttled=0x0,0.0,0.98,0,564
2026-07-11 21:37:03,test,1,640x480,30,0,4.4,5.0,4.9,4.9,3.9,1734.2,52.58,700.0,throttled=0x0,0.0,0.98,0,564
2026-07-11 21:37:04,test,1,640x480,30,0,7.7,8.6,4.9,4.8,12.6,1737.4,52.09,1800.0,throttled=0x0,0.0,0.96,0,564
2026-07-11 21:37:05,test,1,640x480,30,0,3.5,5.9,4.0,2.0,2.0,1736.0,51.12,1800.0,throttled=0x0,0.0,0.98,0,564
2026-07-11 21:37:06,test,1,640x480,30,0,5.9,6.8,4.0,6.9,6.0,1735.0,51.61,1800.0,throttled=0x0,0.0,0.98,0,567
2026-07-11 21:37:07,test,1,640x480,30,0,4.7,5.9,4.0,3.0,4.9,1734.6,51.12,1800.0,throttled=0x0,0.0,0.98,0,564
2026-07-11 21:37:08,test,1,640x480,30,0,4.6,3.9,3.9,2.9,7.6,1734.6,52.09,1800.0,throttled=0x0,0.2,0.98,0,564
2026-07-11 21:37:09,test,1,640x480,30,0,7.2,6.8,6.9,5.9,10.0,1734.6,51.61,700.0,throttled=0x0,0.0,0.98,0,564
2026-07-11 21:37:10,test,1,640x480,30,0,8.0,8.7,9.7,3.9,8.6,1734.4,52.58,700.0,throttled=0x0,0.0,0.96,0,564
2026-07-11 21:37:11,test,1,640x480,30,0,6.6,4.9,10.7,4.9,6.7,1734.9,51.61,1800.0,throttled=0x0,0.0,0.96,0,567
2026-07-11 21:37:12,test,1,640x480,30,0,5.4,5.1,5.9,5.9,4.0,1737.0,51.61,1800.0,throttled=0x0,0.0,0.98,0,564
2026-07-11 21:37:13,test,1,640x480,30,0,4.7,4.9,6.9,3.0,3.0,1737.0,52.09,1800.0,throttled=0x0,0.0,0.97,0,564
2026-07-11 21:37:14,test,1,640x480,30,0,3.7,3.0,4.9,3.0,3.0,1737.0,51.61,1800.0,throttled=0x0,0.0,0.98,0,562
2026-07-11 21:37:16,test,1,640x480,30,0,3.2,2.9,5.9,4.0,3.0,1736.9,52.09,700.0,throttled=0x0,0.0,0.98,0,562
2026-07-11 21:37:17,test,1,640x480,30,0,7.8,7.9,8.7,8.6,4.9,1737.6,51.61,1800.0,throttled=0x0,0.0,0.96,0,565
2026-07-11 21:37:18,test,1,640x480,30,0,4.2,3.0,5.9,4.9,4.0,1737.9,51.61,1800.0,throttled=0x0,0.0,0.98,0,562
2026-07-11 21:37:19,test,1,640x480,30,0,4.4,3.0,4.9,2.9,4.0,1737.9,52.09,1800.0,throttled=0x0,0.5,0.98,0,562
2026-07-11 21:37:20,test,1,640x480,30,0,3.5,1.0,7.8,3.9,2.9,1737.9,52.58,1800.0,throttled=0x0,0.0,0.98,0,562
2026-07-11 21:37:21,test,1,640x480,30,0,4.4,4.9,7.8,1.0,3.9,1737.8,51.61,1800.0,throttled=0x0,0.0,0.98,0,562
2026-07-11 21:37:22,test,1,640x480,30,0,7.4,5.0,8.9,8.8,8.8,1739.1,52.09,700.0,throttled=0x0,0.0,0.98,0,565
2026-07-11 21:37:23,test,1,640x480,30,0,6.2,4.8,9.6,5.7,3.8,1739.1,53.07,1800.0,throttled=0x0,0.0,0.96,0,562
2026-07-11 21:37:24,test,1,640x480,30,0,4.4,4.9,6.9,3.0,3.0,1739.3,52.09,1800.0,throttled=0x0,0.0,0.98,0,562
2026-07-11 21:37:25,test,1,640x480,30,0,4.2,3.0,4.9,3.0,3.9,1739.0,52.09,1800.0,throttled=0x0,0.0,0.98,0,562
2026-07-11 21:37:26,test,1,640x480,30,0,3.9,3.0,2.9,5.9,5.8,1739.0,51.12,1800.0,throttled=0x0,0.0,0.98,0,564
2026-07-11 21:37:27,test,1,640x480,30,0,5.4,5.9,6.0,4.9,5.0,1739.5,52.09,700.0,throttled=0x0,0.0,0.97,0,564
2026-07-11 21:37:28,test,1,640x480,30,0,6.5,4.9,7.6,6.7,5.8,1739.8,52.09,1800.0,throttled=0x0,0.0,0.96,0,562
2026-07-11 21:37:29,test,1,640x480,30,0,3.7,4.9,4.0,1.0,4.9,1739.8,52.09,1800.0,throttled=0x0,0.0,0.98,0,562
2026-07-11 21:37:30,test,1,640x480,30,0,3.7,3.0,4.0,2.0,4.9,1739.7,51.61,1800.0,throttled=0x0,0.0,0.98,0,562
2026-07-11 21:37:31,test,1,640x480,30,0,5.4,6.7,8.0,4.0,4.0,1739.6,52.09,1800.0,throttled=0x0,0.0,0.98,0,563
2026-07-11 21:37:32,test,1,640x480,30,0,4.2,5.9,4.0,3.0,4.0,1739.9,51.61,700.0,throttled=0x0,0.0,0.98,0,560
2026-07-11 21:37:33,test,1,640x480,30,0,8.2,9.5,9.6,5.8,7.6,1739.9,52.09,600.0,throttled=0x0,0.0,0.95,0,560
2026-07-11 21:37:34,test,1,640x480,30,0,5.4,7.5,3.8,3.8,5.8,1737.8,52.09,1800.0,throttled=0x0,0.0,0.94,0,560
2026-07-11 21:37:35,test,1,640x480,30,0,4.0,4.9,2.9,3.0,5.9,1737.3,51.12,1800.0,throttled=0x0,0.0,0.98,0,560
2026-07-11 21:37:36,test,1,640x480,30,0,5.2,4.9,4.0,5.9,5.9,1737.8,52.09,1800.0,throttled=0x0,0.2,0.98,0,563
2026-07-11 21:37:37,test,1,640x480,30,0,4.0,4.0,3.0,2.0,5.9,1737.8,52.09,1800.0,throttled=0x0,0.0,0.98,0,560
2026-07-11 21:37:38,test,1,640x480,30,0,3.9,5.9,4.9,2.9,3.0,1737.8,52.58,700.0,throttled=0x0,0.0,0.98,0,560
2026-07-11 21:37:39,test,1,640x480,30,0,7.2,6.7,10.6,5.9,3.9,1737.8,51.61,700.0,throttled=0x0,0.0,0.96,0,560
2026-07-11 21:37:40,test,1,640x480,30,0,7.5,7.8,9.7,7.8,5.8,1738.1,52.58,700.0,throttled=0x0,0.0,0.96,0,560
2026-07-11 21:37:41,test,1,640x480,30,0,7.0,5.8,12.4,3.8,5.9,1738.6,52.58,1800.0,throttled=0x0,0.0,0.96,0,563
2026-07-11 21:37:42,test,1,640x480,30,0,4.7,4.9,4.9,3.9,6.7,1738.3,51.12,1800.0,throttled=0x0,0.0,0.98,0,561
2026-07-11 21:37:43,test,1,640x480,30,0,4.2,3.0,3.9,4.0,4.0,1738.0,52.58,1800.0,throttled=0x0,0.0,0.98,0,562
2026-07-11 21:37:44,test,1,640x480,30,0,3.9,4.9,2.9,4.9,4.9,1738.0,52.09,1800.0,throttled=0x0,0.0,0.98,0,562
2026-07-11 21:37:45,test,1,640x480,30,0,4.4,5.8,2.0,3.9,5.0,1738.0,51.61,700.0,throttled=0x0,0.0,0.98,0,562
2026-07-11 21:37:46,test,1,640x480,30,0,6.7,8.7,4.9,5.7,5.9,1739.3,51.61,1800.0,throttled=0x0,0.0,0.96,0,565
2026-07-11 21:37:47,test,1,640x480,30,0,4.0,3.9,3.0,4.9,5.9,1739.2,53.07,1800.0,throttled=0x0,0.0,0.98,0,562
2026-07-11 21:37:48,test,1,640x480,30,0,3.9,3.0,3.0,3.0,7.8,1739.2,52.09,1800.0,throttled=0x0,0.2,0.98,0,562
2026-07-11 21:37:49,test,1,640x480,30,0,3.7,3.9,3.9,2.0,4.0,1738.9,52.58,1800.0,throttled=0x0,0.0,0.98,0,562
2026-07-11 21:37:50,test,1,640x480,30,0,4.4,5.9,4.0,3.0,4.9,1738.9,51.61,700.0,throttled=0x0,0.0,0.97,0,562
2026-07-11 21:37:52,test,1,640x480,30,0,6.3,10.5,3.8,5.8,4.8,1740.2,51.61,1800.0,throttled=0x0,0.0,0.95,0,565
2026-07-11 21:37:53,test,1,640x480,30,0,3.7,6.9,2.0,3.0,2.0,1740.4,51.61,1800.0,throttled=0x0,0.0,0.98,0,562
2026-07-11 21:37:54,test,1,640x480,30,0,3.2,6.1,2.0,1.0,4.8,1740.4,51.12,1800.0,throttled=0x0,0.0,0.98,0,562
2026-07-11 21:37:55,test,1,640x480,30,0,3.9,5.9,2.0,4.8,3.0,1740.6,51.61,1800.0,throttled=0x0,0.2,0.98,0,562
2026-07-11 21:37:56,test,1,640x480,30,0,3.7,5.0,3.9,2.0,2.0,1740.1,52.58,700.0,throttled=0x0,0.0,0.98,0,562
2026-07-11 21:37:57,test,1,640x480,30,0,9.9,11.5,9.7,11.7,6.8,1741.4,51.12,600.0,throttled=0x0,0.0,0.96,0,565
2026-07-11 21:37:58,test,1,640x480,30,0,7.7,12.5,5.7,10.4,4.9,1740.7,51.61,700.0,throttled=0x0,0.0,0.96,0,562
2026-07-11 21:37:59,test,1,640x480,30,0,6.8,14.4,3.0,2.9,3.9,1740.3,52.58,600.0,throttled=0x0,0.0,0.96,0,562
2026-07-11 21:38:00,test,1,640x480,30,0,6.0,7.7,6.7,6.6,4.7,1740.3,51.61,1800.0,throttled=0x0,0.0,0.95,0,562
2026-07-11 21:38:01,test,1,640x480,30,0,4.9,5.9,3.0,5.9,4.0,1741.5,51.61,1800.0,throttled=0x0,0.0,0.98,0,563
2026-07-11 21:38:02,test,1,640x480,30,0,4.2,2.0,5.0,5.8,5.9,1742.0,51.61,1800.0,throttled=0x0,0.0,0.98,0,562
2026-07-11 21:38:03,test,1,640x480,30,0,3.7,3.9,5.9,1.0,3.0,1741.2,52.09,1800.0,throttled=0x0,0.0,0.98,0,562
2026-07-11 21:38:04,test,1,640x480,30,0,4.2,3.9,5.0,3.9,3.9,1741.2,52.09,700.0,throttled=0x0,0.0,0.98,0,562
2026-07-11 21:38:05,test,1,640x480,30,0,5.7,3.8,10.5,3.8,4.8,1741.2,51.61,1800.0,throttled=0x0,0.0,0.96,0,562
2026-07-11 21:38:06,test,1,640x480,30,0,6.4,6.9,8.0,3.0,4.9,1741.7,52.09,1800.0,throttled=0x0,0.0,0.98,0,566
2026-07-11 21:38:07,test,1,640x480,30,0,4.5,5.0,6.7,3.0,5.9,1741.4,51.61,1800.0,throttled=0x0,0.0,0.98,0,563
2026-07-11 21:38:08,test,1,640x480,30,0,3.9,2.0,5.0,4.0,3.0,1741.6,51.12,1800.0,throttled=0x0,0.0,0.98,0,563
2026-07-11 21:38:09,test,1,640x480,30,0,4.0,5.9,6.8,2.0,4.9,1741.6,52.09,700.0,throttled=0x0,0.0,0.97,0,563
2026-07-11 21:38:10,test,1,640x480,30,0,8.1,4.8,12.5,5.9,6.7,1741.8,52.09,800.0,throttled=0x0,0.0,0.96,0,563
2026-07-11 21:38:11,test,1,640x480,30,0,7.0,7.8,7.8,4.9,6.7,1742.5,52.09,1800.0,throttled=0x0,0.0,0.96,0,566
2026-07-11 21:38:12,test,1,640x480,30,0,5.6,7.6,6.9,4.8,6.6,1743.0,51.61,1800.0,throttled=0x0,0.2,0.98,0,563
2026-07-11 21:38:13,test,1,640x480,30,0,3.7,3.0,5.9,3.0,2.0,1743.0,51.12,1800.0,throttled=0x0,0.0,0.98,0,563
2026-07-11 21:38:14,test,1,640x480,30,0,3.7,3.9,2.0,3.0,6.0,1743.0,51.61,1800.0,throttled=0x0,0.0,0.98,0,563
2026-07-11 21:38:15,test,1,640x480,30,0,3.9,2.9,4.0,2.9,5.9,1743.0,50.63,1800.0,throttled=0x0,0.0,0.98,0,563
2026-07-11 21:38:16,test,1,640x480,30,0,7.7,6.7,4.9,8.6,10.6,1743.3,51.12,1800.0,throttled=0x0,0.0,0.96,0,566
2026-07-11 21:38:17,test,1,640x480,30,0,4.4,4.0,3.9,4.0,4.0,1743.3,52.09,1800.0,throttled=0x0,0.0,0.98,0,563
2026-07-11 21:38:18,test,1,640x480,30,0,4.2,5.8,2.0,4.0,5.9,1743.2,52.09,1800.0,throttled=0x0,0.0,0.98,0,563
2026-07-11 21:38:19,test,1,640x480,30,0,4.0,4.0,3.9,2.0,5.9,1743.0,52.58,1800.0,throttled=0x0,0.5,0.98,0,563
2026-07-11 21:38:20,test,1,640x480,30,0,3.7,4.0,2.0,3.0,4.9,1743.4,51.61,700.0,throttled=0x0,0.0,0.98,0,563
2026-07-11 21:38:21,test,1,640x480,30,0,7.5,5.8,10.3,4.9,9.6,1743.4,51.61,1800.0,throttled=0x0,0.0,0.96,0,566
2026-07-11 21:38:22,test,1,640x480,30,0,4.7,6.9,2.0,3.9,5.8,1742.6,52.58,1800.0,throttled=0x0,0.0,0.98,0,563
2026-07-11 21:38:23,test,1,640x480,30,0,4.4,6.7,3.0,4.9,4.0,1742.5,52.09,1800.0,throttled=0x0,0.0,0.98,0,563
2026-07-11 21:38:24,test,1,640x480,30,0,4.4,3.0,4.0,4.0,4.9,1742.4,52.09,1800.0,throttled=0x0,0.0,0.98,0,562
2026-07-11 21:38:25,test,1,640x480,30,0,39.6,37.8,35.9,45.6,40.4,1735.9,52.09,700.0,throttled=0x0,0.0,0.98,0,564
2026-07-11 21:38:26,test,1,640x480,30,0,25.3,18.1,22.1,23.3,36.9,1751.5,52.58,1800.0,throttled=0x0,0.0,0.95,0,567
2026-07-11 21:38:27,test,1,640x480,30,0,4.2,3.9,2.0,6.9,4.0,1749.0,52.58,1800.0,throttled=0x0,0.0,0.98,0,564
2026-07-11 21:38:29,test,1,640x480,30,0,4.0,4.0,2.9,5.9,2.0,1746.3,52.58,1800.0,throttled=0x0,0.0,0.98,0,564
2026-07-11 21:38:30,test,1,640x480,30,0,4.0,3.0,4.9,4.0,3.9,1744.0,52.09,1800.0,throttled=0x0,0.0,0.98,0,564
2026-07-11 21:38:31,test,1,640x480,30,0,4.2,5.9,1.0,6.8,3.9,1742.8,53.07,700.0,throttled=0x0,0.2,0.98,0,564
2026-07-11 21:38:32,test,1,640x480,30,0,9.2,7.7,14.3,8.8,6.7,1743.4,51.61,1800.0,throttled=0x0,0.0,0.96,0,567
2026-07-11 21:38:33,test,1,640x480,30,0,4.7,5.8,4.0,4.0,3.0,1741.2,51.61,1800.0,throttled=0x0,0.0,0.98,0,564
2026-07-11 21:38:34,test,1,640x480,30,0,4.9,5.9,5.8,4.0,5.8,1741.1,52.58,1800.0,throttled=0x0,0.0,0.98,0,564
2026-07-11 21:38:35,test,1,640x480,30,0,44.3,42.7,49.5,45.0,40.0,1745.1,52.58,1800.0,throttled=0x0,0.0,0.98,0,564
