Timestamp,Environment,Camera_Count,Resolution,Target_FPS,Motion_Factor,Total_CPU,Core0_CPU,Core1_CPU,Core2_CPU,Core3_CPU,RAM_Used_MB,SoC_Temp,CPU_Freq,Throttled_State,IO_Wait,Actual_FPS,Drops,Threads
2026-07-07 14:21:57,test,1,320x240,30,0,71.3,83.8,65.7,56.6,78.6,3167.5,60.37,1800.0,throttled=0x0,0.0,0.0,0,918
2026-07-07 14:21:58,test,1,320x240,30,0,43.3,48.5,41.1,48.5,35.6,3170.6,58.43,1800.0,throttled=0x0,0.0,1.87,0,915
2026-07-07 14:21:59,test,1,320x240,30,0,21.6,20.2,16.2,23.2,24.0,3171.4,59.4,1800.0,throttled=0x0,0.0,0.97,0,911
2026-07-07 14:22:00,test,1,320x240,30,0,18.8,24.0,17.6,22.2,14.1,3170.4,59.4,1800.0,throttled=0x0,0.0,0.97,0,911
2026-07-07 14:22:01,test,1,320x240,30,0,21.2,26.3,15.8,17.6,23.5,3168.4,58.91,1100.0,throttled=0x0,0.0,0.97,0,915
2026-07-07 14:22:02,test,1,320x240,30,0,45.4,48.0,33.3,34.0,66.7,3166.3,58.91,1800.0,throttled=0x0,0.0,0.96,0,915
2026-07-07 14:22:03,test,1,320x240,30,0,27.0,41.6,22.0,23.3,17.0,3165.7,59.4,1800.0,throttled=0x0,0.2,0.97,0,912
2026-07-07 14:22:04,test,1,320x240,30,0,23.5,33.0,16.8,22.2,22.8,3160.2,58.91,1800.0,throttled=0x0,0.0,0.98,0,912
2026-07-07 14:22:05,test,1,320x240,30,0,18.0,15.4,19.0,18.6,17.8,3159.3,58.91,1800.0,throttled=0x0,0.0,0.98,0,912
2026-07-07 14:22:06,test,1,320x240,30,0,24.1,25.5,21.2,22.8,25.7,3157.0,58.43,1000.0,throttled=0x0,0.0,0.97,0,915
2026-07-07 14:22:07,test,1,320x240,30,0,20.5,24.7,14.9,20.8,22.3,3155.5,58.91,1800.0,throttled=0x0,0.0,0.96,0,912
2026-07-07 14:22:08,test,1,320x240,30,0,20.5,19.1,21.6,20.6,20.6,3153.5,58.43,1800.0,throttled=0x0,2.3,0.97,0,912
2026-07-07 14:22:09,test,1,320x240,30,0,18.1,20.0,16.2,19.0,16.8,3151.9,57.45,1800.0,throttled=0x0,0.0,0.97,0,912
2026-07-07 14:22:10,test,1,320x240,30,0,46.4,51.1,45.2,45.6,44.1,3145.5,58.43,1800.0,throttled=0x0,0.0,0.97,0,912
2026-07-07 14:22:11,test,1,320x240,30,0,26.5,33.0,25.0,20.6,26.9,3148.1,58.43,1000.0,throttled=0x0,0.0,0.97,0,914
2026-07-07 14:22:12,test,1,320x240,30,0,21.9,23.2,17.1,22.4,25.5,3147.7,58.91,1800.0,throttled=0x0,0.0,0.96,0,911
2026-07-07 14:22:13,test,1,320x240,30,0,18.7,24.8,15.2,13.1,20.8,3146.3,57.94,1800.0,throttled=0x0,0.0,0.98,0,910
2026-07-07 14:22:14,test,1,320x240,30,0,17.4,18.8,13.0,21.2,16.8,3144.6,57.94,1800.0,throttled=0x0,0.2,0.97,0,910
2026-07-07 14:22:15,test,1,320x240,30,0,20.9,25.2,20.2,15.8,22.3,3145.7,57.45,1800.0,throttled=0x0,0.0,0.97,0,910
2026-07-07 14:22:16,test,1,320x240,30,0,23.3,30.6,22.3,20.8,21.0,3145.5,56.97,900.0,throttled=0x0,0.0,0.97,0,913
2026-07-07 14:22:18,test,1,320x240,30,0,24.1,23.5,23.3,26.9,22.8,3133.0,57.45,1800.0,throttled=0x0,0.0,0.96,0,885
2026-07-07 14:22:19,test,1,320x240,30,0,17.4,21.6,16.0,13.3,17.0,3133.0,56.97,1800.0,throttled=0x0,0.0,0.98,0,885
2026-07-07 14:22:20,test,1,320x240,30,0,18.2,19.4,19.6,15.8,18.4,3133.1,56.97,1800.0,throttled=0x0,0.2,0.98,0,884
2026-07-07 14:22:21,test,1,320x240,30,0,17.5,22.1,14.1,12.2,20.4,3133.6,57.45,1800.0,throttled=0x0,0.0,0.97,0,884
2026-07-07 14:22:22,test,1,320x240,30,0,20.8,25.5,18.6,19.6,21.0,3133.7,56.48,900.0,throttled=0x0,0.0,0.97,0,886
2026-07-07 14:22:23,test,1,320x240,30,0,20.7,22.9,21.7,20.8,16.8,3133.5,57.94,1800.0,throttled=0x0,0.0,0.95,0,883
2026-07-07 14:22:24,test,1,320x240,30,0,24.2,29.5,21.6,24.2,21.8,3132.9,56.97,1800.0,throttled=0x0,0.0,0.98,0,883
2026-07-07 14:22:25,test,1,320x240,30,0,20.4,20.7,22.3,18.4,20.0,3132.1,56.97,1800.0,throttled=0x0,0.0,0.98,0,883
2026-07-07 14:22:26,test,1,320x240,30,0,28.8,35.1,25.5,27.3,28.4,3130.7,56.97,1800.0,throttled=0x0,0.0,0.97,0,883
2026-07-07 14:22:27,test,1,320x240,30,0,32.3,37.1,29.7,35.0,27.7,3131.8,57.94,1200.0,throttled=0x0,0.0,0.97,0,886
2026-07-07 14:22:28,test,1,320x240,30,0,31.3,33.3,31.4,29.4,30.7,3131.7,56.97,1800.0,throttled=0x0,0.0,0.96,0,883
2026-07-07 14:22:29,test,1,320x240,30,0,31.0,44.1,29.0,22.8,29.4,3130.3,57.94,1800.0,throttled=0x0,0.0,0.97,0,887
2026-07-07 14:22:30,test,1,320x240,30,0,19.8,18.9,20.0,18.0,20.4,3130.2,57.94,1800.0,throttled=0x0,0.0,0.97,0,888
2026-07-07 14:22:31,test,1,320x240,30,0,20.0,30.3,16.5,15.8,18.0,3129.3,57.45,1800.0,throttled=0x0,0.0,0.97,0,888
2026-07-07 14:22:32,test,1,320x240,30,0,32.4,45.7,26.0,24.5,28.0,3128.9,56.97,1000.0,throttled=0x0,0.7,0.97,0,895
2026-07-07 14:22:33,test,1,320x240,30,0,29.7,39.7,22.3,26.1,30.4,3137.0,57.45,1800.0,throttled=0x0,1.9,0.87,0,914
2026-07-07 14:22:34,test,1,320x240,30,0,18.5,22.3,14.7,16.8,20.4,3137.4,56.97,1800.0,throttled=0x0,0.0,0.97,0,918
2026-07-07 14:22:35,test,1,320x240,30,0,17.0,23.4,13.4,14.9,16.0,3139.3,57.45,1800.0,throttled=0x0,0.0,0.97,0,918
2026-07-07 14:22:36,test,1,320x240,30,0,21.0,21.5,22.2,22.0,19.2,3140.6,56.97,1800.0,throttled=0x0,0.0,0.97,0,920
2026-07-07 14:22:37,test,1,320x240,30,0,23.7,27.7,18.4,27.6,19.2,3141.7,56.97,900.0,throttled=0x0,0.0,0.97,0,917
2026-07-07 14:22:38,test,1,320x240,30,0,22.1,24.7,16.8,27.2,21.2,3142.4,56.48,1800.0,throttled=0x0,2.2,0.95,0,917
2026-07-07 14:22:39,test,1,320x240,30,0,19.0,22.6,20.6,15.0,18.2,3142.1,57.94,1800.0,throttled=0x0,0.0,0.97,0,917
2026-07-07 14:22:40,test,1,320x240,30,0,21.9,27.8,15.8,20.0,21.8,3141.7,55.99,1800.0,throttled=0x0,0.0,0.96,0,917
2026-07-07 14:22:41,test,1,320x240,30,0,29.7,35.4,26.9,30.4,28.2,3128.5,57.45,1800.0,throttled=0x0,0.0,0.96,0,921
2026-07-07 14:22:42,test,1,320x240,30,0,24.8,27.1,25.5,20.6,26.7,3128.2,56.97,1200.0,throttled=0x0,0.0,0.97,0,918
2026-07-07 14:22:43,test,1,320x240,30,0,24.0,33.7,18.6,22.2,20.4,3126.6,56.97,1800.0,throttled=0x0,0.0,0.96,0,919
2026-07-07 14:22:44,test,1,320x240,30,0,22.3,28.8,19.0,20.0,22.0,3127.0,55.99,1800.0,throttled=0x0,0.2,0.98,0,919
2026-07-07 14:22:45,test,1,320x240,30,0,20.4,20.8,20.0,20.8,20.8,3127.2,56.97,1800.0,throttled=0x0,0.0,0.97,0,919
2026-07-07 14:22:47,test,1,320x240,30,0,23.5,28.6,22.8,20.8,22.8,3128.2,56.97,1800.0,throttled=0x0,0.0,0.97,0,922
2026-07-07 14:22:48,test,1,320x240,30,0,25.6,34.4,21.4,22.0,25.0,3128.4,57.45,1000.0,throttled=0x0,0.3,0.97,0,923
2026-07-07 14:22:49,test,1,320x240,30,0,23.2,23.7,23.8,21.7,23.6,3128.7,57.45,1800.0,throttled=0x0,0.0,0.96,0,923
2026-07-07 14:22:50,test,1,320x240,30,0,22.9,30.3,20.4,22.8,16.8,3128.7,57.45,1800.0,throttled=0x0,0.0,0.98,0,923
2026-07-07 14:22:51,test,1,320x240,30,0,21.6,20.4,21.6,25.0,20.6,3128.9,56.97,1800.0,throttled=0x0,0.0,0.97,0,923
2026-07-07 14:22:52,test,1,320x240,30,0,23.3,20.4,20.2,22.8,26.7,3129.2,56.97,1800.0,throttled=0x0,0.0,0.98,0,926
2026-07-07 14:22:53,test,1,320x240,30,0,22.1,28.6,18.6,23.3,19.0,3128.9,57.45,900.0,throttled=0x0,0.0,0.97,0,923
2026-07-07 14:22:54,test,1,320x240,30,0,23.5,23.2,23.3,25.0,21.0,3129.1,56.97,1800.0,throttled=0x0,0.0,0.95,0,924
2026-07-07 14:22:55,test,1,320x240,30,0,18.2,25.8,13.0,19.0,19.0,3128.8,56.97,1800.0,throttled=0x0,0.0,0.98,0,924
2026-07-07 14:22:56,test,1,320x240,30,0,18.8,18.5,19.8,14.4,20.0,3128.9,55.99,1800.0,throttled=0x0,0.0,0.97,0,924
2026-07-07 14:22:57,test,1,320x240,30,0,24.1,25.3,26.9,20.8,24.3,3126.7,56.97,1800.0,throttled=0x0,0.0,0.97,0,922
2026-07-07 14:22:58,test,1,320x240,30,0,23.3,25.8,23.5,24.8,20.6,3127.0,57.45,900.0,throttled=0x0,0.0,0.97,0,919
2026-07-07 14:22:59,test,1,320x240,30,0,21.3,31.4,18.4,16.0,17.8,3127.2,56.97,1800.0,throttled=0x0,0.0,0.94,0,915
2026-07-07 14:23:00,test,1,320x240,30,0,23.1,33.0,18.4,20.6,20.2,3127.2,57.94,1800.0,throttled=0x0,0.2,0.97,0,915
2026-07-07 14:23:01,test,1,320x240,30,0,26.6,42.6,20.2,19.0,19.6,3127.7,56.48,1800.0,throttled=0x0,0.0,0.97,0,915
2026-07-07 14:23:02,test,1,320x240,30,0,31.5,43.1,28.0,23.8,28.4,3120.1,56.97,1800.0,throttled=0x0,0.0,0.97,0,893
2026-07-07 14:23:03,test,1,320x240,30,0,23.7,25.3,25.0,24.8,20.2,3120.0,56.97,900.0,throttled=0x0,0.0,0.97,0,890
2026-07-07 14:23:04,test,1,320x240,30,0,23.6,24.5,22.3,21.6,27.2,3119.9,56.48,1800.0,throttled=0x0,0.0,0.96,0,890
2026-07-07 14:23:05,test,1,320x240,30,0,20.1,24.2,20.2,15.5,19.8,3095.6,55.99,1800.0,throttled=0x0,0.3,0.98,0,874
2026-07-07 14:23:06,test,1,320x240,30,0,30.7,44.1,20.8,27.7,29.2,3110.4,56.48,1800.0,throttled=0x0,0.0,0.95,0,886
2026-07-07 14:23:07,test,1,320x240,30,0,22.7,22.4,23.8,21.4,24.0,3114.6,55.99,1800.0,throttled=0x0,0.0,0.97,0,884
2026-07-07 14:23:08,test,1,320x240,30,0,21.7,23.5,21.6,22.5,19.2,3115.3,56.97,1000.0,throttled=0x0,0.0,0.97,0,887
2026-07-07 14:23:09,test,1,320x240,30,0,27.1,32.4,27.3,24.3,25.0,3115.9,57.45,1800.0,throttled=0x0,0.0,0.95,0,887
2026-07-07 14:23:10,test,1,320x240,30,0,29.2,36.0,29.3,25.0,24.8,3116.1,57.45,1800.0,throttled=0x0,0.0,0.97,0,887
2026-07-07 14:23:11,test,1,320x240,30,0,28.1,31.4,20.6,31.3,28.7,3120.0,55.99,1800.0,throttled=0x0,0.0,0.97,0,889
2026-07-07 14:23:12,test,1,320x240,30,0,24.0,35.0,19.4,21.2,21.0,3120.0,56.48,1800.0,throttled=0x0,0.0,0.97,0,886
2026-07-07 14:23:13,test,1,320x240,30,0,27.4,36.9,23.8,24.0,25.0,3119.8,55.99,1800.0,throttled=0x0,0.0,0.97,0,885
2026-07-07 14:23:14,test,1,320x240,30,0,25.4,27.7,20.6,30.1,22.8,3119.8,56.97,1800.0,throttled=0x0,0.0,0.97,0,885
2026-07-07 14:23:15,test,1,320x240,30,0,23.5,26.3,18.6,22.7,25.3,3120.6,56.97,1800.0,throttled=0x0,0.0,0.97,0,885
2026-07-07 14:23:16,test,1,320x240,30,0,56.4,63.0,62.4,50.5,47.4,3111.2,56.48,1800.0,throttled=0x0,0.0,0.97,0,888
2026-07-07 14:23:18,test,1,320x240,30,0,23.5,25.0,22.2,25.5,24.0,3109.9,57.45,1800.0,throttled=0x0,0.0,0.97,0,884
2026-07-07 14:23:19,test,1,320x240,30,0,26.9,33.0,28.3,24.0,22.8,3109.8,57.94,1100.0,throttled=0x0,0.0,0.97,0,884
2026-07-07 14:23:20,test,1,320x240,30,0,25.7,27.7,24.3,21.6,28.8,3109.8,57.45,1800.0,throttled=0x0,0.0,0.96,0,883
2026-07-07 14:23:21,test,1,320x240,30,0,23.4,22.3,24.5,21.9,25.0,3109.8,56.97,1800.0,throttled=0x0,0.0,0.97,0,883
2026-07-07 14:23:22,test,1,320x240,30,0,25.6,27.7,23.5,24.0,27.2,3111.6,56.97,1800.0,throttled=0x0,0.0,0.97,0,886
2026-07-07 14:23:23,test,1,320x240,30,0,23.7,17.6,27.3,28.0,21.0,3111.4,57.45,1800.0,throttled=0x0,0.0,0.98,0,883
2026-07-07 14:23:24,test,1,320x240,30,0,32.0,37.4,29.8,30.6,31.3,3111.8,56.48,1800.0,throttled=0x0,0.2,0.98,0,888
2026-07-07 14:23:25,test,1,320x240,30,0,38.6,40.6,40.6,39.0,33.7,3117.8,56.97,1800.0,throttled=0x0,0.0,0.96,0,910
2026-07-07 14:23:26,test,1,320x240,30,0,23.5,22.1,20.0,23.0,28.4,3118.2,57.45,1800.0,throttled=0x0,0.0,0.97,0,910
2026-07-07 14:23:27,test,1,320x240,30,0,24.4,28.1,22.4,24.0,23.2,3120.2,57.94,1800.0,throttled=0x0,0.0,0.97,0,913
2026-07-07 14:23:28,test,1,320x240,30,0,24.2,27.6,20.8,22.9,25.5,3121.2,56.48,1800.0,throttled=0x0,0.0,0.97,0,909
2026-07-07 14:23:29,test,1,320x240,30,0,57.4,56.1,57.4,55.0,59.8,3122.6,58.91,1800.0,throttled=0x0,0.0,0.96,0,913
2026-07-07 14:23:30,test,1,320x240,30,0,34.1,27.6,41.7,35.2,33.6,3048.6,57.45,1800.0,throttled=0x0,0.0,0.93,0,913
2026-07-07 14:23:31,test,1,320x240,30,0,24.7,29.0,19.8,21.9,27.0,3048.1,57.45,1800.0,throttled=0x0,0.0,0.97,0,913
2026-07-07 14:23:32,test,1,320x240,30,0,29.9,34.7,33.0,27.6,25.0,3048.9,57.94,1800.0,throttled=0x0,0.5,0.97,0,916
2026-07-07 14:23:33,test,1,320x240,30,0,25.7,27.0,25.7,24.5,26.3,3048.9,57.94,1800.0,throttled=0x0,0.0,0.97,0,913
2026-07-07 14:23:34,test,1,320x240,30,0,28.5,29.9,27.3,27.5,29.8,3048.7,56.97,1100.0,throttled=0x0,0.0,0.97,0,913
2026-07-07 14:23:35,test,1,320x240,30,0,28.1,28.4,30.6,25.3,27.7,3048.4,57.45,1800.0,throttled=0x0,0.0,0.96,0,914
2026-07-07 14:23:36,test,1,320x240,30,0,30.3,31.6,29.8,30.0,28.6,3049.2,57.45,1800.0,throttled=0x0,0.2,0.97,0,916
2026-07-07 14:23:37,test,1,320x240,30,0,28.5,37.7,22.0,22.6,32.1,3049.4,58.43,1800.0,throttled=0x0,0.0,0.97,0,913
2026-07-07 14:23:38,test,1,320x240,30,0,27.9,33.9,27.9,24.3,26.2,3049.2,56.97,1800.0,throttled=0x0,0.0,0.97,0,913
2026-07-07 14:23:39,test,1,320x240,30,0,28.8,40.7,29.4,25.2,16.5,3049.4,57.45,1200.0,throttled=0x0,0.0,0.97,0,912
2026-07-07 14:23:40,test,1,320x240,30,0,22.8,25.7,19.2,23.0,24.0,3049.5,57.45,1800.0,throttled=0x0,0.0,0.96,0,912
2026-07-07 14:23:41,test,1,320x240,30,0,42.4,46.5,38.8,48.5,34.0,3050.8,56.97,1800.0,throttled=0x0,0.0,0.96,0,916
2026-07-07 14:23:42,test,1,320x240,30,0,20.5,19.1,25.5,19.8,19.2,3051.1,57.94,1800.0,throttled=0x0,0.0,0.98,0,913
2026-07-07 14:23:43,test,1,320x240,30,0,24.3,27.6,21.4,27.2,20.0,3053.0,56.97,1800.0,throttled=0x0,0.0,0.97,0,914
2026-07-07 14:23:44,test,1,320x240,30,0,42.0,39.4,38.0,36.4,52.9,3052.9,57.45,1800.0,throttled=0x0,0.0,0.96,0,914
2026-07-07 14:23:45,test,1,320x240,30,0,56.8,56.3,54.3,69.8,48.1,3055.6,58.43,1800.0,throttled=0x0,0.0,0.92,0,914
2026-07-07 14:23:47,test,1,320x240,30,0,39.0,40.4,36.5,39.4,39.6,3058.5,56.97,1800.0,throttled=0x0,0.0,0.95,0,917
2026-07-07 14:23:48,test,1,320x240,30,0,39.9,42.9,34.7,43.4,38.8,3058.3,57.94,1800.0,throttled=0x0,0.0,0.96,0,915
2026-07-07 14:23:49,test,1,320x240,30,0,27.2,27.8,26.0,25.5,28.0,3057.4,56.97,1800.0,throttled=0x0,0.0,0.97,0,915
2026-07-07 14:23:50,test,1,320x240,30,0,24.6,25.3,20.2,25.7,27.7,3060.3,57.45,1100.0,throttled=0x0,0.0,0.97,0,916
2026-07-07 14:23:51,test,1,320x240,30,0,20.5,19.4,21.0,17.3,23.5,3059.8,57.94,1800.0,throttled=0x0,0.0,0.96,0,916
2026-07-07 14:23:52,test,1,320x240,30,0,41.7,43.3,44.0,41.0,39.0,3058.5,58.43,1800.0,throttled=0x0,0.3,0.97,0,919
2026-07-07 14:23:53,test,1,320x240,30,0,42.5,47.1,40.6,41.5,40.8,3058.6,58.43,1800.0,throttled=0x0,0.0,0.94,0,916
2026-07-07 14:23:54,test,1,320x240,30,0,66.9,73.3,68.9,62.7,63.5,3040.0,58.91,1800.0,throttled=0x0,0.0,0.95,0,892
2026-07-07 14:23:55,test,1,320x240,30,0,23.4,27.4,22.4,21.6,22.2,3041.0,57.94,1100.0,throttled=0x0,0.0,0.97,0,895
2026-07-07 14:23:56,test,1,320x240,30,0,23.5,25.3,21.8,23.3,24.5,3041.9,57.94,1800.0,throttled=0x0,0.0,0.95,0,892
2026-07-07 14:23:57,test,1,320x240,30,0,24.9,23.5,22.8,26.2,27.7,3041.6,57.45,1800.0,throttled=0x0,0.0,0.97,0,894
2026-07-07 14:23:58,test,1,320x240,30,0,21.6,22.2,20.0,23.5,19.2,3040.5,57.45,1800.0,throttled=0x0,0.0,0.97,0,891
2026-07-07 14:23:59,test,1,320x240,30,0,22.0,26.0,17.0,20.4,24.3,3040.4,57.45,1800.0,throttled=0x0,0.0,0.97,0,888
2026-07-07 14:24:00,test,1,320x240,30,0,23.4,22.7,23.8,24.8,22.4,3040.6,56.97,1100.0,throttled=0x0,0.0,0.97,0,887
2026-07-07 14:24:01,test,1,320x240,30,0,26.4,31.4,25.2,20.6,27.6,3041.0,57.94,1800.0,throttled=0x0,0.0,0.96,0,888
2026-07-07 14:24:02,test,1,320x240,30,0,24.8,28.3,21.8,24.3,25.5,3041.2,57.94,1800.0,throttled=0x0,0.0,0.96,0,889
2026-07-07 14:24:03,test,1,320x240,30,0,23.1,22.1,19.2,25.0,25.2,3040.7,56.97,1800.0,throttled=0x0,0.0,0.97,0,887
2026-07-07 14:24:04,test,1,320x240,30,0,21.6,21.4,18.8,26.9,18.2,3041.2,56.97,1800.0,throttled=0x0,0.0,0.97,0,887
2026-07-07 14:24:05,test,1,320x240,30,0,24.3,30.4,21.6,23.8,23.3,3040.9,57.45,1100.0,throttled=0x0,0.0,0.97,0,887
2026-07-07 14:24:06,test,1,320x240,30,0,30.4,34.3,27.6,28.3,29.8,3040.6,57.45,1800.0,throttled=0x0,0.0,0.96,0,890
2026-07-07 14:24:07,test,1,320x240,30,0,27.9,33.6,25.5,23.1,29.7,3040.6,57.45,1800.0,throttled=0x0,0.0,0.97,0,887
2026-07-07 14:24:08,test,1,320x240,30,0,28.7,34.9,27.2,32.4,19.4,3041.9,56.97,1800.0,throttled=0x0,0.0,0.97,0,887
2026-07-07 14:24:09,test,1,320x240,30,0,21.3,24.0,18.6,18.8,22.2,3042.1,56.97,1800.0,throttled=0x0,0.0,0.97,0,887
2026-07-07 14:24:10,test,1,320x240,30,0,21.6,26.5,17.3,22.8,22.0,3042.0,57.45,900.0,throttled=0x0,0.2,0.96,0,884
2026-07-07 14:24:11,test,1,320x240,30,0,27.1,33.7,25.5,22.4,25.2,3042.5,57.45,1800.0,throttled=0x0,0.0,0.95,0,886
2026-07-07 14:24:12,test,1,320x240,30,0,21.4,26.7,15.8,22.8,19.2,3043.2,57.45,1800.0,throttled=0x0,0.0,0.97,0,885
2026-07-07 14:24:14,test,1,320x240,30,0,24.9,21.1,29.5,25.5,23.5,3043.6,56.97,1800.0,throttled=0x0,0.0,0.96,0,887
2026-07-07 14:24:15,test,1,320x240,30,0,23.2,25.8,19.2,21.0,26.0,3043.6,56.97,1800.0,throttled=0x0,0.0,0.97,0,887
2026-07-07 14:24:16,test,1,320x240,30,0,20.9,17.6,20.8,21.8,21.6,3043.7,57.45,900.0,throttled=0x0,0.0,0.97,0,887
2026-07-07 14:24:17,test,1,320x240,30,0,24.7,20.8,26.5,23.8,29.1,3043.9,56.97,1800.0,throttled=0x0,0.0,0.96,0,890
2026-07-07 14:24:18,test,1,320x240,30,0,26.6,28.3,25.5,25.3,27.7,3042.0,56.97,1800.0,throttled=0x0,0.0,0.97,0,889
2026-07-07 14:24:19,test,1,320x240,30,0,17.2,15.3,18.2,17.3,18.0,3041.9,56.48,1800.0,throttled=0x0,0.0,0.97,0,889
2026-07-07 14:24:20,test,1,320x240,30,0,22.2,20.8,22.9,22.3,24.5,3044.8,56.48,1800.0,throttled=0x0,0.2,0.97,0,888
2026-07-07 14:24:21,test,1,320x240,30,0,45.9,44.9,48.1,45.9,43.4,3047.1,56.97,1800.0,throttled=0x0,0.0,0.98,0,891
2026-07-07 14:24:22,test,1,320x240,30,0,33.5,32.4,36.5,34.0,30.3,3049.4,56.97,1800.0,throttled=0x0,0.2,0.95,0,899
2026-07-07 14:24:23,test,1,320x240,30,0,26.9,27.2,39.0,17.5,25.0,3055.9,56.48,1800.0,throttled=0x0,0.0,0.97,0,917
2026-07-07 14:24:24,test,1,320x240,30,0,19.6,20.4,14.1,21.6,21.2,3055.9,56.97,1800.0,throttled=0x0,0.0,0.97,0,917
2026-07-07 14:24:25,test,1,320x240,30,0,18.4,15.3,21.0,18.0,18.4,3056.2,55.5,1800.0,throttled=0x0,0.0,0.97,0,917
2026-07-07 14:24:26,test,1,320x240,30,0,22.0,26.9,16.8,20.0,24.0,3055.3,55.99,1100.0,throttled=0x0,0.0,0.97,0,909
2026-07-07 14:24:27,test,1,320x240,30,0,27.3,27.7,33.7,21.6,28.7,3055.4,56.48,1800.0,throttled=0x0,0.0,0.95,0,912
2026-07-07 14:24:28,test,1,320x240,30,0,22.7,25.5,19.8,25.0,19.0,3055.9,56.97,1800.0,throttled=0x0,0.0,0.97,0,909
2026-07-07 14:24:29,test,1,320x240,30,0,30.4,30.8,26.0,41.6,23.5,3055.7,55.99,1800.0,throttled=0x0,0.0,0.97,0,913
2026-07-07 14:24:30,test,1,320x240,30,0,24.4,22.0,24.8,24.3,25.0,3054.0,56.48,1800.0,throttled=0x0,0.0,0.97,0,911
2026-07-07 14:24:31,test,1,320x240,30,0,43.3,41.8,45.5,45.1,43.0,3055.6,57.45,1000.0,throttled=0x0,0.0,0.97,0,912
2026-07-07 14:24:32,test,1,320x240,30,0,45.7,48.1,49.1,44.7,39.2,3057.2,57.45,1800.0,throttled=0x0,1.7,0.95,0,913
2026-07-07 14:24:33,test,1,320x240,30,0,49.1,55.8,45.6,51.5,45.0,3057.1,57.45,1800.0,throttled=0x0,0.0,0.95,0,910
2026-07-07 14:24:34,test,1,320x240,30,0,36.6,34.7,34.7,31.3,45.0,3057.3,57.94,1800.0,throttled=0x0,0.0,0.97,0,910
2026-07-07 14:24:35,test,1,320x240,30,0,45.2,50.5,39.8,46.0,44.6,3056.8,58.43,1800.0,throttled=0x0,0.0,0.95,0,910
2026-07-07 14:24:36,test,1,320x240,30,0,57.8,58.8,56.9,59.2,57.1,3058.0,57.45,1800.0,throttled=0x0,0.0,0.95,0,913
2026-07-07 14:24:37,test,1,320x240,30,0,38.7,40.8,34.0,36.3,43.0,3058.0,57.94,1800.0,throttled=0x0,0.0,0.97,0,910
2026-07-07 14:24:38,test,1,320x240,30,0,34.7,36.3,34.0,36.6,31.3,3060.7,58.43,1800.0,throttled=0x0,0.0,0.97,0,911
2026-07-07 14:24:39,test,1,320x240,30,0,50.6,53.5,47.6,50.5,51.4,3069.7,59.4,1800.0,throttled=0x0,0.5,0.93,0,911
2026-07-07 14:24:58,test,1,320x240,30,0,50.1,62.5,60.2,37.9,38.8,3081.9,57.45,1800.0,throttled=0x0,0.0,0.0,0,918
2026-07-07 14:24:59,test,1,320x240,30,0,42.3,44.1,37.3,40.6,47.1,3086.8,58.43,1800.0,throttled=0x0,0.0,1.83,0,916
2026-07-07 14:25:00,test,1,320x240,30,0,25.2,30.0,25.5,25.2,19.4,3089.0,57.45,1800.0,throttled=0x0,0.0,0.97,0,915
2026-07-07 14:25:01,test,1,320x240,30,0,22.5,20.0,23.3,25.2,23.0,3094.0,58.43,1800.0,throttled=0x0,0.0,0.97,0,914
2026-07-07 14:25:02,test,1,320x240,30,0,24.7,26.5,25.3,26.0,19.4,3096.4,57.45,1800.0,throttled=0x0,0.0,0.97,0,917
2026-07-07 14:25:03,test,1,320x240,30,0,30.9,33.3,29.3,32.3,29.7,3096.4,57.45,1800.0,throttled=0x0,0.2,0.97,0,917
2026-07-07 14:25:04,test,1,320x240,30,0,21.7,23.5,20.0,22.2,20.2,3095.0,57.94,1800.0,throttled=0x0,0.0,0.97,0,914
2026-07-07 14:25:05,test,1,320x240,30,0,21.1,24.0,21.6,23.0,16.3,3091.6,57.45,1800.0,throttled=0x0,0.0,0.98,0,914
2026-07-07 14:25:06,test,1,320x240,30,0,30.2,31.3,31.0,32.0,26.7,3089.9,57.94,1800.0,throttled=0x0,0.0,0.97,0,915
2026-07-07 14:25:07,test,1,320x240,30,0,36.9,34.7,39.6,38.6,35.0,3085.4,57.45,1800.0,throttled=0x0,0.0,0.98,0,918
2026-07-07 14:25:08,test,1,320x240,30,0,21.5,26.0,18.4,21.6,22.3,3085.8,57.94,1800.0,throttled=0x0,0.0,0.95,0,915
2026-07-07 14:25:09,test,1,320x240,30,0,4.8,2.1,5.0,4.0,6.9,3083.9,55.99,1800.0,throttled=0x0,0.3,0.98,0,915
2026-07-07 14:25:10,test,1,320x240,30,0,4.0,2.0,4.0,4.0,3.0,3082.1,55.99,1800.0,throttled=0x0,0.0,0.98,0,915
2026-07-07 14:25:11,test,1,320x240,30,0,30.3,28.0,29.4,32.7,32.0,3070.3,56.48,1800.0,throttled=0x0,0.0,0.98,0,914
2026-07-07 14:25:12,test,1,320x240,30,0,7.1,6.9,6.9,6.9,7.7,3068.8,56.48,800.0,throttled=0x0,0.0,0.98,0,917
2026-07-07 14:25:13,test,1,320x240,30,0,10.0,9.9,11.7,9.6,8.7,3067.2,55.5,800.0,throttled=0x0,0.0,0.96,0,913
2026-07-07 14:25:14,test,1,320x240,30,0,9.5,7.1,12.3,8.8,8.7,3066.1,56.48,700.0,throttled=0x0,0.0,0.96,0,911
2026-07-07 14:25:15,test,1,320x240,30,0,46.3,48.0,42.2,46.7,50.0,3073.5,57.94,1800.0,throttled=0x0,0.5,0.94,0,911
2026-07-07 14:25:16,test,1,320x240,30,0,25.8,27.2,25.5,23.3,26.4,3064.3,56.97,1800.0,throttled=0x0,0.0,0.96,0,911
2026-07-07 14:25:17,test,1,320x240,30,0,36.5,40.0,34.7,36.0,35.3,3062.6,56.97,1800.0,throttled=0x0,0.0,0.97,0,912
2026-07-07 14:25:18,test,1,320x240,30,0,25.7,31.0,28.3,21.0,20.6,3061.7,56.48,1800.0,throttled=0x0,0.0,0.97,0,909
2026-07-07 14:25:20,test,1,320x240,30,0,30.3,33.0,32.1,26.9,32.7,3060.8,55.99,1100.0,throttled=0x0,0.0,0.97,0,909
2026-07-07 14:25:21,test,1,320x240,30,0,33.0,39.7,32.7,28.3,28.4,3060.6,56.48,1800.0,throttled=0x0,0.0,0.93,0,909
2026-07-07 14:25:22,test,1,320x240,30,0,29.1,42.2,23.3,24.2,24.0,3060.3,56.48,1800.0,throttled=0x0,0.0,0.97,0,910
2026-07-07 14:25:23,test,1,320x240,30,0,25.6,26.5,21.2,27.3,27.1,3061.1,56.48,1800.0,throttled=0x0,0.0,0.97,0,913
2026-07-07 14:25:24,test,1,320x240,30,0,24.2,23.2,22.8,26.5,24.0,3059.4,55.99,1800.0,throttled=0x0,0.0,0.97,0,910
2026-07-07 14:25:25,test,1,320x240,30,0,23.7,24.0,24.0,23.2,24.5,3059.6,56.48,1800.0,throttled=0x0,0.0,0.97,0,910
2026-07-07 14:25:26,test,1,320x240,30,0,26.1,24.5,26.5,24.0,28.4,3058.9,55.99,1800.0,throttled=0x0,0.3,0.97,0,909
2026-07-07 14:25:27,test,1,320x240,30,0,19.8,22.1,17.3,22.5,20.0,3059.3,56.97,1800.0,throttled=0x0,0.0,0.97,0,908
2026-07-07 14:25:28,test,1,320x240,30,0,23.1,22.7,25.5,22.5,20.6,3060.1,56.48,1800.0,throttled=0x0,0.0,0.97,0,911
2026-07-07 14:25:29,test,1,320x240,30,0,21.4,24.3,20.0,19.0,21.6,3053.9,56.48,1800.0,throttled=0x0,0.0,0.97,0,904
2026-07-07 14:25:30,test,1,320x240,30,0,37.6,32.7,27.7,47.0,42.2,3025.4,57.45,1800.0,throttled=0x0,0.0,0.97,0,874
2026-07-07 14:25:31,test,1,320x240,30,0,41.8,52.8,31.8,38.7,43.7,3149.0,56.48,1800.0,throttled=0x0,0.0,0.95,0,883
2026-07-07 14:25:32,test,1,320x240,30,0,32.4,39.8,35.9,28.8,23.0,3149.5,56.97,1800.0,throttled=0x0,0.0,0.96,0,884
2026-07-07 14:25:33,test,1,320x240,30,0,43.0,49.6,30.8,59.2,32.4,3151.7,57.45,1800.0,throttled=0x0,0.0,0.96,0,889
2026-07-07 14:25:34,test,1,320x240,30,0,45.6,43.2,43.7,58.3,36.5,3168.6,57.45,1800.0,throttled=0x0,0.0,0.97,0,885
2026-07-07 14:25:35,test,1,320x240,30,0,53.7,71.8,37.1,64.4,41.2,3169.3,57.45,1800.0,throttled=0x0,0.0,0.97,0,885
2026-07-07 14:25:36,test,1,320x240,30,0,56.6,52.0,54.4,67.0,54.4,3169.3,58.91,1800.0,throttled=0x0,0.0,0.95,0,885
2026-07-07 14:25:37,test,1,320x240,30,0,59.4,51.0,70.5,45.7,68.6,3169.6,59.4,1800.0,throttled=0x0,0.0,0.94,0,888
2026-07-07 14:25:38,test,1,320x240,30,0,57.8,71.2,46.7,62.5,51.5,3167.8,59.4,1800.0,throttled=0x0,0.2,0.94,0,884
2026-07-07 14:25:39,test,1,320x240,30,0,56.1,72.5,41.2,43.7,68.0,3168.1,59.89,1800.0,throttled=0x0,0.0,0.95,0,884
2026-07-07 14:25:40,test,1,320x240,30,0,56.3,68.7,49.5,47.6,60.0,3167.7,59.89,1800.0,throttled=0x0,0.0,0.96,0,884
2026-07-07 14:25:41,test,1,320x240,30,0,55.7,59.6,48.1,60.6,53.9,3167.9,59.89,1800.0,throttled=0x0,0.0,0.96,0,885
2026-07-07 14:25:42,test,1,320x240,30,0,58.7,57.6,56.9,65.7,54.9,3171.1,58.43,1800.0,throttled=0x0,0.0,0.97,0,892
2026-07-07 14:25:43,test,1,320x240,30,0,64.3,74.3,59.4,58.2,64.7,3171.6,59.89,1800.0,throttled=0x0,0.0,0.95,0,912
2026-07-07 14:25:45,test,1,320x240,30,0,58.4,51.9,62.5,52.4,67.3,3172.7,60.37,1800.0,throttled=0x0,0.0,0.94,0,912
2026-07-07 14:25:46,test,1,320x240,30,0,56.7,51.0,44.8,67.6,63.4,3172.1,61.35,1800.0,throttled=0x0,0.0,0.96,0,912
2026-07-07 14:25:47,test,1,320x240,30,0,56.8,63.1,49.5,50.0,64.5,3170.6,61.35,1800.0,throttled=0x0,0.0,0.94,0,912
2026-07-07 14:25:48,test,1,320x240,30,0,62.5,71.4,58.7,63.8,56.4,3171.4,60.37,1800.0,throttled=0x0,0.0,0.95,0,915
2026-07-07 14:25:49,test,1,320x240,30,0,57.7,46.1,46.7,68.2,68.2,3171.8,61.35,1800.0,throttled=0x0,0.0,0.93,0,912
2026-07-07 14:25:50,test,1,320x240,30,0,59.7,66.0,48.1,67.0,57.3,3172.1,61.35,1800.0,throttled=0x0,0.0,0.94,0,914
2026-07-07 14:25:51,test,1,320x240,30,0,54.0,42.3,48.0,64.1,60.4,3172.0,60.37,1800.0,throttled=0x0,0.0,0.97,0,914
2026-07-07 14:25:52,test,1,320x240,30,0,55.8,68.9,53.8,50.5,51.0,3172.0,60.86,1800.0,throttled=0x0,0.0,0.95,0,914
2026-07-07 14:25:53,test,1,320x240,30,0,60.7,72.1,70.3,55.3,44.4,3173.5,60.37,1800.0,throttled=0x0,0.0,0.95,0,917
2026-07-07 14:25:54,test,1,320x240,30,0,54.1,62.4,61.2,48.5,44.6,3172.7,61.35,1800.0,throttled=0x0,0.0,0.96,0,914
2026-07-07 14:25:55,test,1,320x240,30,0,59.4,72.5,59.8,48.5,56.3,3172.5,61.84,1800.0,throttled=0x0,0.2,0.96,0,914
2026-07-07 14:25:56,test,1,320x240,30,0,51.5,61.4,55.9,47.1,41.0,3172.6,60.37,1800.0,throttled=0x0,0.0,0.97,0,914
2026-07-07 14:25:57,test,1,320x240,30,0,56.9,62.0,49.1,72.8,43.9,3173.0,61.84,1800.0,throttled=0x0,0.0,0.95,0,917
2026-07-07 14:25:58,test,1,320x240,30,0,56.8,72.5,46.6,65.4,42.3,3173.7,61.35,1800.0,throttled=0x0,0.0,0.95,0,913
2026-07-07 14:25:59,test,1,320x240,30,0,75.5,68.9,75.7,78.8,79.2,3164.9,63.3,1800.0,throttled=0x0,0.0,0.96,0,909
2026-07-07 14:26:00,test,1,320x240,30,0,74.5,71.1,65.7,83.8,76.7,3156.0,62.81,1800.0,throttled=0x0,0.0,0.93,0,909
2026-07-07 14:26:01,test,1,320x240,30,0,57.7,61.3,49.5,54.0,65.7,3157.2,62.81,1800.0,throttled=0x0,0.0,0.96,0,909
2026-07-07 14:26:02,test,1,320x240,30,0,29.7,34.6,15.0,15.8,51.5,3158.6,59.89,1800.0,throttled=0x0,0.0,0.98,0,912
2026-07-07 14:26:03,test,1,320x240,30,0,35.2,29.6,28.2,35.0,49.0,3157.4,61.35,1800.0,throttled=0x0,0.0,0.98,0,909
2026-07-07 14:26:04,test,1,320x240,30,0,20.3,52.5,9.8,6.0,13.7,3157.3,59.4,1800.0,throttled=0x0,0.0,0.98,0,909
2026-07-07 14:26:05,test,1,320x240,30,0,61.0,63.1,64.3,61.6,55.1,3159.1,62.32,1800.0,throttled=0x0,0.0,0.97,0,909
2026-07-07 14:26:06,test,1,320x240,30,0,44.2,34.7,63.8,42.3,34.9,3159.9,62.32,1800.0,throttled=0x0,0.0,0.96,0,908
2026-07-07 14:26:08,test,1,320x240,30,0,42.3,37.9,63.4,35.3,32.4,3162.3,60.86,1800.0,throttled=0x0,0.0,0.97,0,911
2026-07-07 14:26:09,test,1,320x240,30,0,44.2,38.2,65.4,38.1,35.0,3162.5,61.35,1800.0,throttled=0x0,0.0,0.95,0,908
2026-07-07 14:26:10,test,1,320x240,30,0,72.0,70.3,69.6,77.7,69.6,3159.7,61.84,1800.0,throttled=0x0,0.0,0.96,0,910
2026-07-07 14:26:11,test,1,320x240,30,0,89.0,89.1,87.4,93.0,88.0,3153.3,62.81,1800.0,throttled=0x0,0.0,0.96,0,910
2026-07-07 14:26:13,test,1,1920x1080,30,0,65.7,67.0,61.1,58.5,75.2,3149.0,63.3,1800.0,throttled=0x0,0.0,0.0,0,886
2026-07-07 14:26:15,test,1,1920x1080,30,0,50.8,48.6,49.6,44.6,60.9,3171.4,62.81,1800.0,throttled=0x0,0.0,1.66,0,886
2026-07-07 14:26:16,test,1,1920x1080,30,0,62.6,63.4,59.0,69.3,58.7,3179.2,62.32,1800.0,throttled=0x0,0.0,0.93,0,886
2026-07-07 14:26:17,test,1,1920x1080,30,0,53.0,43.3,53.3,65.1,50.5,3184.1,62.81,1800.0,throttled=0x0,0.0,0.94,0,886
2026-07-07 14:26:18,test,1,1920x1080,30,0,45.6,56.3,37.1,38.5,49.5,3188.6,62.32,1800.0,throttled=0x0,0.0,0.94,0,888
2026-07-07 14:26:19,test,1,1920x1080,30,0,43.0,37.6,32.7,61.3,40.4,3189.1,62.81,1800.0,throttled=0x0,0.0,0.94,0,885
2026-07-07 14:26:20,test,1,1920x1080,30,0,43.0,36.3,41.0,43.1,50.5,3186.4,62.81,1800.0,throttled=0x0,0.0,0.94,0,885
2026-07-07 14:26:21,test,1,1920x1080,30,0,42.4,35.6,41.1,33.7,59.6,3184.7,61.35,1800.0,throttled=0x0,0.0,0.96,0,884
2026-07-07 14:26:22,test,1,1920x1080,30,0,59.5,55.9,69.0,51.5,61.0,3183.1,61.84,1800.0,throttled=0x0,0.0,0.96,0,884
2026-07-07 14:26:23,test,1,1920x1080,30,0,54.9,51.5,49.0,64.0,54.0,3182.6,62.81,1800.0,throttled=0x0,0.0,0.95,0,887
2026-07-07 14:26:24,test,1,1920x1080,30,0,62.1,54.7,72.0,66.7,55.1,3180.9,62.81,1800.0,throttled=0x0,0.0,0.91,0,884
2026-07-07 14:26:25,test,1,1920x1080,30,0,78.1,85.4,82.1,72.4,73.1,3185.8,63.78,1800.0,throttled=0x0,0.0,0.92,0,884
2026-07-07 14:26:26,test,1,1920x1080,30,0,39.0,57.1,28.4,38.7,31.5,3183.9,62.32,1800.0,throttled=0x0,0.0,0.92,0,887
2026-07-07 14:26:27,test,1,1920x1080,30,0,42.2,35.9,52.8,46.2,32.0,3185.8,61.84,1800.0,throttled=0x0,0.0,0.96,0,890
2026-07-07 14:26:28,test,1,1920x1080,30,0,32.6,25.5,21.2,49.5,35.3,3186.9,62.81,1800.0,throttled=0x0,0.2,0.96,0,888
2026-07-07 14:26:29,test,1,1920x1080,30,0,50.0,46.7,67.9,44.8,39.2,3186.7,61.84,1800.0,throttled=0x0,0.0,0.92,0,890
2026-07-07 14:26:30,test,1,1920x1080,30,0,55.8,57.3,48.1,60.6,57.8,3186.5,62.32,1800.0,throttled=0x0,0.0,0.95,0,890
2026-07-07 14:26:32,test,1,1920x1080,30,0,56.5,55.4,47.1,52.4,71.6,3184.1,62.32,1800.0,throttled=0x0,0.0,0.95,0,890
2026-07-07 14:26:33,test,1,1920x1080,30,0,51.1,46.6,44.8,48.1,63.5,3185.1,61.84,1800.0,throttled=0x0,0.0,0.95,0,892
2026-07-07 14:26:34,test,1,1920x1080,30,0,52.5,52.0,50.0,53.0,54.9,3185.5,62.32,1800.0,throttled=0x0,0.0,0.96,0,889
2026-07-07 14:26:35,test,1,1920x1080,30,0,67.8,65.0,73.6,70.5,62.1,3183.7,62.32,1800.0,throttled=0x0,0.0,0.91,0,889
2026-07-07 14:26:36,test,1,1920x1080,30,0,53.6,66.3,58.8,45.7,44.3,3185.3,63.3,1800.0,throttled=0x0,0.0,0.93,0,889
2026-07-07 14:26:37,test,1,1920x1080,30,0,70.1,79.4,76.9,59.8,63.6,3185.3,63.3,1800.0,throttled=0x0,0.0,0.91,0,889
2026-07-07 14:26:38,test,1,1920x1080,30,0,78.6,81.1,79.1,74.8,79.8,3178.7,64.27,1800.0,throttled=0x0,0.0,0.9,0,892
2026-07-07 14:26:39,test,1,1920x1080,30,0,54.2,58.8,52.9,42.6,61.3,3175.5,62.81,1800.0,throttled=0x0,0.0,0.93,0,888
2026-07-07 14:26:40,test,1,1920x1080,30,0,45.8,57.3,58.5,32.0,35.2,3174.3,64.27,1800.0,throttled=0x0,0.0,0.95,0,888
2026-07-07 14:26:41,test,1,1920x1080,30,0,47.4,60.0,38.7,38.7,52.8,3176.1,62.81,1800.0,throttled=0x0,0.0,0.92,0,889
2026-07-07 14:26:42,test,1,1920x1080,30,0,47.3,41.6,59.0,43.6,44.9,3175.6,62.32,1800.0,throttled=0x0,0.0,0.95,0,893
2026-07-07 14:26:43,test,1,1920x1080,30,0,43.9,45.2,35.6,36.2,57.7,3175.8,62.81,1800.0,throttled=0x0,0.0,0.94,0,890
2026-07-07 14:26:44,test,1,1920x1080,30,0,46.1,53.5,58.7,36.5,36.2,3176.4,61.84,1800.0,throttled=0x0,0.0,0.93,0,890
2026-07-07 14:26:45,test,1,1920x1080,30,0,46.3,56.3,35.0,40.4,54.6,3178.9,62.81,1800.0,throttled=0x0,0.2,0.94,0,890
2026-07-07 14:26:47,test,1,1920x1080,30,0,44.1,44.2,38.1,58.1,35.6,3178.7,61.84,1800.0,throttled=0x0,0.0,0.95,0,890
2026-07-07 14:26:48,test,1,1920x1080,30,0,43.4,41.6,59.0,37.7,34.3,3177.7,62.32,1800.0,throttled=0x0,0.0,0.95,0,893
2026-07-07 14:26:49,test,1,1920x1080,30,0,41.4,50.5,30.2,49.1,35.2,3177.9,62.81,1800.0,throttled=0x0,0.0,0.94,0,890
2026-07-07 14:26:50,test,1,1920x1080,30,0,37.8,35.0,25.7,62.4,28.7,3178.4,62.81,1800.0,throttled=0x0,0.0,0.94,0,891
2026-07-07 14:26:51,test,1,1920x1080,30,0,45.0,40.2,40.6,63.3,34.6,3178.4,62.32,1800.0,throttled=0x0,0.2,0.91,0,892
2026-07-07 14:26:52,test,1,1920x1080,30,0,42.7,36.0,62.9,38.0,33.0,3178.1,62.81,1800.0,throttled=0x0,0.0,0.94,0,889
2026-07-07 14:26:53,test,1,1920x1080,30,0,45.8,47.2,37.7,34.3,66.0,3177.5,62.81,1800.0,throttled=0x0,0.0,0.94,0,893
2026-07-07 14:26:54,test,1,1920x1080,30,0,41.8,38.8,49.5,46.5,32.4,3177.5,63.3,1800.0,throttled=0x0,0.0,0.94,0,893
2026-07-07 14:26:55,test,1,1920x1080,30,0,42.8,36.4,64.2,35.6,35.2,3177.7,63.3,1800.0,throttled=0x0,0.0,0.95,0,893
2026-07-07 14:26:56,test,1,1920x1080,30,0,44.4,45.2,51.0,37.3,41.7,3178.8,61.84,1800.0,throttled=0x0,0.0,0.93,0,893
2026-07-07 14:26:57,test,1,1920x1080,30,0,52.6,54.2,42.3,46.2,68.9,3180.4,63.78,1800.0,throttled=0x0,0.0,0.94,0,896
2026-07-07 14:26:58,test,1,1920x1080,30,0,57.1,58.9,63.2,55.2,51.0,3179.9,62.32,1800.0,throttled=0x0,0.0,0.93,0,891
2026-07-07 14:26:59,test,1,1920x1080,30,0,65.3,75.2,71.2,55.8,57.4,3180.6,63.78,1800.0,throttled=0x0,0.0,0.94,0,890
2026-07-07 14:27:00,test,1,1920x1080,30,0,67.7,72.0,59.1,75.5,62.8,3180.3,63.78,1800.0,throttled=0x0,0.0,0.9,0,888
2026-07-07 14:27:02,test,1,1920x1080,30,0,41.2,35.6,31.4,38.5,60.0,3180.1,63.78,1800.0,throttled=0x0,0.0,0.94,0,888
2026-07-07 14:27:03,test,1,1920x1080,30,0,46.9,47.6,56.9,43.0,40.6,3182.2,62.32,1800.0,throttled=0x0,4.6,0.95,0,892
2026-07-07 14:27:04,test,1,1920x1080,30,0,43.9,62.4,35.3,38.8,39.0,3181.7,62.81,1800.0,throttled=0x0,0.0,0.94,0,889
2026-07-07 14:27:05,test,1,1920x1080,30,0,43.1,47.1,35.3,49.0,42.9,3181.6,62.32,1800.0,throttled=0x0,0.0,0.95,0,889
2026-07-07 14:27:06,test,1,1920x1080,30,0,42.1,32.3,51.0,35.3,48.5,3181.9,62.81,1800.0,throttled=0x0,0.2,0.95,0,889
2026-07-07 14:27:07,test,1,1920x1080,30,0,44.1,53.4,35.0,42.1,45.5,3182.2,62.32,1800.0,throttled=0x0,0.0,0.94,0,889
2026-07-07 14:27:08,test,1,1920x1080,30,0,47.3,52.9,57.4,35.8,44.0,3182.6,63.78,1800.0,throttled=0x0,0.0,0.93,0,892
2026-07-07 14:27:09,test,1,1920x1080,30,0,42.3,37.3,33.3,60.2,37.5,3182.3,62.81,1800.0,throttled=0x0,0.0,0.93,0,888
2026-07-07 14:27:10,test,1,1920x1080,30,0,46.0,41.0,46.7,49.5,48.1,3183.2,62.81,1800.0,throttled=0x0,0.0,0.94,0,887
2026-07-07 14:27:11,test,1,1920x1080,30,0,44.3,39.8,58.5,39.0,38.5,3183.9,61.84,1800.0,throttled=0x0,0.0,0.94,0,886
2026-07-07 14:27:12,test,1,1920x1080,30,0,48.4,55.3,39.4,42.5,56.7,3185.2,63.78,1800.0,throttled=0x0,0.2,0.91,0,891
2026-07-07 14:27:13,test,1,1920x1080,30,0,59.3,61.6,54.0,67.0,55.1,3196.4,62.32,1800.0,throttled=0x0,2.0,0.86,0,912
2026-07-07 14:27:14,test,1,1920x1080,30,0,49.8,49.0,41.1,45.9,62.0,3196.9,61.84,1800.0,throttled=0x0,0.0,0.92,0,919
2026-07-07 14:27:15,test,1,1920x1080,30,0,47.0,65.0,40.6,45.8,39.0,3197.7,62.32,1800.0,throttled=0x0,0.0,0.94,0,919
2026-07-07 14:27:17,test,1,1920x1080,30,0,41.8,55.4,32.7,47.1,32.7,3198.0,62.81,1800.0,throttled=0x0,0.0,0.94,0,918
2026-07-07 14:27:18,test,1,1920x1080,30,0,45.1,39.8,38.5,64.8,36.2,3199.7,63.78,1800.0,throttled=0x0,0.0,0.94,0,919
2026-07-07 14:27:19,test,1,1920x1080,30,0,41.0,33.7,32.4,48.6,48.6,3199.4,63.3,1800.0,throttled=0x0,4.6,0.93,0,916
2026-07-07 14:27:20,test,1,1920x1080,30,0,39.8,30.3,61.9,34.0,31.1,3199.6,62.32,1800.0,throttled=0x0,0.0,0.94,0,917
2026-07-07 14:27:21,test,1,1920x1080,30,0,42.3,46.6,35.0,51.0,35.6,3200.2,63.78,1800.0,throttled=0x0,0.0,0.94,0,916
2026-07-07 14:27:22,test,1,1920x1080,30,0,44.4,39.2,41.3,59.0,38.3,3199.0,60.86,1800.0,throttled=0x0,0.0,0.95,0,913
2026-07-07 14:27:23,test,1,1920x1080,30,0,45.7,37.0,33.3,59.8,51.9,3199.3,62.81,1800.0,throttled=0x0,0.0,0.94,0,913
2026-07-07 14:27:24,test,1,1920x1080,30,0,44.5,43.3,47.2,54.4,33.0,3198.9,62.81,1800.0,throttled=0x0,0.0,0.93,0,910
2026-07-07 14:27:25,test,1,1920x1080,30,0,46.5,46.7,35.3,51.9,50.0,3198.9,62.81,1800.0,throttled=0x0,0.0,0.94,0,910
2026-07-07 14:27:26,test,1,1920x1080,30,0,54.9,67.0,46.2,59.8,48.5,3198.6,63.3,1800.0,throttled=0x0,0.0,0.94,0,910
2026-07-07 14:27:27,test,1,1920x1080,30,0,57.9,69.1,57.5,50.0,53.4,3200.3,63.3,1800.0,throttled=0x0,0.0,0.93,0,913
2026-07-07 14:27:28,test,1,1920x1080,30,0,45.9,52.2,32.4,39.4,58.5,3200.3,64.27,1800.0,throttled=0x0,0.0,0.94,0,911
2026-07-07 14:27:29,test,1,1920x1080,30,0,52.3,57.4,45.7,46.1,58.8,3199.2,62.81,1800.0,throttled=0x0,0.2,0.93,0,914
2026-07-07 14:27:30,test,1,1920x1080,30,0,51.2,64.2,42.9,56.0,41.5,3198.3,62.81,1800.0,throttled=0x0,0.0,0.92,0,914
2026-07-07 14:27:31,test,1,1920x1080,30,0,44.7,40.8,38.8,41.2,57.5,3198.6,62.81,1800.0,throttled=0x0,0.0,0.96,0,913
2026-07-07 14:27:33,test,1,1920x1080,30,0,44.2,51.9,38.1,51.5,36.1,3200.3,63.3,1800.0,throttled=0x0,0.0,0.93,0,916
2026-07-07 14:27:34,test,1,1920x1080,30,0,56.3,59.8,50.5,47.1,67.0,3201.2,63.78,1800.0,throttled=0x0,0.0,0.93,0,913
2026-07-07 14:27:35,test,1,1920x1080,30,0,55.1,64.4,45.4,48.6,62.3,3200.7,63.78,1800.0,throttled=0x0,0.0,0.94,0,913
2026-07-07 14:27:36,test,1,1920x1080,30,0,55.2,57.8,61.0,51.9,50.0,3201.7,63.3,1800.0,throttled=0x0,0.0,0.93,0,913
2026-07-07 14:27:37,test,1,1920x1080,30,0,55.3,62.0,54.7,63.0,42.3,3201.9,63.78,1800.0,throttled=0x0,0.0,0.91,0,913
2026-07-07 14:27:38,test,1,1920x1080,30,0,58.5,67.9,64.8,53.8,48.1,3202.1,63.3,1800.0,throttled=0x0,0.0,0.92,0,916
2026-07-07 14:27:39,test,1,1920x1080,30,0,59.9,58.5,65.4,58.3,55.7,3202.0,62.81,1800.0,throttled=0x0,0.0,0.91,0,913
2026-07-07 14:27:40,test,1,1920x1080,30,0,58.9,59.6,48.6,72.9,55.0,3202.2,62.81,1800.0,throttled=0x0,0.2,0.91,0,912
2026-07-07 14:27:41,test,1,1920x1080,30,0,55.1,61.2,46.7,48.1,65.1,3201.7,64.27,1800.0,throttled=0x0,0.0,0.93,0,913
2026-07-07 14:27:42,test,1,1920x1080,30,0,54.7,47.0,55.8,61.0,54.7,3203.5,64.76,1800.0,throttled=0x0,0.0,0.92,0,914
2026-07-07 14:27:43,test,1,1920x1080,30,0,63.3,58.3,59.3,67.0,69.1,3191.2,64.27,1800.0,throttled=0x0,0.2,0.91,0,888
2026-07-07 14:27:44,test,1,1920x1080,30,0,51.3,53.9,41.7,64.8,43.1,3191.3,63.78,1800.0,throttled=0x0,0.0,0.93,0,888
2026-07-07 14:27:46,test,1,1920x1080,30,0,54.6,53.4,57.9,65.7,42.6,3191.3,63.3,1800.0,throttled=0x0,0.0,0.92,0,888
2026-07-07 14:27:47,test,1,1920x1080,30,0,57.2,63.6,62.6,46.5,55.0,3190.4,63.3,1800.0,throttled=0x0,0.0,0.89,0,887
2026-07-07 14:27:48,test,1,1920x1080,30,0,62.9,70.3,72.2,53.7,56.2,3191.0,64.27,1800.0,throttled=0x0,0.5,0.92,0,892
2026-07-07 14:27:49,test,1,1920x1080,30,0,58.8,74.5,58.1,53.3,48.6,3190.5,64.27,1800.0,throttled=0x0,0.0,0.92,0,889
2026-07-07 14:27:50,test,1,1920x1080,30,0,50.4,50.0,45.7,63.1,43.8,3190.2,65.24,1800.0,throttled=0x0,0.0,0.94,0,890
2026-07-07 14:27:51,test,1,1920x1080,30,0,44.9,68.6,33.0,42.5,36.5,3190.2,63.78,1800.0,throttled=0x0,0.0,0.94,0,890
2026-07-07 14:27:52,test,1,1920x1080,30,0,53.0,45.3,61.5,50.0,54.8,3190.9,64.27,1800.0,throttled=0x0,0.0,0.93,0,890
2026-07-07 14:27:53,test,1,1920x1080,30,0,53.1,54.7,64.4,46.7,46.7,3191.3,63.78,1800.0,throttled=0x0,0.0,0.92,0,891
2026-07-07 14:27:54,test,1,1920x1080,30,0,55.3,52.7,60.0,53.2,56.3,3191.7,64.76,1800.0,throttled=0x0,0.2,0.9,0,891
2026-07-07 14:27:55,test,1,1920x1080,30,0,46.4,46.2,38.1,43.4,57.0,3191.5,63.78,1800.0,throttled=0x0,0.0,0.92,0,891
2026-07-07 14:27:56,test,1,1920x1080,30,0,69.8,75.7,66.7,65.0,71.4,3180.3,64.27,1800.0,throttled=0x0,0.0,0.92,0,891
2026-07-07 14:27:58,test,1,1920x1080,30,0,47.7,56.8,46.2,38.3,49.1,3181.3,64.27,1800.0,throttled=0x0,0.0,0.93,0,894
2026-07-07 14:27:59,test,1,1920x1080,30,0,45.2,47.5,52.9,41.3,38.3,3180.3,64.27,1800.0,throttled=0x0,0.0,0.93,0,890
2026-07-07 14:28:00,test,1,1920x1080,30,0,45.9,71.6,36.1,38.8,37.1,3179.6,64.76,1800.0,throttled=0x0,0.0,0.93,0,887
2026-07-07 14:28:01,test,1,1920x1080,30,0,45.4,43.8,35.2,64.8,38.5,3180.5,63.3,1800.0,throttled=0x0,0.0,0.94,0,886
2026-07-07 14:28:02,test,1,1920x1080,30,0,41.9,59.8,32.4,38.8,36.5,3180.3,64.76,1800.0,throttled=0x0,0.0,0.95,0,887
2026-07-07 14:28:03,test,1,1920x1080,30,0,42.8,38.8,37.5,34.6,59.8,3182.7,63.78,1800.0,throttled=0x0,0.0,0.93,0,890
2026-07-07 14:28:04,test,1,1920x1080,30,0,43.5,38.0,48.6,45.7,42.3,3182.5,63.78,1800.0,throttled=0x0,0.0,0.95,0,887
2026-07-07 14:28:05,test,1,1920x1080,30,0,39.4,50.5,43.3,28.8,35.6,3181.8,64.27,1800.0,throttled=0x0,0.2,0.93,0,887
2026-07-07 14:28:06,test,1,1920x1080,30,0,40.1,31.7,51.0,42.6,34.3,3181.6,63.3,1800.0,throttled=0x0,0.0,0.95,0,887
2026-07-07 14:28:07,test,1,1920x1080,30,0,45.4,43.3,54.8,36.5,48.5,3183.6,63.3,1800.0,throttled=0x0,0.5,0.92,0,890
2026-07-07 14:28:08,test,1,1920x1080,30,0,41.0,37.3,36.4,29.4,61.0,3182.8,63.3,1800.0,throttled=0x0,0.0,0.94,0,887
2026-07-07 14:28:09,test,1,1920x1080,30,0,39.9,34.3,32.4,54.9,35.8,3182.2,63.78,1800.0,throttled=0x0,0.0,0.95,0,887
2026-07-07 14:28:10,test,1,1920x1080,30,0,39.1,32.7,33.0,50.0,40.2,3181.8,63.3,1800.0,throttled=0x0,0.0,0.95,0,887
2026-07-07 14:28:11,test,1,1920x1080,30,0,40.0,29.9,32.1,53.4,45.7,3181.8,62.81,1800.0,throttled=0x0,0.0,0.94,0,886
2026-07-07 14:28:12,test,1,1920x1080,30,0,40.6,60.0,37.5,31.1,33.0,3179.2,63.3,1800.0,throttled=0x0,0.0,0.93,0,885
2026-07-07 14:28:13,test,1,1920x1080,30,0,34.6,34.3,25.0,25.2,55.0,3179.8,62.32,1800.0,throttled=0x0,0.0,0.95,0,883
2026-07-07 14:28:15,test,1,1920x1080,30,0,33.8,39.6,43.3,22.3,27.7,3179.3,62.32,1800.0,throttled=0x0,0.0,0.94,0,883
2026-07-07 14:28:16,test,1,1920x1080,30,0,35.7,30.8,43.6,44.3,25.0,3179.3,62.32,1100.0,throttled=0x0,0.0,0.93,0,883
2026-07-07 14:28:17,test,1,1920x1080,30,0,35.4,26.2,28.0,41.5,46.2,3179.3,62.32,1800.0,throttled=0x0,0.0,0.94,0,883
2026-07-07 14:28:18,test,1,1920x1080,30,0,36.3,39.8,24.0,28.6,52.0,3179.8,63.78,1800.0,throttled=0x0,0.0,0.95,0,885
2026-07-07 14:28:19,test,1,1920x1080,30,0,35.7,28.0,25.7,61.5,26.9,3179.9,62.32,1800.0,throttled=0x0,0.0,0.94,0,882
2026-07-07 14:28:20,test,1,1920x1080,30,0,33.4,27.7,22.3,25.5,59.2,3180.0,63.78,1800.0,throttled=0x0,0.0,0.94,0,882
2026-07-07 14:28:21,test,1,1920x1080,30,0,35.5,33.3,31.4,29.7,47.6,3180.0,63.3,1800.0,throttled=0x0,0.0,0.94,0,882
2026-07-07 14:28:22,test,1,1920x1080,30,0,34.1,31.0,53.3,27.2,22.8,3179.5,62.32,1800.0,throttled=0x0,0.0,0.95,0,882
2026-07-07 14:28:23,test,1,1920x1080,30,0,38.3,29.1,30.4,63.6,28.4,3179.5,63.3,1800.0,throttled=0x0,0.0,0.93,0,884
2026-07-07 14:28:24,test,1,1920x1080,30,0,48.9,45.7,45.6,63.1,42.2,3179.0,62.81,1800.0,throttled=0x0,0.0,0.94,0,881
2026-07-07 14:28:25,test,1,1920x1080,30,0,58.6,60.4,52.5,58.5,62.1,3179.5,63.3,1800.0,throttled=0x0,0.0,0.95,0,881
2026-07-07 14:28:26,test,1,1920x1080,30,0,72.3,69.7,74.5,70.6,74.5,3182.1,64.27,1800.0,throttled=0x0,0.0,0.94,0,881
2026-07-07 14:28:27,test,1,1920x1080,30,0,73.7,75.4,70.9,76.9,69.8,3190.3,63.3,1800.0,throttled=0x0,0.2,0.91,0,889
2026-07-07 14:28:28,test,1,1920x1080,30,0,89.7,89.7,86.9,93.5,90.7,3200.4,64.76,1800.0,throttled=0x0,0.0,0.94,0,909
2026-07-07 14:28:29,test,1,1920x1080,30,0,62.6,54.8,71.7,56.0,67.3,3195.9,64.76,1800.0,throttled=0x0,0.0,0.92,0,912
2026-07-07 14:28:31,test,1,1920x1080,30,0,62.7,72.4,57.3,63.6,58.5,3195.4,64.27,1800.0,throttled=0x0,0.0,0.88,0,911
2026-07-07 14:28:32,test,1,1920x1080,30,0,55.4,49.1,56.8,65.5,49.5,3193.1,64.76,1800.0,throttled=0x0,0.0,0.9,0,908
2026-07-07 14:28:33,test,1,1920x1080,30,0,67.2,65.3,68.0,63.4,72.1,3196.9,64.27,1800.0,throttled=0x0,0.2,0.93,0,911
2026-07-07 14:28:34,test,1,1920x1080,30,0,50.4,70.5,44.2,41.6,43.9,3199.4,63.78,1800.0,throttled=0x0,0.0,0.92,0,908
2026-07-07 14:28:35,test,1,1920x1080,30,0,50.6,67.6,46.2,46.2,43.4,3204.0,64.76,1800.0,throttled=0x0,0.0,0.93,0,908
2026-07-07 14:28:36,test,1,1920x1080,30,0,46.2,57.4,44.7,39.0,42.3,3207.7,64.27,1800.0,throttled=0x0,0.0,0.94,0,908
2026-07-07 14:28:37,test,1,1920x1080,30,0,38.7,33.7,61.9,32.1,30.1,3206.1,65.73,1800.0,throttled=0x0,0.0,0.9,0,910
2026-07-07 14:28:38,test,1,1920x1080,30,0,95.0,97.4,93.9,94.6,93.9,3207.1,65.24,1800.0,throttled=0x0,0.0,0.86,0,910
2026-07-07 14:28:39,test,1,1920x1080,30,0,94.4,94.5,94.6,92.0,97.4,3206.4,64.76,1800.0,throttled=0x0,0.2,0.9,0,908
2026-07-07 14:28:41,test,1,1920x1080,30,0,73.1,68.5,75.0,74.8,72.7,3210.2,64.76,1800.0,throttled=0x0,0.0,0.88,0,908
2026-07-07 14:28:42,test,1,1920x1080,30,0,62.9,65.7,54.7,65.7,66.0,3209.8,64.76,1800.0,throttled=0x0,0.0,0.93,0,909
2026-07-07 14:28:43,test,1,1920x1080,30,0,44.6,32.7,54.3,45.3,46.4,3209.3,63.78,1800.0,throttled=0x0,0.0,0.96,0,912
2026-07-07 14:28:44,test,1,1920x1080,30,0,43.9,39.8,56.9,37.1,42.2,3206.2,65.73,1800.0,throttled=0x0,0.0,0.95,0,909
2026-07-07 14:28:45,test,1,1920x1080,30,0,43.8,40.0,32.4,35.3,64.4,3205.4,64.76,1800.0,throttled=0x0,0.0,0.93,0,909
2026-07-07 14:28:46,test,1,1920x1080,30,0,75.1,82.1,68.5,69.8,81.1,3207.2,65.24,1800.0,throttled=0x0,0.0,0.94,0,909
2026-07-07 14:28:47,test,1,1920x1080,30,0,94.4,98.1,88.6,96.3,94.3,3207.3,64.76,1800.0,throttled=0x0,0.0,0.91,0,911
2026-07-07 14:28:48,test,1,1920x1080,30,0,92.6,92.1,93.1,92.2,93.1,3212.9,66.22,1800.0,throttled=0x0,0.0,0.86,0,914
2026-07-07 14:28:49,test,1,1920x1080,30,0,81.1,82.9,83.3,78.9,80.6,3214.7,65.73,1800.0,throttled=0x0,0.2,0.93,0,911
2026-07-07 14:28:50,test,1,1920x1080,30,0,56.7,58.0,65.3,50.5,52.9,3217.0,64.76,1800.0,throttled=0x0,0.0,0.94,0,912
2026-07-07 14:28:51,test,1,1920x1080,30,0,63.3,62.3,61.0,68.7,61.2,3216.3,66.22,1800.0,throttled=0x0,0.0,0.94,0,912
2026-07-07 14:28:52,test,1,1920x1080,30,0,49.4,58.4,51.9,49.5,37.5,3218.4,65.24,1800.0,throttled=0x0,0.0,0.94,0,915
2026-07-07 14:28:53,test,1,1920x1080,30,0,84.6,85.4,80.6,88.5,84.8,3218.7,66.7,1800.0,throttled=0x0,0.0,0.92,0,913
2026-07-07 14:28:55,test,1,1920x1080,30,0,75.2,80.7,75.5,75.5,68.8,3219.3,66.22,1800.0,throttled=0x0,0.2,0.93,0,913
2026-07-07 14:28:56,test,1,1920x1080,30,0,68.4,68.1,61.5,70.0,73.7,3219.8,66.22,1800.0,throttled=0x0,0.0,0.95,0,913
2026-07-07 14:28:57,test,1,1920x1080,30,0,57.5,57.3,59.4,51.4,62.4,3219.2,65.73,1800.0,throttled=0x0,0.0,0.91,0,912
2026-07-07 14:28:58,test,1,1920x1080,30,0,66.0,69.0,62.1,66.0,67.6,3206.8,66.22,1800.0,throttled=0x0,0.2,0.94,0,892
2026-07-07 14:29:00,test,1,320x240,30,0,31.5,31.9,30.6,32.3,29.9,3182.7,64.76,1800.0,throttled=0x0,0.0,0.0,0,888
2026-07-07 14:29:01,test,1,320x240,30,0,36.3,34.3,34.5,39.8,36.9,3190.5,63.78,1800.0,throttled=0x0,0.2,1.79,0,888
2026-07-07 14:29:02,test,1,320x240,30,0,31.9,40.4,30.0,26.5,31.0,3203.1,64.76,1800.0,throttled=0x0,0.0,0.97,0,913
2026-07-07 14:29:03,test,1,320x240,30,0,24.5,27.0,21.4,26.9,23.2,3205.0,63.78,1800.0,throttled=0x0,0.0,0.96,0,910
2026-07-07 14:29:04,test,1,320x240,30,0,23.5,30.0,18.8,25.0,20.6,3206.1,64.27,1800.0,throttled=0x0,0.0,0.96,0,910
2026-07-07 14:29:05,test,1,320x240,30,0,21.2,15.6,24.8,20.6,21.8,3205.9,64.27,1800.0,throttled=0x0,0.0,0.97,0,909
2026-07-07 14:29:06,test,1,320x240,30,0,23.0,27.0,21.6,23.5,20.6,3205.4,63.78,1800.0,throttled=0x0,0.2,0.97,0,909
2026-07-07 14:29:07,test,1,320x240,30,0,26.8,31.3,30.2,21.4,25.2,3203.8,62.81,1800.0,throttled=0x0,0.0,0.97,0,912
2026-07-07 14:29:09,test,1,320x240,30,0,23.5,25.8,24.0,25.0,18.6,3199.8,63.78,1800.0,throttled=0x0,0.0,0.97,0,909
2026-07-07 14:29:10,test,1,320x240,30,0,30.2,30.2,25.5,32.4,32.7,3195.2,63.3,1800.0,throttled=0x0,0.0,0.97,0,909
2026-07-07 14:29:11,test,1,320x240,30,0,52.6,57.1,47.5,52.5,53.3,3193.8,63.3,1800.0,throttled=0x0,0.0,0.96,0,909
2026-07-07 14:29:12,test,1,320x240,30,0,53.7,55.7,54.0,51.5,54.5,3194.9,63.3,1800.0,throttled=0x0,0.0,0.96,0,908
2026-07-07 14:29:13,test,1,320x240,30,0,42.0,46.0,42.7,41.3,38.2,3197.6,62.81,1800.0,throttled=0x0,0.0,0.95,0,911
2026-07-07 14:29:14,test,1,320x240,30,0,32.0,34.3,28.7,31.1,31.4,3198.0,63.3,1800.0,throttled=0x0,0.0,0.97,0,908
2026-07-07 14:29:15,test,1,320x240,30,0,21.7,22.2,23.1,20.8,22.3,3197.6,62.32,1800.0,throttled=0x0,0.0,0.98,0,908
2026-07-07 14:29:16,test,1,320x240,30,0,22.0,25.3,24.0,20.2,17.8,3196.5,62.32,1800.0,throttled=0x0,0.0,0.97,0,908
2026-07-07 14:29:17,test,1,320x240,30,0,24.2,29.7,28.4,20.0,19.2,3197.6,61.84,1800.0,throttled=0x0,0.2,0.97,0,908
2026-07-07 14:29:18,test,1,320x240,30,0,24.4,26.5,22.7,25.5,24.5,3198.4,62.81,1800.0,throttled=0x0,0.0,0.97,0,910
2026-07-07 14:29:19,test,1,320x240,30,0,22.9,22.9,27.0,18.0,21.6,3198.6,61.84,1800.0,throttled=0x0,0.0,0.97,0,907
2026-07-07 14:29:20,test,1,320x240,30,0,25.4,29.4,29.6,20.6,23.3,3199.2,61.84,1800.0,throttled=0x0,0.0,0.97,0,906
2026-07-07 14:29:21,test,1,320x240,30,0,22.9,28.7,22.3,20.0,19.8,3200.5,62.32,1800.0,throttled=0x0,0.0,0.96,0,906
2026-07-07 14:29:22,test,1,320x240,30,0,36.1,34.0,47.1,30.7,32.4,3203.4,62.32,1800.0,throttled=0x0,0.0,0.97,0,910
2026-07-07 14:29:23,test,1,320x240,30,0,45.9,42.4,62.5,38.8,40.0,3205.3,64.27,1800.0,throttled=0x0,0.0,0.97,0,912
2026-07-07 14:29:24,test,1,320x240,30,0,42.8,51.5,42.0,40.0,36.6,3205.8,62.32,1800.0,throttled=0x0,0.0,0.97,0,909
2026-07-07 14:29:25,test,1,320x240,30,0,41.4,38.5,48.0,31.1,50.0,3206.4,62.81,1800.0,throttled=0x0,0.0,0.97,0,909
2026-07-07 14:29:26,test,1,320x240,30,0,71.6,69.8,70.9,68.0,77.2,3188.1,63.3,1800.0,throttled=0x0,0.0,0.97,0,909
2026-07-07 14:29:27,test,1,320x240,30,0,44.3,48.3,35.0,29.9,64.6,3186.9,62.81,1800.0,throttled=0x0,5.8,0.97,0,912
2026-07-07 14:29:28,test,1,320x240,30,0,40.7,32.0,30.7,35.9,62.1,3187.3,63.3,1800.0,throttled=0x0,0.2,0.96,0,911
2026-07-07 14:29:29,test,1,320x240,30,0,56.2,64.4,48.1,66.7,46.1,3186.3,63.78,1800.0,throttled=0x0,0.0,0.94,0,910
2026-07-07 14:29:30,test,1,320x240,30,0,66.6,75.8,54.9,66.0,69.9,3186.2,64.27,1800.0,throttled=0x0,0.0,0.97,0,913
2026-07-07 14:29:31,test,1,320x240,30,0,57.6,70.0,56.0,46.7,57.7,3186.4,63.78,1800.0,throttled=0x0,0.0,0.96,0,911
2026-07-07 14:29:32,test,1,320x240,30,0,61.5,68.0,49.5,70.6,56.6,3186.4,63.78,1800.0,throttled=0x0,1.2,0.93,0,914
2026-07-07 14:29:33,test,1,320x240,30,0,57.0,67.3,55.2,57.8,49.5,3186.7,63.3,1800.0,throttled=0x0,0.2,0.96,0,911
2026-07-07 14:29:34,test,1,320x240,30,0,56.1,51.5,63.8,58.3,49.5,3186.6,64.76,1800.0,throttled=0x0,0.0,0.94,0,911
2026-07-07 14:29:36,test,1,320x240,30,0,54.6,44.4,51.0,61.0,62.1,3186.9,64.27,1800.0,throttled=0x0,0.0,0.97,0,911
2026-07-07 14:29:37,test,1,320x240,30,0,54.5,64.9,45.0,63.7,44.1,3186.6,65.73,1800.0,throttled=0x0,0.0,0.97,0,911
2026-07-07 14:29:38,test,1,320x240,30,0,33.8,29.4,30.4,38.8,37.1,3105.2,64.27,1800.0,throttled=0x0,0.0,0.95,0,906
2026-07-07 14:29:39,test,1,320x240,30,0,23.3,20.0,19.6,32.7,20.8,3066.9,64.27,1800.0,throttled=0x0,0.0,0.97,0,896
2026-07-07 14:29:40,test,1,320x240,30,0,38.3,51.0,33.0,43.6,25.7,3181.1,64.27,1800.0,throttled=0x0,0.0,0.96,0,905
2026-07-07 14:29:41,test,1,320x240,30,0,30.7,35.0,26.9,34.0,25.3,3181.8,62.81,1800.0,throttled=0x0,0.0,0.97,0,906
2026-07-07 14:29:42,test,1,320x240,30,0,39.7,58.4,29.1,27.6,45.1,3186.0,63.3,1800.0,throttled=0x0,0.0,0.97,0,910
2026-07-07 14:29:43,test,1,320x240,30,0,45.5,59.3,38.4,43.0,40.2,3186.9,63.78,1800.0,throttled=0x0,1.0,0.97,0,913
2026-07-07 14:29:44,test,1,320x240,30,0,56.4,50.4,67.6,62.0,45.4,3187.1,65.24,1800.0,throttled=0x0,1.8,0.9,0,910
2026-07-07 14:29:45,test,1,320x240,30,0,58.8,59.1,61.9,67.6,47.2,3187.1,64.76,1800.0,throttled=0x0,0.0,0.94,0,910
2026-07-07 14:29:46,test,1,320x240,30,0,57.0,72.4,61.0,47.6,48.5,3186.8,63.78,1800.0,throttled=0x0,0.0,0.96,0,910
2026-07-07 14:29:47,test,1,320x240,30,0,57.5,72.8,45.7,51.0,60.4,3187.2,65.24,1800.0,throttled=0x0,0.0,0.95,0,911
2026-07-07 14:29:48,test,1,320x240,30,0,61.9,70.5,70.2,57.9,49.1,3188.2,64.76,1800.0,throttled=0x0,0.0,0.92,0,914
2026-07-07 14:29:49,test,1,320x240,30,0,57.3,66.3,69.3,49.0,44.1,3188.2,66.22,1800.0,throttled=0x0,0.0,0.97,0,911
2026-07-07 14:29:50,test,1,320x240,30,0,57.2,51.5,64.7,67.3,44.4,3188.4,65.24,1800.0,throttled=0x0,0.0,0.97,0,911
2026-07-07 14:29:51,test,1,320x240,30,0,58.1,59.2,55.1,50.5,68.3,3188.5,64.27,1800.0,throttled=0x0,0.0,0.93,0,912
2026-07-07 14:29:52,test,1,320x240,30,0,62.5,66.0,69.5,48.6,65.1,3188.6,65.24,1800.0,throttled=0x0,0.0,0.93,0,915
2026-07-07 14:29:53,test,1,320x240,30,0,55.8,66.0,56.3,52.0,49.0,3189.3,64.27,1800.0,throttled=0x0,0.0,0.96,0,913
2026-07-07 14:29:54,test,1,320x240,30,0,59.0,70.0,65.0,48.0,52.9,3179.2,65.24,1800.0,throttled=0x0,0.3,0.96,0,890
2026-07-07 14:29:55,test,1,320x240,30,0,55.4,60.2,50.5,61.8,49.0,3177.9,65.73,1800.0,throttled=0x0,0.0,0.96,0,889
2026-07-07 14:29:57,test,1,320x240,30,0,52.6,44.8,46.2,57.4,61.5,3176.7,65.24,1800.0,throttled=0x0,0.0,0.96,0,889
2026-07-07 14:29:58,test,1,320x240,30,0,61.1,56.6,69.6,71.4,46.5,3178.2,64.76,1800.0,throttled=0x0,0.0,0.96,0,891
2026-07-07 14:29:59,test,1,320x240,30,0,80.3,82.9,77.3,81.9,79.8,3178.0,65.24,1800.0,throttled=0x0,0.0,0.94,0,887
2026-07-07 14:30:00,test,1,320x240,30,0,48.0,56.1,44.2,47.1,43.6,3178.1,66.22,1800.0,throttled=0x0,0.0,0.95,0,884
2026-07-07 14:30:01,test,1,320x240,30,0,49.8,47.0,67.0,40.0,46.5,3179.6,66.22,1800.0,throttled=0x0,0.2,0.94,0,890
2026-07-07 14:30:02,test,1,320x240,30,0,47.9,52.0,38.0,53.5,45.5,3186.2,64.27,1800.0,throttled=0x0,0.0,0.97,0,912
2026-07-07 14:30:03,test,1,320x240,30,0,44.0,36.7,39.8,35.3,63.7,3188.1,65.24,1800.0,throttled=0x0,0.0,0.96,0,915
2026-07-07 14:30:04,test,1,320x240,30,0,40.2,54.0,32.0,47.1,29.7,3188.3,66.7,1800.0,throttled=0x0,0.0,0.96,0,912
2026-07-07 14:30:05,test,1,320x240,30,0,41.0,39.0,32.7,37.0,54.4,3190.3,64.76,1800.0,throttled=0x0,0.0,0.97,0,911
2026-07-07 14:30:06,test,1,320x240,30,0,44.5,43.3,39.8,43.1,51.0,3189.3,66.22,1800.0,throttled=0x0,0.2,0.96,0,910
2026-07-07 14:30:07,test,1,320x240,30,0,40.2,35.0,43.6,48.5,34.6,3189.0,65.24,1800.0,throttled=0x0,0.0,0.97,0,910
2026-07-07 14:30:08,test,1,320x240,30,0,44.5,38.0,38.2,62.9,38.2,3188.2,63.78,1800.0,throttled=0x0,0.0,0.96,0,913
2026-07-07 14:30:09,test,1,320x240,30,0,41.4,36.3,48.0,34.6,46.5,3187.4,64.76,1800.0,throttled=0x0,0.0,0.97,0,910
2026-07-07 14:30:10,test,1,320x240,30,0,38.6,47.0,27.6,29.6,51.0,3186.0,63.3,1800.0,throttled=0x0,0.0,0.97,0,910
2026-07-07 14:30:11,test,1,320x240,30,0,43.5,52.0,30.6,34.7,57.0,3186.0,65.73,1800.0,throttled=0x0,0.0,0.97,0,909
2026-07-07 14:30:12,test,1,320x240,30,0,70.5,74.3,66.7,79.2,61.8,3186.3,65.73,1800.0,throttled=0x0,0.0,0.96,0,911
2026-07-07 14:30:13,test,1,320x240,30,0,56.9,59.2,54.7,58.6,54.4,3186.8,64.27,1800.0,throttled=0x0,0.0,0.93,0,909
2026-07-07 14:30:14,test,1,320x240,30,0,49.3,59.5,41.9,55.2,39.2,3192.9,65.24,1800.0,throttled=0x0,0.0,0.96,0,909
2026-07-07 14:30:15,test,1,320x240,30,0,40.1,32.7,28.7,35.0,63.1,3191.7,65.24,1800.0,throttled=0x0,0.0,0.96,0,909
2026-07-07 14:30:16,test,1,320x240,30,0,60.0,59.6,50.0,65.3,63.7,3186.3,65.73,1800.0,throttled=0x0,0.3,0.97,0,909
2026-07-07 14:30:17,test,1,320x240,30,0,60.6,65.7,53.5,58.7,66.7,3189.1,65.24,1800.0,throttled=0x0,0.0,0.96,0,912
2026-07-07 14:30:18,test,1,320x240,30,0,54.7,55.0,50.0,48.1,64.4,3189.9,65.24,1800.0,throttled=0x0,0.0,0.97,0,908
2026-07-07 14:30:19,test,1,320x240,30,0,76.4,75.0,85.4,68.6,76.7,3187.1,65.73,1800.0,throttled=0x0,0.0,0.96,0,908
2026-07-07 14:30:20,test,1,320x240,30,0,45.7,57.0,28.3,53.8,42.3,3193.9,64.76,1800.0,throttled=0x0,0.0,0.96,0,908
2026-07-07 14:30:22,test,1,320x240,30,0,49.3,42.3,41.7,42.0,70.3,3193.7,65.73,1800.0,throttled=0x0,0.0,0.97,0,909
2026-07-07 14:30:23,test,1,320x240,30,0,65.4,66.3,72.1,55.3,68.3,3198.5,65.24,1800.0,throttled=0x0,0.0,0.95,0,913
2026-07-07 14:30:24,test,1,320x240,30,0,56.3,53.1,58.7,52.4,60.4,3199.0,65.24,1800.0,throttled=0x0,0.0,0.96,0,909
2026-07-07 14:30:25,test,1,320x240,30,0,41.9,39.4,48.5,56.4,24.8,3203.6,65.24,1800.0,throttled=0x0,0.0,0.97,0,909
2026-07-07 14:30:26,test,1,320x240,30,0,40.5,38.1,37.9,51.0,33.3,3201.5,65.73,1800.0,throttled=0x0,0.0,0.98,0,909
2026-07-07 14:30:27,test,1,320x240,30,0,37.4,32.7,20.8,43.0,53.9,3202.3,65.73,1800.0,throttled=0x0,0.0,0.98,0,909
2026-07-07 14:30:28,test,1,320x240,30,0,41.8,43.3,41.8,45.5,35.7,3206.4,64.27,1800.0,throttled=0x0,0.3,0.98,0,913
2026-07-07 14:30:29,test,1,320x240,30,0,28.5,17.2,39.8,23.5,35.3,3205.5,64.27,1800.0,throttled=0x0,0.0,0.97,0,912
2026-07-07 14:30:30,test,1,320x240,30,0,37.0,33.7,41.0,23.0,48.5,3203.9,65.24,1800.0,throttled=0x0,0.0,0.98,0,913
2026-07-07 14:30:31,test,1,320x240,30,0,26.9,39.0,32.7,18.8,18.0,3187.3,64.76,1800.0,throttled=0x0,0.3,0.98,0,887
2026-07-07 14:30:32,test,1,320x240,30,0,24.8,12.5,51.0,17.0,18.6,3188.1,63.3,1800.0,throttled=0x0,0.0,0.98,0,887
2026-07-07 14:30:33,test,1,320x240,30,0,32.1,21.9,25.0,42.6,38.6,3188.9,64.76,1800.0,throttled=0x0,0.0,0.98,0,890
2026-07-07 14:30:34,test,1,320x240,30,0,25.8,15.3,15.2,55.4,17.3,3188.1,63.78,1800.0,throttled=0x0,0.0,0.98,0,886
2026-07-07 14:30:35,test,1,320x240,30,0,29.1,21.0,20.6,18.2,55.3,3182.6,63.3,1800.0,throttled=0x0,0.0,0.97,0,886
2026-07-07 14:30:36,test,1,320x240,30,0,27.2,55.4,15.7,17.2,18.6,3182.7,63.78,1800.0,throttled=0x0,0.2,0.98,0,886
2026-07-07 14:30:37,test,1,320x240,30,0,27.5,55.4,17.3,18.6,19.2,3182.6,63.3,1800.0,throttled=0x0,0.0,0.97,0,886
2026-07-07 14:30:38,test,1,320x240,30,0,30.0,58.4,17.6,23.2,20.0,3184.3,64.76,1800.0,throttled=0x0,0.0,0.98,0,889
2026-07-07 14:30:39,test,1,320x240,30,0,25.1,18.4,14.1,16.7,52.9,3184.4,63.3,1800.0,throttled=0x0,0.0,0.98,0,886
2026-07-07 14:30:40,test,1,320x240,30,0,30.1,44.1,32.4,26.0,16.3,3183.7,62.81,1800.0,throttled=0x0,0.0,0.97,0,886
2026-07-07 14:30:41,test,1,320x240,30,0,40.2,41.6,46.5,28.3,43.4,3183.8,63.78,1800.0,throttled=0x0,0.0,0.97,0,887
2026-07-07 14:30:42,test,1,320x240,30,0,34.3,27.0,55.0,21.4,35.6,3184.4,63.3,1800.0,throttled=0x0,0.0,0.98,0,887
2026-07-07 14:30:43,test,1,320x240,30,0,42.9,28.0,57.4,63.4,22.2,3183.8,62.81,1800.0,throttled=0x0,0.0,0.97,0,889
2026-07-07 14:30:44,test,1,320x240,30,0,43.6,51.7,57.8,45.5,17.3,3184.1,64.27,1800.0,throttled=0x0,0.0,0.98,0,887
2026-07-07 14:30:45,test,1,320x240,30,0,41.8,49.0,39.0,44.2,35.3,3184.1,64.27,1800.0,throttled=0x0,0.0,0.97,0,887
2026-07-07 14:30:46,test,1,320x240,30,0,40.2,45.4,58.4,19.4,37.6,3184.6,65.73,1800.0,throttled=0x0,0.2,0.97,0,887
2026-07-07 14:30:47,test,1,320x240,30,0,41.1,29.9,37.4,40.0,56.4,3186.2,63.3,1800.0,throttled=0x0,0.0,0.98,0,890
2026-07-07 14:30:48,test,1,320x240,30,0,44.1,49.0,44.0,56.7,26.3,3186.1,64.27,1800.0,throttled=0x0,0.0,0.98,0,888
2026-07-07 14:30:49,test,1,320x240,30,0,39.8,30.3,55.0,43.3,30.3,3186.1,64.27,1800.0,throttled=0x0,0.0,0.97,0,888
2026-07-07 14:30:50,test,1,320x240,30,0,40.1,53.5,44.2,20.0,43.6,3186.1,64.76,1800.0,throttled=0x0,0.0,0.98,0,888
2026-07-07 14:30:51,test,1,320x240,30,0,42.1,24.2,61.2,38.4,42.6,3186.1,64.76,1800.0,throttled=0x0,0.5,0.97,0,888
2026-07-07 14:30:52,test,1,320x240,30,0,42.9,44.6,22.4,50.5,54.0,3186.5,64.76,1800.0,throttled=0x0,0.0,0.98,0,891
2026-07-07 14:30:53,test,1,320x240,30,0,49.1,42.0,36.6,56.4,60.8,3184.3,64.27,1800.0,throttled=0x0,0.0,0.97,0,889
2026-07-07 14:30:54,test,1,320x240,30,0,19.9,18.4,27.9,13.6,19.4,3097.5,63.3,1800.0,throttled=0x0,0.0,0.97,0,887
2026-07-07 14:30:55,test,1,320x240,30,0,18.4,11.0,11.0,37.6,13.0,3081.0,64.27,1800.0,throttled=0x0,0.0,0.98,0,888
2026-07-07 14:30:56,test,1,320x240,30,0,23.3,27.2,38.5,11.3,14.9,3187.1,63.78,1800.0,throttled=0x0,0.0,0.97,0,888
2026-07-07 14:30:57,test,1,320x240,30,0,18.3,19.2,22.5,14.9,16.5,3188.8,64.27,900.0,throttled=0x0,0.0,0.97,0,892
2026-07-07 14:30:59,test,1,320x240,30,0,27.3,16.8,28.4,30.4,34.0,3193.2,62.32,1800.0,throttled=0x0,0.0,0.95,0,888
2026-07-07 14:31:00,test,1,320x240,30,0,34.7,29.6,49.5,36.0,23.0,3196.5,63.3,1800.0,throttled=0x0,0.0,0.98,0,886
2026-07-07 14:31:01,test,1,320x240,30,0,47.6,53.8,49.1,40.6,48.1,3196.5,63.78,1800.0,throttled=0x0,0.0,0.94,0,886
2026-07-07 14:31:02,test,1,320x240,30,0,48.2,63.8,35.0,38.5,54.0,3198.6,64.76,1800.0,throttled=0x0,0.2,0.95,0,902
2026-07-07 14:31:03,test,1,320x240,30,0,52.7,59.7,65.0,47.2,37.6,3203.9,65.24,1800.0,throttled=0x0,0.0,0.96,0,914
2026-07-07 14:31:04,test,1,320x240,30,0,41.3,27.3,35.0,45.1,57.7,3203.5,63.78,1800.0,throttled=0x0,0.0,0.97,0,911
2026-07-07 14:31:05,test,1,320x240,30,0,44.7,56.6,42.2,39.8,40.8,3202.2,63.3,1800.0,throttled=0x0,0.0,0.97,0,909
2026-07-07 14:31:06,test,1,320x240,30,0,42.4,36.7,55.4,30.7,44.4,3201.5,64.76,1800.0,throttled=0x0,0.0,0.97,0,909
2026-07-07 14:31:07,test,1,320x240,30,0,42.7,60.4,41.6,24.8,46.2,3201.5,65.24,1800.0,throttled=0x0,0.2,0.98,0,909
2026-07-07 14:31:08,test,1,320x240,30,0,44.9,51.0,43.9,31.4,53.4,3202.8,63.78,1800.0,throttled=0x0,0.0,0.97,0,912
2026-07-07 14:31:09,test,1,320x240,30,0,41.8,51.5,54.9,32.7,27.7,3202.5,64.27,1800.0,throttled=0x0,0.0,0.98,0,909
2026-07-07 14:31:10,test,1,320x240,30,0,38.9,56.7,21.8,48.1,29.4,3201.2,63.78,1800.0,throttled=0x0,0.0,0.97,0,909
2026-07-07 14:31:11,test,1,320x240,30,0,46.2,65.0,42.2,47.5,30.1,3112.8,63.78,1800.0,throttled=0x0,0.0,0.96,0,904
2026-07-07 14:31:12,test,1,320x240,30,0,32.9,27.2,29.5,42.5,31.0,3052.9,63.78,1800.0,throttled=0x0,0.2,0.97,0,900
2026-07-07 14:31:13,test,1,320x240,30,0,22.4,14.1,18.8,42.0,15.8,3053.6,64.27,1800.0,throttled=0x0,0.0,0.98,0,907
2026-07-07 14:31:14,test,1,320x240,30,0,17.1,14.1,35.6,7.9,11.1,3152.5,63.78,1800.0,throttled=0x0,0.0,0.97,0,904
2026-07-07 14:31:15,test,1,320x240,30,0,17.4,12.1,20.4,22.5,14.6,3153.4,63.78,1800.0,throttled=0x0,0.0,0.98,0,908
2026-07-07 14:31:16,test,1,320x240,30,0,24.0,14.4,21.4,13.6,46.1,3153.9,63.78,1800.0,throttled=0x0,0.0,0.98,0,908
2026-07-07 14:31:17,test,1,320x240,30,0,41.6,26.5,41.7,40.0,57.6,3154.1,65.24,1800.0,throttled=0x0,0.0,0.97,0,910
2026-07-07 14:31:18,test,1,320x240,30,0,46.7,38.6,58.7,32.1,59.2,3154.1,63.3,1800.0,throttled=0x0,0.0,0.96,0,906
2026-07-07 14:31:19,test,1,320x240,30,0,40.5,21.6,26.0,53.0,59.0,3154.8,63.3,1800.0,throttled=0x0,0.0,0.0,1,906
2026-07-07 14:31:20,test,1,320x240,30,0,42.5,47.5,26.7,61.2,35.2,3154.8,63.3,1800.0,throttled=0x0,0.0,0.0,2,906
2026-07-07 14:31:21,test,1,320x240,30,0,41.3,28.4,49.0,23.5,61.0,3155.3,63.78,1800.0,throttled=0x0,0.0,0.0,3,905
2026-07-07 14:31:22,test,1,320x240,30,0,45.3,68.0,29.0,32.4,52.4,3156.6,64.27,1800.0,throttled=0x0,0.0,0.0,4,908
2026-07-07 14:31:23,test,1,320x240,30,0,46.6,67.0,58.4,33.7,28.2,3156.4,63.78,1800.0,throttled=0x0,0.0,0.0,5,904
2026-07-07 14:31:24,test,1,320x240,30,0,43.2,36.7,54.4,43.1,38.0,3156.5,64.27,1800.0,throttled=0x0,0.0,0.0,6,904
2026-07-07 14:31:25,test,1,320x240,30,0,42.0,48.5,38.4,55.4,24.2,3156.1,64.76,1800.0,throttled=0x0,0.0,0.0,7,904
2026-07-07 14:31:26,test,1,320x240,30,0,32.8,16.5,35.3,57.3,22.2,3155.4,63.78,1800.0,throttled=0x0,0.0,0.0,8,904
2026-07-07 14:31:27,test,1,320x240,30,0,30.0,18.9,34.0,47.5,19.0,3155.0,64.27,1800.0,throttled=0x0,0.0,0.0,9,907
2026-07-07 14:31:28,test,1,320x240,30,0,33.1,23.5,47.5,30.4,32.0,3154.8,63.3,1800.0,throttled=0x0,0.3,0.0,10,905
2026-07-07 14:31:29,test,1,320x240,30,0,32.2,23.2,43.3,35.3,25.7,3156.5,63.78,1800.0,throttled=0x0,0.0,0.0,11,906
2026-07-07 14:31:30,test,1,320x240,30,0,37.1,46.0,25.0,56.4,20.8,3155.6,64.76,1800.0,throttled=0x0,0.0,0.0,12,909
2026-07-07 14:31:31,test,1,320x240,30,0,29.8,19.8,18.2,53.9,27.6,3143.9,63.3,1800.0,throttled=0x0,0.0,0.0,13,885
2026-07-07 14:31:32,test,1,320x240,30,0,32.7,29.7,20.2,58.4,20.6,3145.1,64.27,1800.0,throttled=0x0,0.0,0.0,14,888
2026-07-07 14:31:34,test,1,320x240,30,0,27.4,16.7,16.0,40.6,36.0,3144.4,64.27,1800.0,throttled=0x0,0.0,0.0,15,885
2026-07-07 14:31:35,test,1,320x240,30,0,30.5,39.0,24.0,19.4,39.8,3145.5,62.81,1800.0,throttled=0x0,0.0,0.0,16,886
2026-07-07 14:31:36,test,1,320x240,30,0,33.1,33.3,53.0,24.5,20.2,3145.1,63.3,1800.0,throttled=0x0,0.0,0.0,17,885
2026-07-07 14:31:37,test,1,320x240,30,0,32.6,37.2,21.8,23.2,47.5,3145.0,63.3,1800.0,throttled=0x0,0.7,0.0,18,886
2026-07-07 14:31:38,test,1,320x240,30,0,31.1,27.6,18.6,20.2,55.9,3145.9,63.78,1800.0,throttled=0x0,0.0,0.0,19,893
2026-07-07 14:31:39,test,1,320x240,30,0,31.2,25.3,22.3,21.0,56.3,3144.8,61.84,1800.0,throttled=0x0,0.0,0.0,20,890
2026-07-07 14:31:40,test,1,320x240,30,0,27.3,18.4,16.2,23.1,51.0,3145.2,62.81,1800.0,throttled=0x0,0.0,0.0,21,890
2026-07-07 14:31:41,test,1,320x240,30,0,28.5,26.7,21.6,17.8,48.0,3145.3,62.81,1800.0,throttled=0x0,0.0,0.0,22,890
2026-07-07 14:31:42,test,1,320x240,30,0,30.5,36.7,22.5,18.2,44.6,3145.1,63.3,1800.0,throttled=0x0,0.0,0.0,23,891
2026-07-07 14:31:43,test,1,320x240,30,0,52.5,47.4,55.6,58.3,49.5,3145.6,63.78,1800.0,throttled=0x0,0.0,0.0,24,894
2026-07-07 14:31:44,test,1,320x240,30,0,47.0,58.2,43.3,40.8,45.3,3147.1,62.81,1800.0,throttled=0x0,0.0,0.0,25,891
2026-07-07 14:31:45,test,1,320x240,30,0,80.0,80.0,86.4,81.0,71.7,3147.6,64.76,1800.0,throttled=0x0,0.0,0.0,26,891
2026-07-07 14:31:46,test,1,320x240,30,0,53.1,51.5,46.2,51.9,62.0,3150.5,63.78,1800.0,throttled=0x0,0.0,0.0,27,891
2026-07-07 14:31:47,test,1,320x240,30,0,43.8,37.4,39.6,33.0,64.4,3154.2,65.24,1800.0,throttled=0x0,0.0,0.0,28,886
2026-07-07 14:31:48,test,1,320x240,30,0,64.2,63.9,67.0,63.1,62.2,3158.2,64.76,1800.0,throttled=0x0,0.0,0.0,29,890
2026-07-07 14:31:49,test,1,320x240,30,0,77.3,82.5,69.7,83.0,74.3,3159.3,65.24,1800.0,throttled=0x0,0.0,0.0,30,887
2026-07-07 14:31:50,test,1,320x240,30,0,75.7,82.1,73.6,77.9,69.2,3159.9,65.24,1800.0,throttled=0x0,0.0,0.0,31,887
2026-07-07 14:31:51,test,1,320x240,30,0,97.1,97.1,96.2,96.2,99.0,3163.0,66.22,1800.0,throttled=0x0,0.0,0.0,32,887
2026-07-07 14:31:52,test,1,320x240,30,0,78.5,83.2,75.2,85.3,71.2,3164.6,65.24,1800.0,throttled=0x0,0.0,0.0,33,890
2026-07-07 14:31:55,test,1,320x240,30,0,69.5,72.6,69.6,68.7,65.7,3165.7,66.22,1800.0,throttled=0x0,0.0,0.0,0,891
2026-07-07 14:31:56,test,1,320x240,30,0,49.2,42.1,53.2,51.8,49.1,3169.1,65.24,1800.0,throttled=0x0,0.0,1.75,0,889
2026-07-07 14:31:57,test,1,320x240,30,0,48.3,56.3,43.4,46.1,48.5,3175.8,65.24,1800.0,throttled=0x0,0.0,0.96,0,892
2026-07-07 14:31:58,test,1,320x240,30,0,43.3,36.5,38.6,53.4,42.7,3177.8,66.22,1800.0,throttled=0x0,0.0,0.96,0,889
2026-07-07 14:31:59,test,1,320x240,30,0,44.7,39.8,38.5,57.3,44.1,3176.0,64.76,1800.0,throttled=0x0,0.0,0.96,0,888
2026-07-07 14:32:00,test,1,320x240,30,0,50.5,48.1,43.4,62.9,47.1,3161.2,65.24,1800.0,throttled=0x0,0.0,0.95,0,885
2026-07-07 14:32:01,test,1,320x240,30,0,43.0,34.7,38.0,56.0,43.1,3160.6,65.73,1800.0,throttled=0x0,0.0,0.97,0,884
2026-07-07 14:32:02,test,1,320x240,30,0,45.2,40.0,37.9,48.0,55.0,3160.2,64.76,1800.0,throttled=0x0,0.0,0.97,0,887
2026-07-07 14:32:03,test,1,320x240,30,0,44.0,40.2,33.3,63.4,38.2,3157.5,65.24,1800.0,throttled=0x0,0.0,0.96,0,884
2026-07-07 14:32:05,test,1,320x240,30,0,42.9,50.0,37.5,47.5,35.8,3156.6,65.24,1800.0,throttled=0x0,0.0,0.97,0,884
2026-07-07 14:32:06,test,1,320x240,30,0,45.4,49.2,54.4,40.8,37.6,3155.3,64.76,1800.0,throttled=0x0,0.2,0.96,0,882
2026-07-07 14:32:07,test,1,320x240,30,0,44.8,42.9,46.5,35.6,53.5,3154.5,65.73,1800.0,throttled=0x0,0.0,0.97,0,883
2026-07-07 14:32:08,test,1,320x240,30,0,43.7,36.5,37.6,63.1,38.2,3156.8,65.24,1800.0,throttled=0x0,0.0,0.97,0,886
2026-07-07 14:32:09,test,1,320x240,30,0,47.7,39.8,41.6,67.6,41.3,3156.7,65.24,1800.0,throttled=0x0,0.0,0.97,0,883
2026-07-07 14:32:10,test,1,320x240,30,0,70.8,76.2,64.1,74.0,68.6,3132.1,64.27,1800.0,throttled=0x0,0.2,0.96,0,883
2026-07-07 14:32:11,test,1,320x240,30,0,42.4,43.7,39.2,31.0,55.0,3131.4,65.24,1800.0,throttled=0x0,0.0,0.97,0,883
2026-07-07 14:32:12,test,1,320x240,30,0,43.3,42.4,57.8,32.7,40.8,3127.6,64.27,1800.0,throttled=0x0,0.0,0.96,0,882
2026-07-07 14:32:13,test,1,320x240,30,0,47.0,46.5,42.5,63.2,35.0,3130.0,65.73,1800.0,throttled=0x0,0.0,0.95,0,885
2026-07-07 14:32:14,test,1,320x240,30,0,68.7,64.6,73.0,72.5,65.3,3126.0,65.24,1800.0,throttled=0x0,0.0,0.97,0,882
2026-07-07 14:32:15,test,1,320x240,30,0,57.5,58.5,52.0,65.4,53.3,3130.6,66.22,1800.0,throttled=0x0,0.0,0.93,0,882
2026-07-07 14:32:16,test,1,320x240,30,0,51.9,59.4,44.2,47.5,56.4,3131.2,65.24,1800.0,throttled=0x0,0.0,0.96,0,883
2026-07-07 14:32:17,test,1,320x240,30,0,51.9,64.6,43.4,44.9,55.3,3138.5,63.78,1800.0,throttled=0x0,0.0,0.96,0,883
2026-07-07 14:32:18,test,1,320x240,30,0,50.5,42.7,55.9,43.5,58.7,3137.1,65.24,1800.0,throttled=0x0,0.0,0.95,0,885
2026-07-07 14:32:19,test,1,320x240,30,0,45.1,36.7,40.8,35.4,66.3,3136.9,65.73,1800.0,throttled=0x0,0.0,0.96,0,882
2026-07-07 14:32:20,test,1,320x240,30,0,43.9,37.5,43.1,36.4,57.3,3136.1,64.76,1800.0,throttled=0x0,0.0,0.96,0,882
2026-07-07 14:32:21,test,1,320x240,30,0,49.1,50.5,41.6,61.6,43.7,3135.9,64.27,1800.0,throttled=0x0,0.0,0.97,0,881
2026-07-07 14:32:22,test,1,320x240,30,0,63.5,62.6,59.0,77.2,55.4,3134.8,66.22,1800.0,throttled=0x0,0.0,0.96,0,884
2026-07-07 14:32:23,test,1,320x240,30,0,54.4,46.5,55.2,56.3,58.8,3135.1,65.24,1800.0,throttled=0x0,0.0,0.95,0,880
2026-07-07 14:32:24,test,1,320x240,30,0,47.6,48.0,58.8,44.0,40.2,3136.8,64.76,1800.0,throttled=0x0,0.0,0.96,0,880
2026-07-07 14:32:25,test,1,320x240,30,0,46.4,40.4,42.9,43.0,59.4,3138.7,64.27,1800.0,throttled=0x0,0.0,0.96,0,878
2026-07-07 14:32:26,test,1,320x240,30,0,61.4,67.3,61.9,57.3,59.2,3136.5,65.73,1800.0,throttled=0x0,0.0,0.96,0,878
2026-07-07 14:32:27,test,1,320x240,30,0,57.9,55.8,74.0,50.0,50.5,3141.3,65.24,1800.0,throttled=0x0,0.0,0.95,0,890
2026-07-07 14:32:29,test,1,320x240,30,0,84.4,83.0,80.7,85.7,87.7,3147.0,66.22,1800.0,throttled=0x0,0.2,0.88,0,889
2026-07-07 14:32:30,test,1,320x240,30,0,41.9,51.0,29.0,56.6,31.0,3150.4,65.73,1800.0,throttled=0x0,0.0,0.96,0,892
2026-07-07 14:32:31,test,1,320x240,30,0,50.1,53.9,63.3,42.7,42.6,3150.6,65.24,1800.0,throttled=0x0,0.0,0.97,0,892
2026-07-07 14:32:32,test,1,320x240,30,0,42.3,67.0,32.7,35.0,34.0,3150.4,65.73,1800.0,throttled=0x0,0.2,0.96,0,892
2026-07-07 14:32:33,test,1,320x240,30,0,45.3,41.6,43.1,38.2,57.3,3151.2,65.73,1800.0,throttled=0x0,0.0,0.97,0,895
2026-07-07 14:32:34,test,1,320x240,30,0,47.8,48.5,61.4,45.5,36.6,3151.5,65.24,1800.0,throttled=0x0,0.5,0.97,0,898
2026-07-07 14:32:35,test,1,320x240,30,0,49.8,65.8,45.1,45.9,38.2,3160.1,65.24,1800.0,throttled=0x0,0.0,0.97,0,920
2026-07-07 14:32:36,test,1,320x240,30,0,41.7,43.5,37.6,29.0,55.9,3161.3,64.76,1800.0,throttled=0x0,0.0,0.97,0,920
2026-07-07 14:32:37,test,1,320x240,30,0,41.3,49.5,37.6,45.5,34.0,3161.2,65.73,1800.0,throttled=0x0,0.0,0.97,0,920
2026-07-07 14:32:38,test,1,320x240,30,0,46.3,41.7,39.2,50.5,52.5,3161.7,64.76,1800.0,throttled=0x0,0.0,0.97,0,923
2026-07-07 14:32:39,test,1,320x240,30,0,43.8,37.8,34.6,48.5,53.5,3161.7,64.76,1800.0,throttled=0x0,0.0,0.97,0,920
2026-07-07 14:32:40,test,1,320x240,30,0,43.5,50.0,53.4,35.0,38.1,3162.2,64.76,1800.0,throttled=0x0,0.0,0.96,0,920
2026-07-07 14:32:41,test,1,320x240,30,0,42.9,50.5,32.7,37.6,50.0,3162.4,64.76,1800.0,throttled=0x0,0.0,0.96,0,921
2026-07-07 14:32:42,test,1,320x240,30,0,43.6,43.3,52.5,41.2,36.4,3162.8,64.76,1800.0,throttled=0x0,0.0,0.96,0,921
2026-07-07 14:32:43,test,1,320x240,30,0,48.0,43.0,53.3,55.0,40.7,3164.0,64.27,1800.0,throttled=0x0,0.0,0.95,0,920
2026-07-07 14:32:44,test,1,320x240,30,0,44.0,37.4,42.0,63.4,31.3,3164.2,63.78,1800.0,throttled=0x0,0.0,0.97,0,917
2026-07-07 14:32:45,test,1,320x240,30,0,40.7,43.1,35.0,55.2,30.7,3164.1,63.78,1800.0,throttled=0x0,0.0,0.95,0,917
2026-07-07 14:32:46,test,1,320x240,30,0,41.7,44.0,36.9,50.0,35.6,3161.9,65.73,1800.0,throttled=0x0,0.0,0.96,0,917
2026-07-07 14:32:47,test,1,320x240,30,0,46.5,39.4,44.1,63.7,38.4,3164.6,63.78,1800.0,throttled=0x0,0.0,0.97,0,920
2026-07-07 14:32:48,test,1,320x240,30,0,42.4,37.4,39.0,44.9,48.5,3164.2,64.76,1800.0,throttled=0x0,0.0,0.96,0,918
2026-07-07 14:32:49,test,1,320x240,30,0,43.2,61.9,39.3,35.9,35.6,3164.0,64.27,1800.0,throttled=0x0,0.2,0.96,0,918
2026-07-07 14:32:50,test,1,320x240,30,0,41.5,30.9,36.6,61.5,34.3,3164.2,64.76,1800.0,throttled=0x0,0.0,0.96,0,918
2026-07-07 14:32:51,test,1,320x240,30,0,44.6,60.4,39.6,40.8,38.1,3164.5,65.24,1800.0,throttled=0x0,0.0,0.97,0,919
2026-07-07 14:32:52,test,1,320x240,30,0,47.5,43.9,47.5,60.8,38.6,3165.7,64.76,1800.0,throttled=0x0,0.0,0.96,0,922
2026-07-07 14:32:53,test,1,320x240,30,0,46.8,56.1,50.5,37.3,43.6,3166.4,63.78,1800.0,throttled=0x0,0.0,0.96,0,920
2026-07-07 14:32:55,test,1,320x240,30,0,40.8,39.0,34.6,55.8,35.0,3166.2,64.27,1800.0,throttled=0x0,0.5,0.96,0,920
2026-07-07 14:32:56,test,1,320x240,30,0,47.2,45.5,36.3,68.9,35.7,3166.8,63.78,1800.0,throttled=0x0,0.0,0.97,0,920
2026-07-07 14:32:57,test,1,320x240,30,0,43.3,39.2,33.7,35.8,64.4,3166.8,64.76,1800.0,throttled=0x0,0.7,0.97,0,920
2026-07-07 14:32:58,test,1,320x240,30,0,43.9,39.8,59.8,35.4,40.8,3165.4,64.76,1800.0,throttled=0x0,0.0,0.96,0,923
2026-07-07 14:32:59,test,1,320x240,30,0,42.4,41.0,52.0,39.8,36.5,3163.8,63.78,1800.0,throttled=0x0,0.0,0.96,0,919
2026-07-07 14:33:00,test,1,320x240,30,0,51.2,57.5,48.1,43.4,55.1,3163.5,64.27,1800.0,throttled=0x0,0.0,0.94,0,918
2026-07-07 14:33:01,test,1,320x240,30,0,43.1,65.0,38.9,35.6,35.3,3163.9,64.27,1800.0,throttled=0x0,0.0,0.96,0,917
2026-07-07 14:33:02,test,1,320x240,30,0,45.6,41.7,44.4,58.8,35.3,3164.2,65.24,1800.0,throttled=0x0,0.0,0.97,0,918
2026-07-07 14:33:03,test,1,320x240,30,0,43.9,50.0,36.1,54.0,35.6,3166.0,64.27,1800.0,throttled=0x0,0.7,0.96,0,921
2026-07-07 14:33:04,test,1,320x240,30,0,39.6,43.9,53.0,30.5,32.7,3165.8,64.27,1200.0,throttled=0x0,0.0,0.96,0,917
2026-07-07 14:33:05,test,1,320x240,30,0,41.6,44.7,35.8,56.2,26.7,3166.4,64.27,1800.0,throttled=0x0,0.0,0.95,0,917
2026-07-07 14:33:06,test,1,320x240,30,0,36.6,34.0,28.0,59.8,26.0,3165.8,64.27,1800.0,throttled=0x0,0.0,0.96,0,917
2026-07-07 14:33:07,test,1,320x240,30,0,34.9,25.5,25.7,50.0,39.0,3167.2,64.27,1800.0,throttled=0x0,0.0,0.97,0,917
2026-07-07 14:33:08,test,1,320x240,30,0,67.7,84.2,60.2,58.3,67.6,3159.2,64.27,1800.0,throttled=0x0,0.7,0.97,0,920
2026-07-07 14:33:09,test,1,320x240,30,0,36.1,38.0,28.4,30.3,46.0,3158.6,63.78,1800.0,throttled=0x0,0.0,0.97,0,917
2026-07-07 14:33:10,test,1,320x240,30,0,49.8,73.3,44.7,39.0,43.1,3177.2,65.24,1800.0,throttled=0x0,0.0,0.97,0,917
2026-07-07 14:33:11,test,1,320x240,30,0,55.4,49.5,64.1,52.9,55.4,3177.2,65.24,1800.0,throttled=0x0,0.0,0.97,0,916
2026-07-07 14:33:12,test,1,320x240,30,0,45.9,39.6,38.2,41.7,64.4,3174.9,64.76,1800.0,throttled=0x0,0.0,0.96,0,919
2026-07-07 14:33:13,test,1,320x240,30,0,49.1,43.9,48.5,61.5,41.3,3173.0,64.76,1800.0,throttled=0x0,0.0,0.95,0,916
2026-07-07 14:33:14,test,1,320x240,30,0,46.2,49.5,42.7,57.3,35.3,3169.8,63.78,1800.0,throttled=0x0,0.0,0.96,0,916
2026-07-07 14:33:15,test,1,320x240,30,0,43.5,55.6,43.7,33.0,42.2,3168.1,64.27,1800.0,throttled=0x0,0.0,0.97,0,916
2026-07-07 14:33:16,test,1,320x240,30,0,45.0,65.3,35.0,37.8,43.6,3167.0,64.27,1800.0,throttled=0x0,0.0,0.97,0,918
2026-07-07 14:33:17,test,1,320x240,30,0,49.0,48.0,53.0,47.1,47.6,3166.8,63.78,1800.0,throttled=0x0,0.0,0.96,0,921
2026-07-07 14:33:18,test,1,320x240,30,0,46.0,44.6,55.9,40.0,44.2,3166.1,64.27,1800.0,throttled=0x0,0.0,0.96,0,917
2026-07-07 14:33:19,test,1,320x240,30,0,41.6,39.4,50.0,44.8,32.0,3165.6,65.24,1800.0,throttled=0x0,0.0,0.97,0,917
2026-07-07 14:33:20,test,1,320x240,30,0,45.8,58.0,37.5,39.6,49.5,3164.9,64.27,1800.0,throttled=0x0,0.0,0.96,0,917
2026-07-07 14:33:22,test,1,320x240,30,0,52.0,47.4,62.0,48.5,49.0,3164.6,66.22,1800.0,throttled=0x0,0.0,0.96,0,916
2026-07-07 14:33:23,test,1,320x240,30,0,55.1,56.4,51.4,48.1,64.1,3165.6,64.76,1800.0,throttled=0x0,0.0,0.95,0,919
2026-07-07 14:33:24,test,1,320x240,30,0,50.2,50.0,43.6,65.0,42.4,3165.7,65.24,1800.0,throttled=0x0,0.2,0.96,0,915
2026-07-07 14:33:25,test,1,320x240,30,0,46.0,39.8,41.2,56.1,44.8,3165.5,64.76,1800.0,throttled=0x0,0.0,0.95,0,915
2026-07-07 14:33:26,test,1,320x240,30,0,61.0,61.2,52.5,56.3,75.7,3164.9,65.73,1800.0,throttled=0x0,0.0,0.96,0,915
2026-07-07 14:33:27,test,1,320x240,30,0,48.9,62.1,39.8,53.5,39.0,3165.2,64.76,1800.0,throttled=0x0,0.0,0.96,0,915
2026-07-07 14:33:28,test,1,320x240,30,0,43.3,40.2,60.0,36.6,35.3,3166.5,65.24,1800.0,throttled=0x0,0.0,0.97,0,918
2026-07-07 14:33:29,test,1,320x240,30,0,45.5,43.6,37.9,41.3,60.0,3166.1,66.22,1800.0,throttled=0x0,0.0,0.97,0,915
2026-07-07 14:33:30,test,1,320x240,30,0,49.3,47.1,49.5,51.9,48.5,3165.5,65.24,1800.0,throttled=0x0,0.0,0.96,0,918
2026-07-07 14:33:31,test,1,320x240,30,0,51.1,41.6,58.9,49.5,54.1,3165.7,64.76,1800.0,throttled=0x0,0.0,0.93,0,918
2026-07-07 14:33:32,test,1,320x240,30,0,42.8,49.0,32.0,37.4,52.9,3155.7,64.76,1800.0,throttled=0x0,0.5,0.97,0,895
2026-07-07 14:33:33,test,1,320x240,30,0,45.8,70.8,34.0,37.9,39.8,3156.3,65.24,1800.0,throttled=0x0,0.0,0.96,0,898
2026-07-07 14:33:34,test,1,320x240,30,0,45.8,70.8,37.5,35.0,37.3,3155.4,63.78,1800.0,throttled=0x0,0.0,0.96,0,895
2026-07-07 14:33:35,test,1,320x240,30,0,41.7,53.8,30.7,50.0,30.0,3154.4,64.76,1800.0,throttled=0x0,0.0,0.96,0,892
2026-07-07 14:33:36,test,1,320x240,30,0,41.3,33.7,32.7,65.4,31.4,3154.4,64.76,1800.0,throttled=0x0,0.0,0.97,0,892
2026-07-07 14:33:37,test,1,320x240,30,0,47.9,60.8,41.2,41.4,49.0,3154.9,65.24,1800.0,throttled=0x0,0.2,0.96,0,894
2026-07-07 14:33:38,test,1,320x240,30,0,65.9,67.6,66.7,71.6,57.0,3149.7,64.76,1800.0,throttled=0x0,0.0,0.96,0,892
2026-07-07 14:33:39,test,1,320x240,30,0,30.1,53.4,28.7,18.4,20.8,3150.9,64.76,1800.0,throttled=0x0,0.0,0.97,0,892
2026-07-07 14:33:40,test,1,320x240,30,0,25.7,20.6,50.5,14.9,17.3,3151.1,64.27,1800.0,throttled=0x0,0.0,0.98,0,892
2026-07-07 14:33:41,test,1,320x240,30,0,27.4,18.2,29.4,33.0,29.3,3151.3,64.76,1800.0,throttled=0x0,0.0,0.98,0,893
2026-07-07 14:33:42,test,1,320x240,30,0,33.3,32.0,37.4,35.0,28.4,3157.9,65.73,1800.0,throttled=0x0,0.2,0.98,0,896
2026-07-07 14:33:43,test,1,320x240,30,0,26.6,57.1,13.0,19.8,17.6,3158.2,63.78,1800.0,throttled=0x0,0.0,0.98,0,891
2026-07-07 14:33:44,test,1,320x240,30,0,27.3,34.0,13.9,20.4,40.4,3157.0,63.78,1800.0,throttled=0x0,0.0,0.98,0,891
2026-07-07 14:33:45,test,1,320x240,30,0,26.9,36.5,19.8,20.4,31.7,3154.7,63.78,1800.0,throttled=0x0,0.0,0.97,0,891
2026-07-07 14:33:46,test,1,320x240,30,0,26.1,15.6,20.6,14.0,52.5,3155.0,64.76,1800.0,throttled=0x0,0.0,0.98,0,891
2026-07-07 14:33:47,test,1,320x240,30,0,29.4,21.6,54.4,21.4,19.2,3155.8,65.73,1800.0,throttled=0x0,0.2,0.98,0,895
2026-07-07 14:33:48,test,1,320x240,30,0,28.7,22.0,55.2,16.0,19.8,3155.1,63.3,1800.0,throttled=0x0,0.0,0.97,0,892
2026-07-07 14:33:50,test,1,320x240,30,0,28.4,28.9,48.0,21.8,16.7,3154.9,63.78,1800.0,throttled=0x0,0.0,0.97,0,892
2026-07-07 14:33:51,test,1,320x240,30,0,27.7,44.0,27.9,18.0,21.4,3154.2,65.24,1800.0,throttled=0x0,0.0,0.98,0,892
2026-07-07 14:33:52,test,1,320x240,30,0,29.5,20.0,19.0,54.3,23.0,3154.2,63.3,1800.0,throttled=0x0,0.0,0.97,0,893
2026-07-07 14:33:53,test,1,320x240,30,0,29.4,36.7,23.5,37.9,18.6,3156.8,65.24,1800.0,throttled=0x0,0.2,0.98,0,896
2026-07-07 14:33:54,test,1,320x240,30,0,27.0,17.3,51.0,21.6,19.6,3157.1,63.3,1800.0,throttled=0x0,0.0,0.98,0,894
2026-07-07 14:33:55,test,1,320x240,30,0,28.8,20.2,28.6,30.3,35.6,3156.5,63.3,1800.0,throttled=0x0,0.0,0.98,0,895
2026-07-07 14:33:56,test,1,320x240,30,0,28.1,17.3,38.0,38.2,16.0,3155.7,63.3,1800.0,throttled=0x0,0.0,0.97,0,895
2026-07-07 14:33:57,test,1,320x240,30,0,26.4,19.8,17.3,48.0,23.6,3156.1,63.78,1800.0,throttled=0x0,0.0,0.98,0,895
2026-07-07 14:33:58,test,1,320x240,30,0,29.0,24.0,19.2,19.2,53.1,3157.1,63.78,1800.0,throttled=0x0,0.0,0.98,0,898
2026-07-07 14:33:59,test,1,320x240,30,0,27.7,19.6,19.0,16.0,54.8,3156.7,63.3,1800.0,throttled=0x0,0.2,0.98,0,894
2026-07-07 14:34:00,test,1,320x240,30,0,31.5,18.2,28.3,24.5,56.0,3153.7,63.78,1800.0,throttled=0x0,0.0,0.98,0,893
2026-07-07 14:34:01,test,1,320x240,30,0,26.4,27.6,25.3,16.8,36.3,3154.7,63.78,1800.0,throttled=0x0,0.0,0.98,0,891
2026-07-07 14:34:02,test,1,320x240,30,0,28.3,25.5,38.4,21.6,28.2,3154.7,63.3,1800.0,throttled=0x0,0.0,0.97,0,889
2026-07-07 14:34:03,test,1,320x240,30,0,30.0,43.4,35.9,22.0,16.3,3154.8,64.27,1800.0,throttled=0x0,0.0,0.98,0,891
2026-07-07 14:34:04,test,1,320x240,30,0,41.1,44.2,33.7,52.0,36.6,3158.3,62.81,1800.0,throttled=0x0,0.2,0.98,0,894
2026-07-07 14:34:05,test,1,320x240,30,0,48.9,45.1,45.0,60.6,43.4,3158.9,63.3,1800.0,throttled=0x0,0.0,0.98,0,914
2026-07-07 14:34:06,test,1,320x240,30,0,18.6,15.5,26.0,18.6,14.9,3159.4,63.3,1800.0,throttled=0x0,0.0,0.97,0,914
2026-07-07 14:34:07,test,1,320x240,30,0,11.5,10.5,11.5,9.0,14.9,3159.9,63.3,1800.0,throttled=0x0,0.0,0.98,0,914
2026-07-07 14:34:08,test,1,320x240,30,0,13.6,10.2,19.0,12.1,11.8,3161.8,63.3,1800.0,throttled=0x0,0.0,0.98,0,916
2026-07-07 14:34:09,test,1,320x240,30,0,11.6,13.4,12.9,8.0,12.0,3167.4,62.81,1800.0,throttled=0x0,0.0,0.97,0,913
2026-07-07 14:34:10,test,1,320x240,30,0,16.5,12.5,20.4,17.8,13.7,3165.7,62.32,900.0,throttled=0x0,0.0,0.98,0,913
2026-07-07 14:34:11,test,1,320x240,30,0,35.4,52.9,39.4,23.3,27.2,3162.7,62.81,1800.0,throttled=0x0,0.5,0.96,0,916
2026-07-07 14:34:12,test,1,320x240,30,0,17.0,12.5,17.6,23.0,14.7,3164.3,61.84,1800.0,throttled=0x0,0.5,0.98,0,916
2026-07-07 14:34:13,test,1,320x240,30,0,15.0,16.2,15.2,17.6,9.9,3165.8,61.35,1800.0,throttled=0x0,0.0,0.97,0,918
2026-07-07 14:34:14,test,1,320x240,30,0,14.1,12.5,8.0,19.4,14.7,3165.5,61.35,1800.0,throttled=0x0,0.0,0.98,0,915
2026-07-07 14:34:15,test,1,320x240,30,0,17.8,21.8,15.5,14.0,21.4,3165.2,61.35,1800.0,throttled=0x0,0.0,0.97,0,915
2026-07-07 14:34:16,test,1,320x240,30,0,14.7,18.0,14.9,10.9,15.2,3165.7,60.86,1800.0,throttled=0x0,0.0,0.98,0,915
2026-07-07 14:34:17,test,1,320x240,30,0,14.7,14.3,15.5,13.7,15.7,3165.9,61.84,1800.0,throttled=0x0,0.2,0.98,0,918
2026-07-07 14:34:18,test,1,320x240,30,0,13.1,13.3,15.0,12.6,10.9,3165.9,61.84,1800.0,throttled=0x0,0.0,0.98,0,914
2026-07-07 14:34:19,test,1,320x240,30,0,16.4,12.4,18.0,14.7,20.4,3166.0,61.84,1800.0,throttled=0x0,0.0,0.98,0,914
2026-07-07 14:34:20,test,1,320x240,30,0,11.0,14.3,7.9,8.9,13.7,3165.9,61.84,1800.0,throttled=0x0,0.0,0.98,0,914
2026-07-07 14:34:21,test,1,320x240,30,0,14.0,16.3,11.7,14.4,13.0,3166.3,61.35,1800.0,throttled=0x0,0.0,0.96,0,914
2026-07-07 14:34:22,test,1,320x240,30,0,13.3,16.0,12.7,15.8,9.2,3166.7,61.84,1800.0,throttled=0x0,0.3,0.98,0,917
2026-07-07 14:34:23,test,1,320x240,30,0,13.2,15.3,12.6,9.9,13.1,3166.5,61.35,1800.0,throttled=0x0,0.0,0.98,0,913
2026-07-07 14:34:24,test,1,320x240,30,0,10.5,11.2,10.9,7.1,15.5,3166.2,60.86,1800.0,throttled=0x0,0.0,0.98,0,913
2026-07-07 14:34:25,test,1,320x240,30,0,18.3,19.8,15.0,15.5,22.0,3165.9,59.89,800.0,throttled=0x0,0.0,0.96,0,918
2026-07-07 14:34:26,test,1,320x240,30,0,13.4,8.8,17.1,8.8,17.8,3166.2,61.35,1800.0,throttled=0x0,0.0,0.96,0,918
2026-07-07 14:34:27,test,1,320x240,30,0,13.5,11.9,17.2,11.0,13.7,3166.0,60.37,1800.0,throttled=0x0,0.0,0.98,0,921
2026-07-07 14:34:29,test,1,320x240,30,0,13.1,13.7,16.5,9.0,12.9,3163.9,59.4,1800.0,throttled=0x0,0.0,0.97,0,914
2026-07-07 14:34:30,test,1,320x240,30,0,13.1,10.7,14.9,14.9,10.9,3164.2,61.35,1800.0,throttled=0x0,0.0,0.98,0,915
2026-07-07 14:34:31,test,1,320x240,30,0,21.0,19.4,15.5,13.0,37.9,3165.0,58.91,800.0,throttled=0x0,0.0,0.97,0,915
2026-07-07 14:34:32,test,1,320x240,30,0,15.3,17.3,15.4,11.8,15.9,3165.9,57.45,1800.0,throttled=0x0,0.0,0.96,0,915
2026-07-07 14:34:33,test,1,320x240,30,0,14.1,14.1,11.0,17.1,13.0,3167.3,56.97,1800.0,throttled=0x0,0.0,0.98,0,918
2026-07-07 14:34:34,test,1,320x240,30,0,13.8,13.3,10.6,14.7,16.7,3167.2,57.45,1800.0,throttled=0x0,0.2,0.98,0,913
2026-07-07 14:34:35,test,1,320x240,30,0,14.9,14.9,18.8,9.0,18.6,3157.1,57.45,1800.0,throttled=0x0,0.2,0.98,0,889
2026-07-07 14:34:36,test,1,320x240,30,0,12.3,13.7,12.1,7.9,13.7,3157.3,56.48,800.0,throttled=0x0,0.0,0.97,0,889
2026-07-07 14:34:37,test,1,320x240,30,0,14.2,15.4,14.2,13.9,13.2,3158.0,56.97,1800.0,throttled=0x0,0.0,0.95,0,889
2026-07-07 14:34:38,test,1,320x240,30,0,12.4,9.0,13.7,13.7,14.3,3158.3,56.48,1800.0,throttled=0x0,0.0,0.98,0,891
2026-07-07 14:34:39,test,1,320x240,30,0,10.9,10.9,15.0,9.1,8.8,3158.0,56.97,1800.0,throttled=0x0,0.0,0.98,0,888
2026-07-07 14:34:40,test,1,320x240,30,0,11.8,9.9,13.5,15.8,7.8,3157.1,56.48,1800.0,throttled=0x0,3.2,0.98,0,888
2026-07-07 14:34:41,test,1,320x240,30,0,12.3,15.7,10.8,12.9,9.0,3157.4,56.48,800.0,throttled=0x0,0.0,0.98,0,887
2026-07-07 14:34:42,test,1,320x240,30,0,14.8,16.7,10.8,18.4,13.5,3157.3,55.99,1800.0,throttled=0x0,0.0,0.96,0,888
2026-07-07 14:34:43,test,1,320x240,30,0,13.9,14.4,14.4,15.8,11.0,3159.5,56.48,1800.0,throttled=0x0,0.0,0.98,0,890
2026-07-07 14:34:44,test,1,320x240,30,0,10.7,11.0,9.8,12.0,10.9,3160.1,56.97,1800.0,throttled=0x0,0.0,0.98,0,887
2026-07-07 14:34:45,test,1,320x240,30,0,11.2,11.0,11.0,11.9,10.8,3159.6,55.99,1800.0,throttled=0x0,0.2,0.98,0,887
2026-07-07 14:34:46,test,1,320x240,30,0,13.2,14.7,11.8,17.8,9.3,3159.9,55.99,1800.0,throttled=0x0,4.5,0.98,0,892
2026-07-07 14:34:47,test,1,320x240,30,0,14.7,12.4,14.6,12.5,17.5,3160.6,56.48,1800.0,throttled=0x0,0.0,0.95,0,892
2026-07-07 14:34:48,test,1,320x240,30,0,14.1,13.3,14.9,14.0,15.1,3163.0,55.99,1800.0,throttled=0x0,0.0,0.98,0,896
2026-07-07 14:34:49,test,1,320x240,30,0,11.4,5.9,15.7,14.7,9.0,3162.6,55.99,1800.0,throttled=0x0,0.0,0.98,0,893
2026-07-07 14:34:50,test,1,320x240,30,0,11.1,10.9,7.1,15.0,9.7,3162.8,55.99,1800.0,throttled=0x0,0.0,0.98,0,893
2026-07-07 14:34:51,test,1,320x240,30,0,11.6,6.0,17.3,12.9,11.9,3162.8,55.99,800.0,throttled=0x0,5.2,0.97,0,894
2026-07-07 14:34:52,test,1,320x240,30,0,16.0,12.4,21.6,17.5,12.4,3165.4,55.99,1800.0,throttled=0x0,3.1,0.96,0,898
2026-07-07 14:34:53,test,1,320x240,30,0,12.8,12.7,7.9,13.9,16.8,3165.8,56.48,1800.0,throttled=0x0,0.0,0.98,0,896
2026-07-07 14:34:54,test,1,320x240,30,0,11.1,10.7,7.1,9.1,17.5,3166.1,55.5,1800.0,throttled=0x0,0.0,0.98,0,896
2026-07-07 14:34:55,test,1,320x240,30,0,10.7,12.9,8.1,7.0,15.5,3166.8,55.99,1800.0,throttled=0x0,0.0,0.98,0,896
2026-07-07 14:34:56,test,1,320x240,30,0,13.0,14.7,12.6,15.7,8.9,3166.1,56.48,800.0,throttled=0x0,0.0,0.98,0,891
2026-07-07 14:34:57,test,1,320x240,30,0,16.8,15.2,18.7,16.5,15.2,3166.5,55.5,1800.0,throttled=0x0,0.2,0.96,0,894
2026-07-07 14:34:58,test,1,320x240,30,0,12.8,12.9,11.9,13.7,12.6,3165.8,55.99,1800.0,throttled=0x0,0.0,0.98,0,891
2026-07-07 14:34:59,test,1,320x240,30,0,13.1,11.7,15.5,15.5,9.8,3166.0,56.48,1800.0,throttled=0x0,0.0,0.97,0,890
2026-07-07 14:35:00,test,1,320x240,30,0,21.5,20.8,23.3,19.8,21.2,3168.1,55.99,1800.0,throttled=0x0,0.2,0.98,0,892
2026-07-07 14:35:01,test,1,320x240,30,0,20.4,26.5,15.0,14.9,25.7,3176.8,55.5,800.0,throttled=0x0,0.0,0.98,0,914
2026-07-07 14:35:02,test,1,320x240,30,0,17.1,16.3,20.2,13.6,18.3,3178.7,55.5,1800.0,throttled=0x0,0.0,0.94,0,917
2026-07-07 14:35:03,test,1,320x240,30,0,11.2,8.1,14.6,9.0,13.7,3179.7,56.48,1800.0,throttled=0x0,0.0,0.98,0,914
2026-07-07 14:35:04,test,1,320x240,30,0,16.2,11.1,17.3,15.7,19.6,3179.8,55.99,1800.0,throttled=0x0,0.0,0.98,0,914
2026-07-07 14:35:06,test,1,320x240,30,0,11.0,9.1,11.0,10.7,14.0,3180.8,55.5,1800.0,throttled=0x0,0.0,0.98,0,913
2026-07-07 14:35:07,test,1,320x240,30,0,15.2,14.9,20.6,14.9,10.1,3184.8,56.48,800.0,throttled=0x0,0.0,0.97,0,913
2026-07-07 14:35:08,test,1,320x240,30,0,14.7,11.8,16.7,12.0,18.3,3185.3,55.5,1800.0,throttled=0x0,0.0,0.96,0,916
2026-07-07 14:35:09,test,1,320x240,30,0,11.8,13.9,9.9,12.7,9.8,3185.9,55.02,1800.0,throttled=0x0,0.0,0.98,0,913
2026-07-07 14:35:10,test,1,320x240,30,0,10.7,8.2,12.6,15.8,6.0,3184.8,55.5,1800.0,throttled=0x0,0.0,0.98,0,913
2026-07-07 14:35:11,test,1,320x240,30,0,10.9,14.6,10.0,11.2,8.0,3184.3,55.99,1800.0,throttled=0x0,0.0,0.98,0,913
2026-07-07 14:35:12,test,1,320x240,30,0,12.0,12.6,9.1,14.4,12.0,3184.4,55.99,800.0,throttled=0x0,3.4,0.97,0,912
2026-07-07 14:35:13,test,1,320x240,30,0,15.5,14.6,18.1,14.7,12.6,3184.5,55.5,1800.0,throttled=0x0,0.0,0.96,0,915
2026-07-07 14:35:14,test,1,320x240,30,0,11.4,10.6,11.7,15.8,10.9,3183.7,55.5,1800.0,throttled=0x0,0.0,0.98,0,912
2026-07-07 14:35:15,test,1,320x240,30,0,10.8,8.0,14.9,9.9,8.8,3183.9,55.02,1800.0,throttled=0x0,0.0,0.98,0,912
2026-07-07 14:35:16,test,1,320x240,30,0,16.3,22.3,13.6,16.0,13.9,3183.6,55.5,1800.0,throttled=0x0,0.0,0.98,0,912
2026-07-07 14:35:17,test,1,320x240,30,0,10.9,11.0,8.9,12.9,10.0,3184.3,54.53,800.0,throttled=0x0,0.0,0.98,0,912
2026-07-07 14:35:18,test,1,320x240,30,0,14.7,16.5,15.2,16.3,12.4,3185.1,55.99,1800.0,throttled=0x0,0.0,0.96,0,914
2026-07-07 14:35:19,test,1,320x240,30,0,11.4,10.1,11.1,13.5,9.0,3185.0,55.5,1800.0,throttled=0x0,0.0,0.98,0,911
2026-07-07 14:35:20,test,1,320x240,30,0,12.3,13.9,12.5,13.6,8.9,3185.5,54.04,1800.0,throttled=0x0,0.0,0.97,0,911
2026-07-07 14:35:21,test,1,320x240,30,0,11.3,13.0,13.5,11.8,7.1,3184.9,55.5,1800.0,throttled=0x0,0.2,0.98,0,911
2026-07-07 14:35:22,test,1,320x240,30,0,22.9,23.3,29.7,21.6,18.8,3187.9,55.99,1100.0,throttled=0x0,0.0,0.97,0,912
2026-07-07 14:35:23,test,1,320x240,30,0,16.3,17.5,15.5,20.4,10.7,3188.9,55.02,1800.0,throttled=0x0,0.0,0.97,0,914
2026-07-07 14:35:24,test,1,320x240,30,0,12.5,15.7,11.1,13.6,9.7,3189.7,54.53,1800.0,throttled=0x0,0.0,0.98,0,910
2026-07-07 14:35:25,test,1,320x240,30,0,32.5,25.5,30.4,38.8,33.7,3199.5,55.5,1800.0,throttled=0x0,0.0,0.98,0,910
2026-07-07 14:35:26,test,1,320x240,30,0,11.6,13.0,11.8,12.7,9.1,3199.4,55.02,1800.0,throttled=0x0,0.2,0.98,0,910
2026-07-07 14:35:27,test,1,320x240,30,0,17.2,14.0,24.8,13.9,16.3,3201.7,55.02,800.0,throttled=0x0,0.0,0.98,0,912
2026-07-07 14:35:28,test,1,320x240,30,0,16.3,19.6,15.1,16.7,14.0,3201.8,55.99,1800.0,throttled=0x0,0.0,0.95,0,915
2026-07-07 14:35:29,test,1,320x240,30,0,12.8,14.7,13.9,11.8,11.8,3201.1,55.02,1800.0,throttled=0x0,0.0,0.98,0,913
2026-07-07 14:35:30,test,1,320x240,30,0,27.6,20.2,23.5,27.3,39.4,3200.6,55.5,1800.0,throttled=0x0,0.0,0.98,0,911
2026-07-07 14:35:31,test,1,320x240,30,0,13.1,18.0,11.1,10.8,11.7,3200.0,55.02,1800.0,throttled=0x0,0.0,0.98,0,911
2026-07-07 14:35:32,test,1,320x240,30,0,16.3,21.6,18.0,11.9,11.9,3191.1,54.53,800.0,throttled=0x0,0.2,0.98,0,891
2026-07-07 14:35:33,test,1,320x240,30,0,19.7,14.6,19.0,22.5,25.0,3177.2,55.99,1800.0,throttled=0x0,0.0,0.95,0,866
2026-07-07 14:35:34,test,1,320x240,30,0,14.2,14.0,10.0,16.5,16.3,3178.2,55.5,1800.0,throttled=0x0,0.0,0.98,0,866
2026-07-07 14:35:35,test,1,320x240,30,0,13.1,9.9,14.7,12.7,13.9,3178.2,55.99,1800.0,throttled=0x0,0.0,0.97,0,866
2026-07-07 14:35:36,test,1,320x240,30,0,11.4,11.9,11.9,13.1,9.7,3177.6,55.02,1800.0,throttled=0x0,0.0,0.98,0,866
2026-07-07 14:35:37,test,1,320x240,30,0,19.9,16.5,23.1,24.3,16.5,3177.8,55.5,800.0,throttled=0x0,0.2,0.97,0,868
2026-07-07 14:35:38,test,1,320x240,30,0,13.9,14.4,10.7,13.5,15.4,3176.3,54.53,1800.0,throttled=0x0,0.0,0.95,0,865
2026-07-07 14:35:39,test,1,320x240,30,0,15.6,15.7,19.6,13.0,15.0,3176.1,55.5,1800.0,throttled=0x0,0.0,0.98,0,865
2026-07-07 14:35:40,test,1,320x240,30,0,46.4,49.5,46.5,46.5,42.0,3175.6,55.99,1800.0,throttled=0x0,0.0,0.98,0,864
2026-07-07 14:35:42,test,1,320x240,30,0,17.6,20.0,17.8,17.8,14.1,3176.0,55.02,1800.0,throttled=0x0,0.0,0.97,0,865
2026-07-07 14:35:43,test,1,320x240,30,0,15.7,17.0,16.0,14.9,16.7,3177.9,55.99,900.0,throttled=0x0,0.5,0.98,0,868
2026-07-07 14:35:44,test,1,320x240,30,0,14.5,14.9,12.7,15.4,14.7,3178.4,55.99,1800.0,throttled=0x0,0.0,0.96,0,865
2026-07-07 14:35:45,test,1,320x240,30,0,11.1,14.3,8.1,11.8,8.8,3178.4,55.02,1800.0,throttled=0x0,0.0,0.98,0,865
2026-07-07 14:35:46,test,1,320x240,30,0,40.7,42.3,33.7,37.6,49.5,3146.3,56.48,1800.0,throttled=0x0,0.0,0.98,0,865
2026-07-07 14:35:47,test,1,320x240,30,0,11.3,14.1,10.7,8.0,13.3,3145.3,55.5,1800.0,throttled=0x0,0.0,0.98,0,865
2026-07-07 14:35:48,test,1,320x240,30,0,14.0,16.3,10.0,17.6,11.9,3145.5,54.53,1800.0,throttled=0x0,0.0,0.98,0,869
2026-07-07 14:35:49,test,1,320x240,30,0,13.6,13.7,15.0,15.5,9.8,3144.3,55.02,1800.0,throttled=0x0,0.2,0.96,0,866
2026-07-07 14:35:50,test,1,320x240,30,0,10.7,13.1,8.8,12.1,9.0,3142.6,54.53,1800.0,throttled=0x0,0.0,0.98,0,866
2026-07-07 14:35:51,test,1,320x240,30,0,11.2,9.2,13.6,10.9,11.8,3143.0,55.02,1800.0,throttled=0x0,0.0,0.98,0,866
2026-07-07 14:35:52,test,1,320x240,30,0,12.9,9.1,11.0,14.0,15.8,3143.2,55.02,1800.0,throttled=0x0,0.0,0.98,0,867
2026-07-07 14:35:53,test,1,320x240,30,0,36.3,35.3,35.3,37.0,37.5,3145.3,55.5,800.0,throttled=0x0,0.0,0.95,0,871
2026-07-07 14:35:54,test,1,320x240,30,0,37.9,38.2,33.0,44.1,37.3,3144.8,56.48,1800.0,throttled=0x0,0.0,0.92,0,868
2026-07-07 14:35:55,test,1,320x240,30,0,19.7,17.2,21.0,20.6,19.8,3147.2,55.02,1800.0,throttled=0x0,0.0,0.97,0,868
2026-07-07 14:35:56,test,1,320x240,30,0,22.3,24.0,25.0,18.0,20.8,3149.9,55.5,1800.0,throttled=0x0,0.0,0.97,0,868
2026-07-07 14:35:57,test,1,320x240,30,0,24.9,28.8,22.5,22.2,26.2,3150.1,55.99,1800.0,throttled=0x0,0.0,0.97,0,868
2026-07-07 14:35:58,test,1,320x240,30,0,28.3,29.3,28.0,31.1,23.5,3151.3,55.99,1000.0,throttled=0x0,1.0,0.97,0,872
2026-07-07 14:35:59,test,1,320x240,30,0,23.2,26.7,22.5,20.0,24.5,3150.8,55.5,1800.0,throttled=0x0,0.0,0.94,0,868
2026-07-07 14:36:00,test,1,320x240,30,0,20.6,26.3,18.0,19.0,19.8,3152.6,55.02,1800.0,throttled=0x0,0.0,0.97,0,867
2026-07-07 14:36:01,test,1,320x240,30,0,21.6,21.8,18.4,24.0,21.8,3152.3,56.48,1800.0,throttled=0x0,0.0,0.97,0,866
2026-07-07 14:36:02,test,1,320x240,30,0,55.2,58.7,50.5,58.5,52.8,3118.7,56.48,1800.0,throttled=0x0,0.0,0.94,0,868
2026-07-07 14:36:03,test,1,320x240,30,0,24.6,25.5,21.6,24.2,27.9,3117.5,55.5,1800.0,throttled=0x0,0.0,0.97,0,865
2026-07-07 14:36:04,test,1,320x240,30,0,20.9,23.8,20.2,19.6,18.2,3116.3,55.99,1800.0,throttled=0x0,0.2,0.97,0,864
2026-07-07 14:36:05,test,1,320x240,30,0,20.5,24.5,18.0,20.2,21.2,3115.7,55.5,1800.0,throttled=0x0,0.0,0.96,0,864
2026-07-07 14:36:06,test,1,320x240,30,0,21.9,20.8,21.6,19.8,25.0,3114.4,55.5,1800.0,throttled=0x0,0.0,0.97,0,864
2026-07-07 14:36:07,test,1,320x240,30,0,24.7,26.7,25.5,24.5,22.0,3114.9,56.48,1800.0,throttled=0x0,0.0,0.97,0,867
2026-07-07 14:36:08,test,1,320x240,30,0,24.9,26.9,24.5,24.0,24.2,3114.5,56.97,1800.0,throttled=0x0,0.0,0.97,0,864
2026-07-07 14:36:09,test,1,320x240,30,0,22.7,20.6,19.6,24.3,25.2,3114.6,55.5,1800.0,throttled=0x0,0.0,0.96,0,864
2026-07-07 14:36:10,test,1,320x240,30,0,33.5,33.3,35.9,30.7,35.0,3115.3,56.97,1800.0,throttled=0x0,0.0,0.97,0,864
2026-07-07 14:36:12,test,1,320x240,30,0,45.8,45.3,47.7,42.6,46.7,3111.8,56.48,1800.0,throttled=0x0,0.0,0.92,0,863
2026-07-07 14:36:13,test,1,320x240,30,0,24.0,25.2,25.3,25.5,21.2,3113.6,56.97,1800.0,throttled=0x0,0.0,0.97,0,866
2026-07-07 14:36:14,test,1,320x240,30,0,24.3,21.2,27.7,22.8,25.0,3113.9,56.97,1200.0,throttled=0x0,0.0,0.97,0,863
2026-07-07 14:36:15,test,1,320x240,30,0,22.5,22.9,24.5,22.6,20.6,3112.7,55.99,1800.0,throttled=0x0,0.0,0.96,0,863
2026-07-07 14:36:16,test,1,320x240,30,0,20.9,22.8,21.2,16.0,22.2,3112.6,56.48,1800.0,throttled=0x0,0.2,0.97,0,863
2026-07-07 14:36:17,test,1,320x240,30,0,19.5,22.8,23.0,15.8,17.2,3113.2,57.45,1800.0,throttled=0x0,0.0,0.98,0,864
2026-07-07 14:36:18,test,1,320x240,30,0,21.9,27.5,18.0,19.4,22.5,3115.8,55.99,1800.0,throttled=0x0,0.0,0.98,0,866
2026-07-07 14:36:19,test,1,320x240,30,0,19.5,22.1,20.6,19.2,17.2,3115.9,56.48,900.0,throttled=0x0,0.0,0.97,0,863
2026-07-07 14:36:20,test,1,320x240,30,0,22.4,19.8,22.8,20.4,25.2,3115.8,55.99,1800.0,throttled=0x0,0.0,0.95,0,863
2026-07-07 14:36:21,test,1,320x240,30,0,19.5,20.2,18.8,22.0,17.2,3116.2,55.99,1800.0,throttled=0x0,0.0,0.97,0,863
2026-07-07 14:36:22,test,1,320x240,30,0,21.6,22.5,18.8,19.0,26.0,3116.9,55.99,1800.0,throttled=0x0,0.0,0.97,0,862
2026-07-07 14:36:23,test,1,320x240,30,0,21.0,21.0,23.5,17.6,21.8,3117.6,56.48,1800.0,throttled=0x0,0.0,0.97,0,865
2026-07-07 14:36:24,test,1,320x240,30,0,21.4,19.2,25.0,21.6,19.8,3118.2,56.97,900.0,throttled=0x0,0.0,0.97,0,861
2026-07-07 14:36:25,test,1,320x240,30,0,21.9,18.8,26.2,18.8,25.0,3117.7,56.48,1800.0,throttled=0x0,0.0,0.95,0,862
2026-07-07 14:36:26,test,1,320x240,30,0,20.3,19.2,24.0,20.0,17.2,3117.8,56.97,1800.0,throttled=0x0,0.2,0.97,0,862
2026-07-07 14:36:27,test,1,320x240,30,0,21.3,24.8,21.6,18.6,18.4,3117.8,55.99,1800.0,throttled=0x0,0.0,0.96,0,862
2026-07-07 14:36:28,test,1,320x240,30,0,24.1,26.9,24.3,18.6,28.4,3119.5,55.99,1800.0,throttled=0x0,0.0,0.97,0,865
2026-07-07 14:36:29,test,1,320x240,30,0,25.7,28.4,21.6,28.0,25.2,3119.5,55.5,1800.0,throttled=0x0,0.0,0.97,0,863
2026-07-07 14:36:30,test,1,320x240,30,0,26.7,25.5,27.5,26.2,26.5,3119.5,56.48,1800.0,throttled=0x0,0.0,0.97,0,865
2026-07-07 14:36:31,test,1,320x240,30,0,23.9,21.9,22.8,25.2,27.5,3120.2,54.53,1800.0,throttled=0x0,0.0,0.96,0,865
2026-07-07 14:36:32,test,1,320x240,30,0,24.6,22.5,19.4,25.3,27.5,3121.7,56.48,1800.0,throttled=0x0,0.0,0.97,0,867
2026-07-07 14:36:33,test,1,320x240,30,0,21.3,24.5,18.8,22.5,20.2,3122.0,55.99,1800.0,throttled=0x0,0.0,0.97,0,864
2026-07-07 14:36:34,test,1,320x240,30,0,21.8,18.0,25.5,25.2,19.8,3121.4,56.48,1100.0,throttled=0x0,0.0,0.97,0,864
2026-07-07 14:36:35,test,1,320x240,30,0,24.4,28.8,24.5,22.9,21.8,3120.6,55.99,1800.0,throttled=0x0,0.0,0.95,0,864
2026-07-07 14:36:36,test,1,320x240,30,0,19.8,22.2,20.0,19.8,16.8,3120.6,56.48,1800.0,throttled=0x0,0.0,0.97,0,864
2026-07-07 14:36:37,test,1,320x240,30,0,23.5,22.1,29.4,21.8,21.2,3121.9,55.5,1800.0,throttled=0x0,0.0,0.97,0,867
2026-07-07 14:36:38,test,1,320x240,30,0,21.2,22.0,18.6,22.5,21.0,3121.3,55.5,1800.0,throttled=0x0,0.0,0.97,0,864
2026-07-07 14:36:39,test,1,320x240,30,0,29.8,29.7,28.7,26.5,33.0,3121.8,55.5,900.0,throttled=0x0,0.2,0.97,0,871
2026-07-07 14:36:40,test,1,320x240,30,0,32.9,42.9,26.4,29.1,33.6,3129.7,56.48,1800.0,throttled=0x0,0.0,0.95,0,893
2026-07-07 14:36:42,test,1,320x240,30,0,22.2,25.0,24.0,19.2,18.8,3130.4,55.99,1800.0,throttled=0x0,0.0,0.97,0,894
2026-07-07 14:36:43,test,1,320x240,30,0,26.6,31.4,27.2,20.4,27.2,3132.6,55.5,1800.0,throttled=0x0,0.0,0.97,0,897
2026-07-07 14:36:44,test,1,320x240,30,0,23.0,24.3,19.8,23.5,25.0,3133.6,54.53,1800.0,throttled=0x0,0.0,0.97,0,894
2026-07-07 14:36:45,test,1,320x240,30,0,22.7,22.0,23.5,21.0,24.0,3133.9,56.48,1200.0,throttled=0x0,0.2,0.97,0,893
2026-07-07 14:36:46,test,1,320x240,30,0,26.8,27.9,27.9,28.3,23.5,3135.3,57.45,1800.0,throttled=0x0,0.0,0.95,0,892
2026-07-07 14:36:47,test,1,320x240,30,0,21.3,19.6,19.6,24.0,22.8,3136.2,55.02,1800.0,throttled=0x0,0.0,0.97,0,892
2026-07-07 14:36:48,test,1,320x240,30,0,23.7,25.7,23.0,26.5,19.0,3136.7,55.5,1800.0,throttled=0x0,0.0,0.97,0,896
2026-07-07 14:36:49,test,1,320x240,30,0,20.3,20.4,17.8,24.5,18.2,3136.3,55.5,1800.0,throttled=0x0,0.0,0.97,0,893
2026-07-07 14:36:50,test,1,320x240,30,0,20.1,20.4,22.5,20.0,18.2,3136.3,55.02,900.0,throttled=0x0,0.2,0.97,0,893
2026-07-07 14:36:51,test,1,320x240,30,0,24.0,23.0,27.9,20.8,24.0,3136.8,55.5,1800.0,throttled=0x0,0.0,0.96,0,893
2026-07-07 14:36:52,test,1,320x240,30,0,26.1,28.4,26.5,24.5,24.8,3136.0,56.48,1800.0,throttled=0x0,0.0,0.97,0,894
2026-07-07 14:36:53,test,1,320x240,30,0,23.4,24.8,23.0,26.0,21.6,3136.2,55.99,1800.0,throttled=0x0,0.0,0.96,0,898
2026-07-07 14:36:54,test,1,320x240,30,0,23.9,23.5,21.0,23.8,25.0,3136.5,56.48,1800.0,throttled=0x0,0.0,0.97,0,895
2026-07-07 14:36:55,test,1,320x240,30,0,37.3,40.6,33.0,40.8,35.6,3141.1,55.02,900.0,throttled=0x0,0.0,0.97,0,895
2026-07-07 14:36:56,test,1,320x240,30,0,29.8,35.0,28.4,25.3,30.2,3141.1,56.48,1800.0,throttled=0x0,0.0,0.95,0,895
2026-07-07 14:36:57,test,1,320x240,30,0,33.8,34.3,33.7,34.6,32.0,3140.9,56.97,1800.0,throttled=0x0,0.0,0.96,0,895
2026-07-07 14:36:58,test,1,320x240,30,0,38.8,38.2,36.9,41.0,39.0,3141.1,56.48,1800.0,throttled=0x0,0.0,0.95,0,898
2026-07-07 14:36:59,test,1,320x240,30,0,19.9,23.2,17.8,19.8,20.4,3143.2,56.48,1800.0,throttled=0x0,0.0,0.97,0,894
2026-07-07 14:37:00,test,1,320x240,30,0,25.6,27.2,22.8,28.4,22.8,3142.8,55.99,1100.0,throttled=0x0,0.0,0.97,0,893
2026-07-07 14:37:01,test,1,320x240,30,0,27.3,26.9,28.8,23.0,30.2,3143.7,55.99,1800.0,throttled=0x0,0.0,0.95,0,893
2026-07-07 14:37:02,test,1,320x240,30,0,52.7,59.3,50.0,54.8,47.2,3144.8,56.97,1800.0,throttled=0x0,0.0,0.93,0,896
2026-07-07 14:37:03,test,1,320x240,30,0,25.6,27.6,25.0,22.8,28.0,3145.9,55.99,1800.0,throttled=0x0,0.5,0.97,0,893
2026-07-07 14:37:04,test,1,320x240,30,0,19.7,21.2,18.8,21.2,17.0,3146.7,56.48,1800.0,throttled=0x0,0.0,0.97,0,893
2026-07-07 14:37:05,test,1,320x240,30,0,42.8,43.0,45.5,42.6,39.6,3148.1,57.45,1000.0,throttled=0x0,0.0,0.96,0,894
2026-07-07 14:37:06,test,1,320x240,30,0,34.1,36.8,33.3,31.7,34.3,3147.9,56.97,1800.0,throttled=0x0,0.0,0.95,0,894
2026-07-07 14:37:07,test,1,320x240,30,0,25.6,32.4,20.4,24.0,24.0,3152.1,56.48,1800.0,throttled=0x0,0.0,0.96,0,897
2026-07-07 14:37:08,test,1,320x240,30,0,20.1,25.5,22.3,14.3,19.8,3148.8,55.99,1800.0,throttled=0x0,0.0,0.97,0,894
2026-07-07 14:37:10,test,1,320x240,30,0,49.3,46.5,54.5,46.5,49.5,3138.9,56.97,1800.0,throttled=0x0,0.0,0.97,0,892
2026-07-07 14:37:11,test,1,320x240,30,0,22.6,20.2,22.5,25.0,22.3,3139.4,56.97,1100.0,throttled=0x0,0.0,0.97,0,892
2026-07-07 14:37:12,test,1,320x240,30,0,24.4,25.5,23.3,24.3,25.0,3139.5,56.48,1800.0,throttled=0x0,0.0,0.96,0,891
2026-07-07 14:37:13,test,1,320x240,30,0,23.8,23.8,24.0,22.5,25.7,3138.2,56.97,1800.0,throttled=0x0,0.0,0.97,0,894
2026-07-07 14:37:14,test,1,320x240,30,0,21.2,19.0,24.3,18.8,22.5,3138.7,56.97,1800.0,throttled=0x0,0.0,0.97,0,891
2026-07-07 14:37:15,test,1,320x240,30,0,23.8,23.8,23.0,23.0,23.2,3139.4,56.97,1800.0,throttled=0x0,0.0,0.98,0,891
2026-07-07 14:37:16,test,1,320x240,30,0,26.1,27.7,24.5,23.2,29.9,3139.1,56.97,900.0,throttled=0x0,0.0,0.96,0,890
2026-07-07 14:37:17,test,1,320x240,30,0,33.6,32.7,31.7,37.4,32.4,3139.7,57.45,1800.0,throttled=0x0,0.0,0.94,0,890
2026-07-07 14:37:18,test,1,320x240,30,0,29.7,31.0,26.7,32.0,28.2,3141.7,56.48,1800.0,throttled=0x0,0.0,0.96,0,892
2026-07-07 14:37:19,test,1,320x240,30,0,38.0,37.6,38.1,42.5,35.6,3142.2,56.97,1800.0,throttled=0x0,2.2,0.95,0,889
2026-07-07 14:37:20,test,1,320x240,30,0,23.1,22.1,23.5,20.6,23.8,3142.6,56.48,1800.0,throttled=0x0,1.0,0.96,0,889
2026-07-07 14:37:21,test,1,320x240,30,0,22.8,22.8,22.0,20.2,25.5,3141.8,56.48,1000.0,throttled=0x0,0.0,0.97,0,889
2026-07-07 14:37:22,test,1,320x240,30,0,24.8,24.3,30.8,22.0,21.6,3141.1,56.48,1800.0,throttled=0x0,0.0,0.95,0,888
2026-07-07 14:37:23,test,1,320x240,30,0,24.7,24.2,26.0,25.2,24.5,3140.7,55.99,1800.0,throttled=0x0,0.0,0.97,0,891
2026-07-07 14:37:24,test,1,320x240,30,0,20.4,18.8,17.0,21.6,23.3,3140.7,56.48,1800.0,throttled=0x0,0.0,0.96,0,888
2026-07-07 14:37:25,test,1,320x240,30,0,20.1,26.5,20.4,16.8,17.8,3140.7,55.99,1800.0,throttled=0x0,0.2,0.97,0,888
2026-07-07 14:37:26,test,1,320x240,30,0,23.1,25.5,26.9,18.6,20.6,3140.7,56.48,1800.0,throttled=0x0,0.0,0.97,0,888
2026-07-07 14:37:27,test,1,320x240,30,0,30.1,33.3,31.7,28.0,27.0,3139.3,57.94,1800.0,throttled=0x0,0.0,0.97,0,890
2026-07-07 14:37:28,test,1,320x240,30,0,44.0,46.0,45.2,43.3,43.3,3141.0,56.48,1800.0,throttled=0x0,0.0,0.95,0,888
2026-07-07 14:37:29,test,1,320x240,30,0,24.3,20.2,23.0,26.9,24.0,3140.9,55.99,1800.0,throttled=0x0,0.0,0.97,0,889
2026-07-07 14:37:30,test,1,320x240,30,0,31.4,32.7,30.1,35.9,27.3,3141.5,57.45,1800.0,throttled=0x0,0.0,0.97,0,891
2026-07-07 14:37:31,test,1,320x240,30,0,41.8,39.8,39.6,41.6,47.2,3141.7,56.97,1100.0,throttled=0x0,0.0,0.95,0,891
2026-07-07 14:37:32,test,1,320x240,30,0,36.7,36.3,35.6,36.9,37.6,3134.5,57.94,1800.0,throttled=0x0,0.5,0.96,0,871
2026-07-07 14:37:33,test,1,320x240,30,0,30.9,33.0,30.4,28.4,31.7,3133.7,57.94,1800.0,throttled=0x0,0.0,0.97,0,868
2026-07-07 14:37:34,test,1,320x240,30,0,29.1,35.0,28.2,26.0,27.7,3133.2,56.48,1800.0,throttled=0x0,0.0,0.96,0,868
2026-07-07 14:37:35,test,1,320x240,30,0,25.5,26.7,22.8,29.4,22.2,3133.4,57.45,1800.0,throttled=0x0,0.0,0.97,0,867
2026-07-07 14:37:36,test,1,320x240,30,0,44.6,43.4,43.0,40.2,51.0,3139.5,57.45,1000.0,throttled=0x0,0.0,0.97,0,867
